// fc1 drained weight sums, int32
// (10, 20, 128) -> 25600 values, 8 hex digits
ffffff5c
fffffe98
fffffe91
ffffff5e
000000ae
ffffffcf
fffffef6
00000079
0000019a
ffffffea
000000fb
0000021c
00000094
000002cd
ffffff3e
00000082
00000068
ffffff13
0000005a
fffffff9
000000c0
fffffeef
ffffff44
ffffff32
fffffdab
fffffd5a
fffffe30
fffffdc2
0000005a
0000015f
00000010
00000036
fffffe28
00000112
fffffedc
fffffcc3
00000048
00000035
ffffff08
fffffea4
fffffede
00000002
ffffff41
000000fb
000000f2
00000046
0000009b
ffffffce
fffffe6f
00000044
ffffff70
0000010d
000001a7
000000ef
00000230
000001dd
0000008c
fffffeea
ffffff32
ffffff74
ffffffaf
ffffff66
0000007d
ffffff1c
fffffddb
fffffd72
ffffff08
00000090
0000012c
0000009e
fffffee0
00000148
fffffddf
0000013e
fffffffb
fffffe00
fffffda7
00000035
ffffffda
ffffffb2
fffffd94
fffffdfa
000000b2
ffffff7c
fffffe36
ffffff83
fffffdae
00000001
fffffe49
fffffe4f
fffffe68
ffffff01
00000017
00000003
00000121
fffffece
000000ea
fffffe67
00000143
fffffe63
ffffff4c
000001cb
000001e9
fffffe8a
00000185
000000ae
ffffff2f
0000010a
fffffe9f
fffffe5f
ffffff25
00000027
fffffd56
ffffffa0
ffffff28
ffffff0f
fffffe9b
ffffff65
0000000f
ffffff66
fffffece
ffffffb3
fffffe8d
0000006f
ffffff78
ffffffaf
fffffe53
ffffff8c
ffffff17
fffffed6
fffffeb5
00000058
000000f6
ffffffc2
fffffe33
00000019
000001b9
ffffffb6
000000ba
00000220
000000d0
000002a8
fffffef5
0000007b
00000062
ffffff40
ffffffcd
0000004e
000000a2
fffffe4d
ffffff77
ffffff76
fffffdb6
fffffdba
fffffd44
fffffd37
000000bd
000000f7
fffffff1
0000002f
fffffe54
000000e6
fffffeac
fffffd05
0000000a
00000077
fffffecd
fffffe8d
fffffe29
0000000e
ffffff14
000000be
000001a1
0000003f
000000b2
ffffff80
fffffe14
ffffffc2
ffffff19
00000114
000001e1
000000d5
000002ff
000001fa
00000079
fffffdec
fffffec0
ffffff1d
ffffffa4
ffffffb8
0000009a
fffffeec
fffffdd6
fffffce3
fffffea4
00000063
0000009c
00000096
fffffef4
0000016b
fffffcf3
000001a2
ffffff72
fffffd43
fffffe06
ffffffbd
0000000e
ffffff89
fffffdc0
fffffe51
00000087
0000001f
fffffe70
ffffff04
fffffdae
fffffff2
fffffdbc
fffffd66
fffffe21
fffffe84
ffffffc3
ffffffc9
00000114
00000020
00000098
fffffe6c
00000166
fffffd6e
ffffff8e
000001d1
00000255
fffffeac
0000016d
000000df
fffffea6
000000c6
fffffec1
fffffe44
ffffff93
00000008
fffffdcc
ffffffbe
fffffefe
ffffff32
fffffe97
ffffff56
ffffffb3
ffffff51
fffffecd
ffffff6e
fffffeb3
0000003d
fffffee2
ffffff89
fffffe2c
ffffff42
ffffffa5
fffffeda
fffffea1
00000041
00000075
00000045
fffffeef
00000020
00000192
00000012
000000fc
000001bc
00000043
0000024f
ffffff81
00000083
00000013
ffffff92
0000009e
00000068
00000135
ffffff44
ffffffb4
fffffe77
fffffe1f
fffffd1c
fffffe14
fffffdb8
00000068
0000008a
00000045
00000009
fffffde6
00000111
fffffeb4
fffffd4b
0000003c
00000024
fffffed0
fffffe93
fffffe92
0000003c
ffffffd0
000000e9
00000104
00000051
00000088
00000003
fffffeca
00000024
ffffff5d
000000f9
0000015d
000000f0
00000297
000001d9
ffffffe4
fffffe7d
fffffedf
ffffff32
ffffffad
ffffffb6
0000009b
ffffff17
fffffdf5
fffffd14
fffffea1
00000056
000000d9
000000d8
ffffff22
0000011e
fffffe17
00000115
ffffff96
fffffe07
fffffe6c
ffffffea
ffffffa1
ffffffa7
fffffd88
fffffdc7
00000084
ffffff12
fffffe46
ffffffb1
fffffdbe
00000012
fffffe83
fffffe1c
fffffe0f
ffffff57
00000051
ffffffc2
000000f4
ffffffac
000000c5
ffffff09
000000e8
fffffdfe
ffffff69
000001b8
00000205
fffffe6d
0000018d
00000063
fffffeee
0000006f
fffffed5
fffffea6
fffffef9
00000015
fffffe1c
ffffff8c
ffffff08
ffffff4c
fffffed9
ffffff92
00000015
ffffff57
fffffede
ffffff8f
fffffe87
00000046
fffffedc
ffffffcb
fffffe2f
ffffff8e
ffffff70
fffffec4
fffffead
ffffffb9
000000b7
00000044
fffffed7
00000061
00000119
ffffffce
000000a2
000001d9
00000060
000002ab
ffffff8d
00000037
ffffffd0
ffffff66
0000001f
0000003f
000000ea
fffffec5
ffffff12
ffffff4f
fffffe7d
fffffd46
fffffdba
fffffd43
000000a4
000000bc
00000002
00000043
fffffea6
000000e6
ffffff08
fffffd8e
0000002d
00000066
ffffff5c
fffffeb8
ffffff1c
00000099
ffffff1c
000000cf
00000149
0000003b
00000086
ffffff92
fffffe81
00000026
ffffff3b
0000008c
000001c3
00000112
00000239
000001cc
0000001d
fffffe28
ffffff27
ffffff9d
ffffffba
ffffff7a
00000063
fffffefe
fffffe2b
fffffd1d
fffffec3
00000072
00000124
000000df
ffffff1b
000000d8
fffffdd4
00000139
ffffffef
fffffd88
fffffdf8
0000001b
ffffffe5
ffffff6f
fffffdec
fffffe3f
000000f6
ffffffb0
fffffea1
ffffff46
fffffe2e
0000003b
fffffe90
fffffdb4
fffffe6a
fffffeb9
0000002d
ffffffea
0000011d
ffffff4f
00000093
fffffed6
00000164
fffffdd9
ffffffb6
000001e7
00000202
fffffec8
00000138
00000097
ffffff72
000000c9
ffffff03
fffffe73
fffffec4
0000002b
fffffe56
ffffffb4
ffffff34
ffffff0c
fffffe5d
ffffff0d
ffffffbb
ffffff91
fffffec3
ffffffcf
fffffe22
0000007f
fffffe87
ffffffbf
fffffe19
fffffff3
ffffff8b
fffffe90
fffffebb
0000004a
00000111
00000047
fffffee9
000000da
0000015f
00000017
000000dc
000001de
00000042
000001e9
ffffff32
000000eb
0000006b
ffffffc6
0000009b
00000078
00000074
fffffeab
ffffffff
ffffff6e
fffffe2d
fffffd2f
fffffe69
fffffdb0
000000e3
000000c7
00000071
0000006c
fffffe6c
000000d9
ffffff28
fffffd82
fffffffd
00000075
fffffee3
fffffec2
fffffe51
ffffffcb
00000015
0000007e
0000012a
ffffffe7
000000e7
ffffffe7
fffffe39
00000029
ffffff86
0000013f
00000182
000000d3
00000293
000001ae
00000080
fffffe7b
ffffff0b
ffffff27
00000008
ffffff48
000000b6
ffffff5e
fffffde6
fffffd43
fffffedc
0000004c
000000c1
0000009b
ffffff10
0000014e
fffffe1c
000000d9
fffffff1
fffffe04
fffffe18
ffffffce
0000000b
fffffffd
fffffe44
fffffe15
00000042
ffffffc9
fffffe56
ffffff7c
fffffe05
0000005c
fffffeb0
fffffe45
fffffe65
ffffff14
ffffffb0
00000013
0000005c
ffffff72
000000c9
fffffe5a
00000122
fffffdf0
ffffff93
000001de
000001c7
fffffef8
0000014c
00000075
ffffff44
00000070
fffffeff
fffffe64
ffffff65
00000030
fffffe0c
00000040
ffffff4a
ffffff1a
ffffff2a
ffffffb6
0000000f
ffffff7f
fffffed1
ffffff60
fffffea3
000000dc
fffffed7
00000005
fffffdf9
ffffffad
fffffffc
fffffea8
fffffea0
0000002a
000000ac
0000003a
fffffe8d
0000004d
000001a2
fffffffb
000000bf
000001e6
0000007a
00000265
ffffff0d
0000003a
0000001a
ffffff54
00000066
ffffffe8
000000e7
fffffe6a
00000001
fffffefc
fffffe00
fffffd4c
fffffe3e
fffffdbb
000000b2
000000c1
00000025
00000010
fffffedf
00000145
ffffff01
fffffce8
00000022
0000003d
fffffe79
fffffe92
fffffeff
fffffff1
ffffff55
000000f4
00000149
00000029
00000067
fffffffd
fffffed2
ffffffe6
ffffff36
000000fc
000001f0
0000014e
00000299
000001f7
00000006
fffffea1
fffffeb6
ffffff32
ffffffa3
ffffffad
00000097
fffffed9
fffffe38
fffffd0b
fffffeca
00000012
00000103
000000ae
ffffff35
00000113
fffffda5
0000012f
ffffffc4
fffffde2
fffffe39
fffffffd
ffffffb2
ffffff8c
fffffddd
fffffdf3
00000054
ffffff6f
fffffdee
ffffff29
fffffd7c
fffffffc
fffffdfc
fffffe05
fffffe2e
ffffff22
00000014
00000010
00000113
ffffffe2
000000ec
fffffee7
0000013d
fffffe49
ffffff22
000001f3
0000022e
fffffe7d
000001c8
000000a0
fffffeab
00000096
fffffeb2
fffffea3
ffffffe5
0000004d
fffffdfd
ffffff90
ffffff47
ffffff4e
fffffea2
ffffff93
ffffffe7
ffffff66
fffffeea
ffffff77
fffffe76
00000009
fffffe9b
0000000b
fffffdf0
ffffff84
ffffff6c
fffffde3
fffffe63
00000037
000000fa
00000088
fffffe55
00000056
00000153
ffffff98
00000046
00000290
00000031
00000291
fffffee2
00000078
00000017
ffffffd2
00000002
ffffffd9
0000010c
fffffe10
ffffff5b
fffffefc
fffffe3a
fffffcbf
fffffd93
fffffd69
00000116
000000f2
00000031
00000049
fffffe08
000000cc
fffffe60
fffffd4a
00000043
00000029
fffffe6f
fffffe6e
fffffdf6
fffffff4
ffffff0f
000000cb
00000188
00000014
00000083
0000000c
fffffe16
ffffffbc
ffffff41
00000146
000001c2
00000100
00000362
00000226
fffffff7
fffffea6
fffffe97
ffffff55
00000026
ffffff3b
000000b7
fffffe9a
fffffdb1
fffffce3
fffffe3a
00000047
000000a1
000000e4
ffffff7a
0000011e
fffffcf2
0000012a
ffffffbd
fffffd97
fffffe06
ffffffc3
fffffffa
ffffff49
fffffd94
fffffe3c
00000055
ffffff6a
fffffe21
ffffff24
fffffe24
000000bf
fffffe35
fffffdb0
fffffdfe
ffffff11
ffffffdc
00000049
000000ef
ffffffb4
00000072
fffffe95
00000150
fffffd03
ffffff9c
000001da
000001e8
fffffe8f
000001ab
0000008b
fffffec3
000000a3
fffffee1
fffffdc2
ffffffa0
00000043
fffffe4c
ffffffa5
ffffff24
ffffff5f
fffffece
ffffff4e
ffffffe1
ffffff97
fffffeb1
ffffff44
fffffe82
000000b6
fffffe7d
00000004
fffffdbf
ffffff73
ffffff39
fffffeb5
fffffe94
ffffff9e
000000d4
00000062
fffffe9a
00000007
0000017d
ffffffb8
000000a7
0000026a
0000010b
0000028f
ffffff21
00000082
00000069
ffffff1f
00000029
ffffffe1
000000fa
fffffef3
fffffff4
ffffff48
fffffde8
fffffd4a
fffffdb8
fffffdb5
0000008f
00000121
ffffffdd
0000001b
fffffe03
000000f0
fffffe84
fffffcf2
0000002b
0000006b
fffffeb8
fffffecb
fffffe4a
fffffff4
ffffff5a
0000014e
0000015d
0000008c
0000008e
fffffff6
fffffe9c
ffffffcf
ffffff46
00000116
000001fe
000000e9
000002c0
000001c6
0000003d
fffffec8
fffffedb
ffffff39
ffffffbf
ffffffc6
000000e5
fffffe83
fffffdd9
fffffd6a
fffffe79
0000004c
000000c7
000000be
ffffff25
00000104
fffffcdc
0000018c
ffffffcf
fffffd83
fffffdda
ffffffa4
0000000e
ffffff49
fffffdab
fffffe26
000000a6
ffffffa8
fffffdf8
ffffffa5
fffffe3a
ffffffd6
fffffe58
fffffe1f
fffffe46
ffffff06
fffffff9
ffffffd6
0000014f
ffffffb6
00000091
fffffe92
00000133
fffffdcd
ffffff6d
00000199
000001d5
fffffed3
0000017c
000000cb
fffffea7
000000c6
fffffedc
fffffe4a
ffffff97
ffffffe6
fffffde3
ffffff65
ffffff51
ffffff09
ffffff1b
ffffff7f
ffffffb3
ffffff61
fffffee2
ffffffc5
fffffeac
00000090
ffffff26
ffffffaf
fffffe46
ffffff7b
fffffedd
fffffeaa
fffffe3a
ffffff19
00000106
ffffffc4
fffffec2
00000027
000001a8
ffffffcf
000000e2
000001e6
000000f5
000002d5
ffffff3e
0000003a
00000056
ffffff5d
ffffffef
ffffffe7
000000a3
fffffebf
ffffff1c
ffffff2d
fffffdb1
fffffd5d
fffffd9f
fffffe2f
00000014
00000152
00000076
00000057
fffffd6d
000000d0
fffffe57
fffffcc5
00000032
0000005c
fffffec9
fffffeaf
fffffe3f
ffffffcb
ffffff7e
000000a8
00000140
00000041
00000091
ffffff91
fffffe76
00000020
ffffff7a
0000012f
000001dc
000000bd
00000278
000001cb
00000073
fffffe40
fffffede
ffffff2e
ffffffa2
0000000a
000000d6
fffffe72
fffffdf2
fffffd46
fffffe42
0000005a
00000089
000000c6
fffffebc
00000119
fffffd5d
00000182
ffffffc0
fffffe03
fffffdb4
00000040
fffffff3
ffffffcb
fffffd64
fffffe52
000000b2
ffffff8b
fffffe12
ffffffad
fffffd90
ffffffd8
fffffdf3
fffffeab
fffffe81
fffffeaf
00000034
ffffff7a
000000c3
ffffff57
000000dd
fffffed0
00000142
fffffdae
ffffff0b
000001ed
00000243
fffffeb3
0000013d
0000004b
ffffff15
000000d8
fffffe9e
fffffe7e
fffffef5
ffffffe0
fffffdbe
ffffff23
fffffece
ffffff08
fffffee2
ffffffdb
ffffffd3
ffffff2c
fffffeac
ffffffc7
fffffeff
00000066
ffffff03
ffffff4d
fffffe2d
ffffff2c
ffffffc1
fffffeea
fffffe06
ffffffbf
000000ed
ffffffdb
fffffeb6
0000000f
00000168
ffffffca
0000012b
00000209
000000fd
000002bc
ffffff49
000000aa
ffffffe6
fffffee6
00000019
0000002a
000000e6
fffffee0
ffffff74
ffffff2d
fffffd97
fffffda1
fffffd37
fffffd8f
00000070
000000be
0000006a
00000016
fffffe57
00000111
fffffe68
fffffd52
00000026
00000099
fffffe97
fffffe82
fffffe2e
fffffff5
ffffffc6
0000012c
0000019c
0000003f
000000d9
ffffff8c
fffffe04
ffffffb5
ffffff5d
000000d5
000001de
00000102
0000027d
000001b6
00000048
fffffdc9
fffffeee
ffffff5e
ffffffad
ffffffe1
000000a2
fffffeb7
fffffdcd
fffffc97
fffffe75
00000043
000000cb
000000b2
ffffff08
000000cb
fffffd8a
00000197
ffffffaf
fffffd40
fffffe11
fffffff7
ffffffe6
fffffff8
fffffdd9
fffffdbb
000000dd
ffffff7f
fffffe4b
ffffff35
fffffdd6
00000021
fffffe65
fffffdbe
fffffee9
fffffe39
00000024
ffffffc5
0000010d
ffffffd4
000000ae
fffffec3
0000013b
fffffd58
ffffffa0
000001da
000001e5
fffffe2c
0000018e
00000115
ffffff51
000000cb
fffffeb0
fffffe4c
ffffff77
fffffff0
fffffdd0
ffffff5c
ffffff21
ffffff50
fffffe91
ffffff5c
ffffffb6
ffffff4a
fffffee3
ffffff52
fffffec5
00000089
fffffe8e
ffffffe5
fffffe22
ffffff67
ffffffdd
fffffe82
fffffeeb
ffffffc6
00000106
fffffff8
fffffef4
00000098
00000182
00000024
000000a1
00000193
0000009e
00000268
fffffea2
00000095
0000004b
ffffff94
0000003b
00000051
000000a2
fffffe6e
ffffffa5
ffffff11
fffffdec
fffffd4b
fffffdd8
fffffe11
00000041
000000c1
0000008e
0000003c
fffffdf6
000000dd
fffffef2
fffffcf9
00000024
0000006b
fffffef2
fffffe51
fffffded
ffffffc6
ffffffd6
0000009d
00000140
0000000f
000000ae
fffffffb
fffffe5f
ffffffd4
ffffff66
00000167
0000019e
000000f6
00000295
000001ba
00000030
fffffe2c
ffffff2b
ffffff65
ffffffdb
ffffffb7
000000c1
ffffff14
fffffe39
fffffd49
fffffe76
0000009c
000000ab
000000ed
ffffff3d
00000113
fffffd2d
00000177
ffffffb4
fffffdd4
fffffdd8
fffffff6
ffffffd5
00000027
fffffdd5
fffffe35
00000074
ffffff7b
fffffe2b
ffffff40
fffffdc6
ffffffdd
fffffe1c
fffffe20
fffffe39
fffffec1
00000014
00000004
000000a4
ffffff72
000000d4
fffffea6
000000cc
fffffd72
ffffff97
00000185
000001f3
fffffeb5
00000161
00000061
ffffff71
000000b9
fffffe9d
fffffe44
ffffffbc
00000036
fffffe27
ffffffa8
fffffefe
fffffeff
fffffe9c
ffffff7c
00000014
ffffffab
ffffff02
ffffff17
fffffe95
00000088
ffffff0b
ffffffd1
fffffe51
ffffff9b
ffffff80
fffffe78
fffffe81
ffffffad
000000d3
0000002a
fffffeda
00000035
000001a3
ffffffd3
000000a0
00000225
000000b7
000002dd
ffffff18
00000025
0000002c
fffffede
ffffffdb
ffffffdf
000000af
fffffe4b
ffffffaa
ffffff14
fffffdde
fffffd34
fffffe18
fffffe4e
0000006e
000000ea
ffffffea
00000027
fffffe2f
00000103
fffffee3
fffffc97
00000041
00000060
fffffecd
fffffe63
fffffec1
0000002b
ffffff3f
000000f7
00000188
000000c8
000000a7
fffffff1
fffffea5
ffffffe4
ffffff22
00000136
0000022d
000000e7
000002b8
0000024d
00000088
fffffe9d
fffffeed
fffffef4
ffffffa1
ffffffa2
000000e5
fffffeb8
fffffdd0
fffffcea
fffffec5
00000040
000000a2
000000e1
ffffff26
000000f7
fffffc80
000001f6
ffffffc5
fffffd9b
fffffdd4
ffffffe0
ffffff80
ffffff3e
fffffd83
fffffe4b
00000056
ffffffea
fffffe16
ffffff8e
fffffdfa
ffffffbe
fffffd6b
fffffe2f
fffffe54
ffffff5a
0000002a
00000004
000000f3
ffffffee
000000c3
fffffe5f
0000017c
fffffd86
ffffff42
000001df
000001ee
fffffea6
000001b5
00000070
fffffeaf
000000df
fffffea7
fffffe43
ffffffcb
fffffffa
fffffe0d
ffffff5d
ffffff1c
fffffee3
fffffeb3
ffffff8d
ffffffd2
ffffffa4
fffffea6
ffffff58
fffffe9b
00000003
fffffebe
ffffff8e
fffffdcf
ffffff6c
ffffff8a
fffffe7a
fffffe53
ffffffd5
00000114
00000019
fffffe6f
00000046
0000012a
ffffff4e
000000da
00000237
0000007e
000002a0
ffffff5e
00000029
00000018
ffffff2a
0000004d
ffffffbc
00000074
fffffdfe
fffffed4
ffffff39
fffffe4b
fffffd59
fffffdbf
fffffd59
000000a6
000000fc
ffffffb1
00000069
ffffff08
00000138
fffffeb1
fffffd48
0000003f
00000067
fffffecd
fffffedd
fffffe52
0000007b
fffffef6
00000083
00000160
0000003d
000000e0
ffffffb3
fffffe6d
0000001e
ffffff68
00000118
0000021c
0000015c
000002b5
0000020d
0000008a
ffffff08
fffffeaf
00000008
00000048
ffffff63
000000a3
fffffeae
fffffe09
fffffd3f
fffffe9f
0000000b
000000b4
0000010e
ffffff13
0000008a
fffffdde
0000013e
fffffff5
fffffd4e
fffffde8
0000005a
00000022
fffffeff
fffffd92
fffffe46
00000051
ffffff82
fffffe0f
fffffefc
fffffd3f
000000bb
fffffe11
fffffd89
fffffeae
fffffea1
ffffffdd
00000001
000000d3
ffffff7b
00000103
fffffefe
00000168
fffffddf
ffffff4e
000001a4
000001e2
fffffee7
0000019e
000000f6
ffffff17
000000df
fffffeb3
fffffe9b
ffffffaa
00000015
fffffdc4
ffffff16
ffffff43
ffffff31
fffffed7
ffffff8c
ffffffae
ffffff20
fffffe77
fffffeec
fffffddd
00000036
fffffe5e
ffffffd3
fffffdd6
ffffff11
ffffffee
fffffeb9
fffffe8d
00000008
000000a2
00000051
fffffec7
00000008
00000149
ffffffc2
00000080
000001ff
0000006b
00000281
ffffff27
0000003a
00000012
ffffff5b
0000005e
ffffffe8
000000e2
fffffea8
ffffff42
fffffea0
fffffde1
fffffd62
fffffdf7
fffffd6e
000000b0
000000d7
00000033
00000027
fffffecc
00000121
fffffe9a
fffffd54
00000024
0000006d
fffffe7a
fffffed1
fffffe99
00000001
ffffffba
000000aa
0000013b
0000005f
00000079
00000026
fffffec4
fffffff5
ffffff50
000000c7
00000204
0000013b
000002c1
00000205
00000045
fffffe56
fffffeda
ffffff4c
ffffffba
ffffff97
00000064
fffffe9e
fffffe57
fffffd24
fffffe7b
00000026
0000009e
000000d4
ffffff2d
000000ef
fffffdc2
0000017d
ffffffc9
fffffdb9
fffffdf9
0000002b
ffffffdb
ffffff81
fffffd9d
fffffe2c
0000007d
ffffff48
fffffdb9
ffffff5d
fffffdd1
0000000f
fffffdf0
fffffe32
fffffe6c
ffffff2c
00000013
fffffffc
000000e3
ffffffd6
0000010a
fffffe8e
00000117
fffffe06
ffffff3c
000001db
00000225
fffffe20
00000175
000000bf
fffffec1
000000e4
fffffe93
fffffe40
ffffff80
0000000a
fffffe04
ffffffb3
ffffff17
ffffff1c
fffffefe
ffffff97
ffffffc6
fffffee5
fffffe6b
ffffff53
fffffe40
0000002b
fffffea6
ffffffdd
fffffdaa
ffffff25
ffffff29
fffffe5e
ffffff2a
ffffffc6
000000ba
00000052
fffffedf
00000038
000001a7
ffffffbe
000000a0
00000221
000000e4
00000266
fffffefb
0000002b
ffffffff
fffffefa
fffffff3
ffffff90
000000fb
fffffe9b
ffffff45
ffffff09
fffffe43
fffffd32
fffffe1e
fffffe0d
0000007b
000000ec
ffffffec
00000033
fffffe4d
000000cc
fffffeda
fffffd1c
00000030
0000003d
fffffec4
ffffff17
fffffe50
00000038
ffffff50
000000cb
0000014c
00000049
0000009f
ffffffde
fffffea9
ffffffe4
fffffeff
000000f4
000001f8
0000012a
000002e2
000001b3
00000044
fffffedc
fffffedd
ffffff9e
fffffff6
ffffff1b
000000a6
ffffff01
fffffde8
fffffcf8
fffffebd
00000055
000000f5
00000107
ffffff38
000000f2
fffffe0e
0000012f
ffffffd3
fffffd98
fffffe00
ffffffbf
ffffffd7
ffffff33
fffffda5
fffffe3b
00000054
ffffffbd
fffffe26
ffffff25
fffffdc0
ffffffff
fffffe1c
fffffdc9
fffffe87
ffffff8e
0000001d
00000026
00000143
ffffff9f
000000a4
fffffef9
00000142
fffffe60
ffffff10
00000136
00000181
fffffedd
00000113
00000098
fffffed1
0000007f
fffffeb4
fffffe43
ffffff67
00000040
fffffe27
ffffffe2
ffffff01
ffffff1c
fffffeeb
ffffff0a
ffffffe6
ffffff57
fffffef3
ffffff1a
fffffec6
00000067
fffffee5
ffffff6d
fffffe06
ffffff7c
ffffff6e
fffffe51
fffffe43
ffffffc8
0000012e
0000002b
fffffe88
00000083
00000150
ffffff9a
000000bd
00000237
000000e7
00000299
fffffecf
000000ab
0000001d
ffffff45
00000036
fffffff5
00000069
fffffe15
ffffffde
ffffff3e
fffffe00
fffffd85
fffffda4
fffffd1f
000000cc
000000f7
00000020
0000004e
fffffe3f
000000ff
fffffe98
fffffd5a
00000037
00000084
fffffeb8
fffffecf
fffffe2e
0000000f
ffffff9c
000000b9
0000016f
00000043
000000ea
ffffffaa
fffffe5a
ffffffaa
ffffff54
00000121
00000209
000000d1
000002d4
000001d1
00000061
fffffe7b
ffffff28
fffffed0
ffffffe5
ffffff39
000000d4
fffffec5
fffffdd6
fffffca8
fffffe70
00000043
000000bf
000000b4
fffffeff
000000fd
fffffd39
0000017e
ffffffc1
fffffd1b
fffffdf2
ffffffa0
00000020
ffffff5a
fffffe1e
fffffe35
0000008d
ffffffe0
fffffe38
ffffff5e
fffffdc1
00000026
fffffe54
fffffdce
fffffe95
fffffea2
ffffffbe
00000003
000000fe
ffffffa8
0000008c
fffffe4e
00000132
fffffcff
ffffffb6
000001d5
000001d6
fffffe98
00000141
000000cf
ffffff18
000000af
fffffeda
fffffe2f
ffffffcc
0000000b
fffffe4d
ffffff8f
ffffff5a
ffffff21
fffffecf
ffffff56
ffffffc1
ffffff90
fffffeaa
ffffff51
fffffe39
00000097
fffffe5f
fffffff1
fffffdf8
ffffff68
ffffff4e
fffffecf
ffffff1e
0000000f
000000d8
fffffffa
fffffe6f
00000028
00000141
ffffffc2
00000069
00000227
000000a8
0000023c
fffffef4
00000062
00000057
ffffffc4
0000001c
ffffff9c
000000b5
fffffe88
ffffff9e
ffffff4d
fffffe0b
fffffd41
fffffde9
fffffdae
000000e3
000000f6
ffffffee
00000013
fffffe33
000000e2
fffffeb9
fffffd35
0000002e
00000012
fffffe5a
fffffecd
fffffe78
ffffffd8
ffffff0d
000000bc
00000141
0000001c
0000007c
00000000
fffffe7c
ffffffdb
ffffff55
0000010b
00000188
000000cb
000002d8
000001db
0000001d
fffffec5
fffffebb
ffffff5b
ffffffff
ffffffdc
0000009d
ffffff1e
fffffdf0
fffffd4e
fffffeb3
0000003f
000000c0
0000008e
ffffff5e
0000010a
fffffda2
00000134
ffffffbf
fffffdf8
fffffe4c
ffffffca
0000002e
fffffefa
fffffdbf
fffffe57
00000026
ffffffb3
fffffe60
ffffff34
fffffe03
00000063
fffffe09
fffffddf
fffffe27
ffffff15
ffffff9b
fffffffc
000000d9
ffffffda
000000a3
fffffec5
00000121
fffffe08
ffffff80
0000019e
00000191
fffffed6
00000179
0000009c
fffffecf
00000072
fffffeeb
fffffe7b
ffffff9a
00000032
fffffe37
ffffff80
ffffff05
ffffff1f
fffffedb
ffffff57
ffffffce
ffffff7d
ffffff16
ffffff89
fffffee1
00000047
fffffeff
ffffffcd
fffffe48
ffffff6d
ffffffa9
fffffeb5
fffffe83
00000009
000000ae
00000064
fffffeab
00000068
00000175
0000000b
000000c3
000001ca
00000079
00000278
ffffff75
00000067
00000073
ffffff3b
00000028
00000029
000000cb
fffffed3
ffffff7e
ffffff3c
fffffddb
fffffd00
fffffde9
fffffd92
000000b5
000000c1
0000000f
00000016
fffffecf
000000fe
fffffedc
fffffd14
00000006
0000003c
fffffe86
fffffe58
fffffe9a
ffffffec
ffffff2f
000000dc
00000146
0000002f
00000065
0000001c
fffffe2f
ffffffef
ffffff20
000000d1
000001f0
0000010c
00000260
000001d2
00000089
fffffe7e
fffffee5
ffffff57
ffffffa0
ffffff96
0000009d
fffffea9
fffffe59
fffffd77
fffffea9
0000006d
000000ba
000000d6
ffffff37
000000ec
fffffda2
00000163
fffffff2
fffffda5
fffffda0
0000004a
ffffffd9
ffffffba
fffffd6b
fffffe66
000000b3
ffffffcf
fffffe1d
ffffff9e
fffffe17
0000004e
fffffe2d
fffffe3d
fffffe64
fffffe61
0000003b
00000035
00000120
ffffffad
000000c2
fffffe76
0000014e
fffffdea
ffffff23
000001f9
00000224
fffffede
0000015d
000000b5
fffffef3
000000f9
fffffec3
fffffe5b
ffffff99
00000031
fffffe25
ffffff56
ffffff2d
ffffff06
fffffedb
ffffff6d
ffffffd4
ffffff3e
fffffec0
ffffffba
fffffe7f
0000004d
fffffe8a
ffffffaf
fffffdb0
ffffff7f
ffffff21
fffffe5b
ffffff06
ffffffb8
000000ec
00000041
fffffea0
00000027
0000018d
ffffffcb
000000bd
00000210
0000009c
000002cc
fffffeda
00000045
0000002a
ffffff3b
fffffffa
ffffffa1
000000d8
fffffebc
ffffffcc
ffffff0a
fffffe0c
fffffd42
fffffdfd
fffffdbd
000000c0
00000122
ffffffbc
00000047
fffffde4
000000c7
fffffe87
fffffd2e
00000052
0000002d
fffffeaf
fffffeab
fffffedc
0000000b
fffffefa
000000bb
000000f9
00000037
00000048
00000020
fffffe84
ffffffec
ffffff39
0000012a
000001ae
00000126
000002e6
000001cd
00000021
fffffefb
fffffef5
ffffff4c
0000000d
ffffff40
000000a3
ffffff01
fffffdc5
fffffd4d
fffffe91
0000003e
000000ba
000000a0
ffffff45
00000111
fffffcd9
00000186
ffffffdc
fffffe06
fffffddd
ffffffa8
fffffff8
ffffff44
fffffd30
fffffe90
0000009d
ffffff72
fffffe10
ffffffa8
fffffdc2
00000013
fffffe29
fffffdf6
fffffe08
fffffef6
00000017
fffffff3
00000124
ffffff89
000000d4
fffffec2
0000016b
fffffe2a
ffffff11
000001a9
00000198
fffffeed
00000153
000000b9
fffffe92
00000096
fffffee0
fffffe4c
ffffff72
fffffffb
fffffddc
ffffff47
ffffff55
ffffff5b
fffffeaf
ffffff88
0000001e
ffffff77
fffffef4
ffffffe8
fffffe9e
00000053
ffffff33
ffffff98
fffffe1b
ffffff52
ffffff1d
fffffe71
fffffe55
00000011
000000f6
0000005c
fffffe11
00000014
00000160
ffffffa7
00000096
00000277
00000097
00000271
ffffff50
00000081
00000055
ffffffab
0000000e
0000001a
000000b7
fffffe74
ffffff39
ffffff26
fffffe01
fffffcac
fffffd9e
fffffd7d
000000b9
00000102
00000032
0000005c
fffffe1e
000000f7
fffffe86
fffffcf7
00000056
00000046
fffffe66
fffffe93
fffffdfa
00000020
fffffef3
000000b9
00000183
00000023
0000007d
ffffffee
fffffdf7
0000001e
ffffff3d
00000130
000001da
0000011c
000002d0
00000206
00000021
fffffec3
fffffe70
ffffffad
0000002b
ffffff9d
000000dd
fffffec6
fffffdd1
fffffd22
fffffe50
00000045
000000b4
000000cb
ffffff44
000000c2
fffffd4b
00000141
ffffffd8
fffffd97
fffffdef
00000023
0000000b
ffffff53
fffffd84
fffffdf2
00000085
ffffff4d
fffffdfb
ffffff60
fffffd8b
00000084
fffffe52
fffffe01
fffffdff
fffffed1
fffffff6
ffffffe6
00000132
ffffff93
00000085
fffffeea
0000016d
fffffde4
ffffff3d
000001fe
00000243
fffffee7
000001ba
000000ae
fffffe9a
000000d5
fffffed3
fffffe1d
ffffff20
fffffffc
fffffd6e
ffffff76
ffffff19
ffffff47
fffffe9e
ffffff78
ffffffe3
ffffff39
fffffeb9
ffffff82
fffffeb4
000000b9
fffffe66
ffffffac
fffffdf7
ffffff3a
fffffd3c
fffffddc
00000055
fffffd8f
ffffff7e
000001c5
000000aa
ffffff26
fffffb5c
000001e4
fffffc89
fffffef4
fffffad4
fffffee3
000001e4
fffffd7d
ffffff94
000001c0
fffffd66
fffffd55
000000bd
00000066
ffffff0f
fffff940
fffffee6
fffffab9
00000168
00000074
000000b1
fffffc70
000000af
ffffffa1
fffffed8
00000005
ffffff9d
0000004c
00000129
fffffdcf
fffffc8e
fffffef8
fffffd41
ffffffb6
fffffc5d
fffffda5
ffffffe0
000001b3
fffffa69
000001e6
00000263
0000001d
00000100
fffffead
00000013
fffffd07
fffffe7d
000004c0
fffffbde
0000003a
fffffe6a
fffffe3f
fffffd76
fffffe0c
ffffffcb
fffffec1
fffffeb5
fffffd61
fffffd5a
fffffc4b
fffffe4a
fffffde9
0000021c
fffffd14
fffffd2d
fffffffe
ffffff77
fffffe28
00000053
fffffe12
fffffde8
fffffa48
fffffe5a
fffffe08
ffffff43
fffffdf0
fffffd17
000002db
000000ab
00000060
ffffff48
0000013d
fffffee1
ffffff78
fffffeb0
0000038f
00000095
fffffd4f
fffffdb1
fffffd08
fffffdfc
fffffda9
00000054
00000425
ffffff70
fffffcf4
fffffd6e
fffffc1e
fffffed3
fffffd3e
fffffdbb
0000002c
00000053
0000007e
000001a8
ffffff05
ffffffc5
00000188
fffffe20
fffffe61
000002a5
fffffb07
00000045
ffffffd1
00000041
ffffff73
ffffff6f
ffffff25
fffffd4e
ffffff46
fffffdb6
fffffe8d
0000012e
fffffe1a
ffffff3a
000001fd
00000098
fffffed2
fffffada
000001d1
fffffcce
ffffff83
fffffa87
fffffef3
00000180
fffffd75
ffffff30
000001cb
fffffd54
fffffd6e
00000134
000000a2
ffffff56
fffff9e8
ffffff5a
fffffb1b
00000143
ffffff65
00000122
fffffc4e
00000020
ffffff31
fffffeef
0000004d
ffffffbd
00000067
0000018a
fffffd98
fffffc9a
fffffe8e
fffffe17
ffffff9e
fffffd56
fffffe49
ffffff61
0000024e
fffffb04
000001f9
000002dd
ffffffe1
000001b8
fffffe87
ffffffc0
fffffcd7
fffffeb7
000004a2
fffffbf0
0000006d
ffffff42
fffffe00
fffffd70
fffffe46
ffffffe3
fffffe8c
fffffeb1
fffffdd1
fffffd2a
fffffbf5
fffffef1
fffffdca
0000021c
fffffc8d
fffffd2e
0000003d
fffffe8a
fffffe13
0000008c
fffffdbc
fffffe0b
fffffa5f
fffffecf
fffffe2c
ffffff0f
fffffe2c
fffffd17
00000336
00000151
ffffffd4
ffffffac
0000008f
fffffecb
ffffffab
fffffe81
000003d2
000000c4
fffffca9
fffffdc0
fffffcd1
fffffdf9
fffffdbf
ffffffd6
0000036a
fffffeeb
fffffcc3
fffffd2b
fffffc15
fffffebd
fffffd45
fffffddc
00000094
000000b1
00000045
0000022b
ffffff1d
00000078
0000016e
fffffe16
fffffe27
00000326
fffffb53
0000007c
ffffff30
ffffffe4
ffffffe6
ffffff18
fffffefa
fffffdfe
fffffef4
fffffdec
fffffea1
00000109
fffffe2f
fffffe90
000001c1
00000078
ffffff35
fffffafd
00000169
fffffc8b
ffffff16
fffffa85
fffffed7
0000011a
fffffda4
ffffff85
000001b6
fffffe2c
fffffcc5
000000b8
00000087
ffffff7b
fffff97b
ffffff74
fffffb68
0000018d
0000006e
0000010a
fffffc55
000000a7
ffffffc9
ffffff14
0000004a
ffffffc1
0000006b
000001ad
fffffd52
fffffd8f
ffffff4e
fffffeb6
00000019
fffffc5f
fffffdc2
ffffff77
000001be
fffffa66
000002a2
000002bc
ffffffde
000000d2
fffffebe
ffffffb0
fffffd7f
fffffe37
000004f7
fffffb7b
ffffffc1
ffffff40
fffffe19
fffffdbe
fffffe86
ffffffbf
fffffeb0
fffffef6
fffffe38
fffffddc
fffffc68
fffffeb5
fffffdac
000002a5
fffffd3a
fffffd77
00000055
ffffff62
ffffff09
00000059
fffffed6
fffffdc0
fffff9cb
fffffe8b
fffffec1
ffffff9c
fffffdaf
fffffda6
0000028a
0000009d
000000c9
ffffff8e
00000089
fffffeb7
ffffff3c
fffffe10
000003dd
00000107
fffffd62
fffffda2
fffffcfb
fffffe38
fffffd5b
0000005a
000002ff
fffffe5e
fffffd31
fffffe26
fffffcea
fffffee4
fffffd95
fffffdfe
00000095
000000b5
00000127
00000252
fffffef0
0000004d
00000066
fffffe54
fffffe23
00000271
fffffb39
0000000d
fffffff1
ffffff60
fffffef9
ffffff65
ffffff6e
fffffde7
ffffff39
fffffd28
fffffdc5
00000101
fffffe01
ffffff86
000001de
0000008a
fffffead
fffffae0
00000144
fffffc79
ffffff3f
fffffa1f
fffffed5
00000203
fffffd4b
ffffffe3
00000194
fffffd30
fffffd83
00000111
00000083
ffffffe1
fffff950
ffffff16
fffffb1e
000000d4
00000039
00000155
fffffc95
000000d3
ffffff3d
fffffea8
0000002b
ffffff93
00000049
00000190
fffffd5c
fffffd85
fffffdf8
fffffe40
fffffffc
fffffc13
fffffd7e
00000000
0000027d
fffffad9
0000024f
00000271
00000004
000000df
fffffe62
ffffffff
fffffcfb
fffffe70
000004ee
fffffc2c
ffffffcd
ffffff0a
fffffdf7
fffffd8c
fffffe06
ffffffd8
fffffeaf
fffffe29
fffffd23
fffffd9c
fffffc44
fffffe34
fffffd8e
000001c7
fffffd26
fffffd05
0000006b
ffffff83
fffffe6e
00000032
fffffdca
fffffe0c
fffffab8
fffffe5b
fffffdcb
ffffff74
fffffde1
fffffd55
0000031b
00000144
00000102
ffffffe5
000000b2
fffffe7c
ffffffba
fffffe72
000003a6
000000ff
fffffcce
fffffd42
fffffd67
fffffe5a
fffffd71
00000047
000003b2
ffffff06
fffffc41
fffffdb5
fffffc36
fffffec7
fffffce6
fffffdf0
ffffff8e
ffffffc3
000000ad
000001cb
ffffff9c
00000078
000000ce
fffffde8
fffffe1a
000002ea
fffffb0f
00000075
ffffffbb
0000003c
ffffffe8
ffffff5d
fffffefe
fffffdbb
ffffff27
fffffd96
fffffe3b
000000cc
fffffe04
fffffef5
000001c5
0000004d
ffffff36
fffffaec
00000201
fffffc58
ffffff3a
fffff9fb
fffffeca
0000012d
fffffd5b
ffffff95
000001c5
fffffd44
fffffd3a
000000c8
00000050
ffffff72
fffff92f
ffffff5d
fffffaee
00000160
ffffffd3
0000014f
fffffc4a
0000007a
ffffff7c
ffffff4f
0000002b
00000000
000000ac
00000179
fffffd89
fffffcc1
fffffee8
fffffe19
00000033
fffffce1
fffffd67
ffffffaf
0000016b
fffffa8b
0000020c
000002e3
0000004e
00000114
fffffeaf
ffffffdf
fffffda9
fffffe64
00000547
fffffb55
ffffffe2
fffffeeb
fffffd92
fffffd73
fffffe63
ffffffff
fffffe71
fffffe94
fffffdbe
fffffd8c
fffffbc4
fffffe95
fffffd9d
00000223
fffffcce
fffffd7b
00000046
fffffeee
fffffe8a
00000099
fffffe51
fffffd81
fffffa44
fffffeb5
fffffdf0
ffffff3f
fffffdd6
fffffd22
000002c3
00000077
00000041
ffffff80
0000009e
fffffecb
ffffff76
fffffe29
000003c2
000000f4
fffffc77
fffffd8d
fffffd38
fffffe32
fffffdd9
ffffffe0
0000039f
ffffff31
fffffd15
fffffd78
fffffba8
fffffeb3
fffffd20
fffffdff
00000051
0000005f
000000e2
000001f2
ffffff4b
00000061
0000014b
fffffe19
fffffe23
0000033a
fffffafb
00000077
ffffff80
ffffffa4
ffffff68
ffffff46
ffffff54
fffffdc4
fffffed0
fffffd00
fffffe89
00000100
fffffe3a
fffffef5
00000222
0000010f
fffffeb3
fffffaab
000001c7
fffffcf0
ffffff3a
fffffab9
fffffef9
000001ca
fffffded
ffffffaa
00000191
fffffdb6
fffffd8d
000000ba
00000074
ffffffca
fffff994
ffffff2c
fffffafa
0000014f
ffffff81
00000122
fffffc90
0000009e
ffffff7d
fffffeb3
00000049
fffffff0
0000004f
0000015e
fffffdb1
fffffdb4
fffffedd
fffffe4c
00000092
fffffd95
fffffd89
ffffffbb
000001fc
fffffab2
00000200
000002d6
00000033
00000103
fffffe5b
fffffffe
fffffd3d
fffffebc
000004d7
fffffc1c
ffffff76
fffffef3
fffffdda
fffffd7e
fffffe62
ffffffa8
fffffe87
fffffe06
fffffd87
fffffdee
fffffc3b
fffffeca
fffffdc5
000001b2
fffffd91
fffffcf0
00000089
ffffff13
fffffeb1
0000001e
fffffe0c
fffffdb9
fffffa8d
ffffff14
fffffdbc
ffffff4b
fffffde4
fffffd8e
000002d2
000000c4
00000049
ffffffb1
fffffffe
fffffecd
ffffffbc
fffffe6f
0000034f
00000095
fffffd0d
fffffdc1
fffffcee
fffffe1e
fffffe25
ffffffdf
000002fc
fffffecf
fffffca3
fffffe0f
fffffc0a
fffffe93
fffffd34
fffffe3b
0000002f
00000011
000000a9
000001ff
ffffffb2
00000040
000000c0
fffffe03
fffffe2d
000002d5
fffffae1
00000051
ffffffc9
ffffffdd
ffffffb3
ffffffcd
ffffff56
fffffdbe
ffffff16
fffffdba
fffffe64
0000012b
fffffe4c
fffffedb
00000215
0000009c
fffffeb2
fffffae9
00000222
fffffc89
ffffff31
fffffa61
ffffff0b
00000191
fffffda8
ffffff75
0000014e
fffffe15
fffffd14
00000130
000000e0
ffffff97
fffff985
ffffff6b
fffffb28
00000168
fffffffd
00000134
fffffd09
000000af
fffffeda
ffffffb6
00000049
ffffffff
00000011
00000123
fffffd8b
fffffd96
fffffe3c
fffffd53
000000af
fffffc7f
fffffdf7
ffffffc3
00000209
fffffadc
000001ea
000002b0
00000051
00000102
fffffdc6
ffffffd1
fffffd92
fffffe89
000004e2
fffffb9c
ffffff5c
fffffecc
fffffe7d
fffffd72
fffffea0
ffffff8a
fffffee1
fffffe54
fffffe1c
fffffdd1
fffffc5e
fffffebf
fffffdfb
000001c6
fffffd8b
fffffdf2
ffffffe2
fffffef6
ffffff02
000000ce
fffffe8c
fffffdde
fffffa20
fffffe85
fffffe19
fffffefd
fffffe03
fffffd9e
00000216
0000013f
00000025
ffffff90
000000b5
fffffe65
00000023
fffffe92
0000038c
000000d0
fffffd3d
fffffd89
fffffd33
fffffe30
fffffe4f
ffffffc2
00000349
ffffff34
fffffd05
fffffdcd
fffffc4c
fffffe11
fffffd37
fffffde2
0000000f
0000002f
000000b0
00000245
ffffff96
0000000f
000000ba
fffffde0
fffffe4e
000002b4
fffffbb8
000000e2
ffffff20
ffffffd3
ffffff05
ffffff17
ffffff62
fffffe0f
ffffff13
fffffd5a
fffffe01
000000d5
fffffe3c
fffffee0
000001c1
000000f0
fffffedc
fffffb5e
000001c1
fffffcd1
ffffff0a
fffffa53
fffffeea
0000018f
fffffd6c
ffffff88
000001a0
fffffe0c
fffffd6f
000000b0
0000004a
ffffff79
fffff9e3
ffffffab
fffffb8c
00000110
ffffffee
0000013e
fffffc52
000000ea
ffffff64
ffffff20
00000045
ffffffdb
0000005f
0000014c
fffffda8
fffffd0a
fffffeaa
fffffe0c
00000043
fffffd1d
fffffd92
00000009
000001d0
fffffac1
00000219
000002af
00000022
0000010a
fffffe8f
ffffffe4
fffffd0f
fffffebf
000004e1
fffffb88
ffffffdf
ffffff18
fffffe57
fffffd75
fffffdd5
ffffffc1
fffffe98
fffffea9
fffffdda
fffffdca
fffffc08
fffffecc
fffffdb9
000001d5
fffffd1b
fffffd40
0000001c
fffffeb1
fffffe56
000000ab
fffffdfe
fffffdbe
fffffa98
fffffee4
fffffd72
ffffff58
fffffe4f
fffffd3f
000002c6
00000100
0000000d
ffffffbb
0000006d
fffffedb
ffffffae
fffffe16
00000380
000000e4
fffffcbb
fffffd99
fffffd50
fffffe3b
fffffd3a
00000063
00000361
fffffee9
fffffcff
fffffd8d
fffffbf4
fffffed8
fffffd5b
fffffdf2
ffffff9e
00000059
00000090
00000215
ffffff96
00000056
00000148
fffffe51
fffffe0e
000002ee
fffffb9a
00000098
ffffff8b
ffffffd3
00000013
ffffff86
ffffff2d
fffffe06
ffffff94
fffffd9a
fffffe1a
00000107
fffffe01
fffffe28
00000185
00000055
ffffff61
fffffac1
000001b7
fffffbee
fffffea2
fffff9c7
fffffe7a
0000019f
fffffcf2
ffffff31
000001cc
fffffd8e
fffffd1d
0000007d
0000009d
ffffff7b
fffff963
fffffff8
fffffac0
0000012f
000000c0
00000137
fffffbb4
00000038
ffffff08
ffffff64
0000004e
ffffffe7
000000be
000001b7
fffffd68
fffffd3e
fffffec1
fffffe2d
ffffffd1
fffffcbc
fffffda1
ffffffb7
00000171
fffff9f1
000002de
000002a2
ffffffa9
000000da
fffffe4e
fffffff3
fffffd1b
fffffdc1
00000520
fffffa8b
ffffffbe
fffffed5
fffffe1b
fffffd4f
fffffe4f
ffffffbb
fffffeab
ffffff47
fffffe1f
fffffda5
fffffc2e
fffffe94
fffffd4f
000001f7
fffffcb4
fffffd81
0000000b
ffffff39
fffffe65
000000e0
fffffe14
fffffd52
fffffa3e
fffffea6
fffffe6b
ffffff6e
fffffd4e
fffffd40
0000024e
0000012c
000000c4
ffffffc0
0000007d
fffffe99
ffffff6f
fffffe13
000003d3
00000123
fffffcd4
fffffd2b
fffffd9a
fffffe4b
fffffdc8
00000008
0000031d
fffffee6
fffffccb
fffffd88
fffffbe5
fffffebd
fffffd6a
fffffdaf
00000078
0000007d
000000e2
00000206
fffffeb7
00000073
0000012d
fffffdd5
fffffe3d
000002ef
fffffadc
00000073
fffffff1
ffffff8e
ffffffa3
ffffff4d
ffffff11
fffffe56
fffffef5
fffffdab
fffffe88
0000014c
fffffea6
fffffed7
0000019f
000000d2
fffffec5
fffffb52
000001e8
fffffc23
fffffebf
fffff9ed
fffffe9e
0000019b
fffffd6a
ffffff91
0000012f
fffffe0b
fffffcf3
000000ce
000000b5
00000076
fffff9ae
ffffff5f
fffffc37
0000013d
fffffffe
00000191
fffffbda
000000a9
fffffef8
ffffff74
0000007b
00000007
fffffff0
00000177
fffffd88
fffffd30
fffffe8d
fffffe48
0000001d
fffffc62
fffffd6c
ffffffe0
0000023f
fffffa6d
00000235
000002f5
00000009
000000cc
fffffe04
ffffffcd
fffffd2b
fffffe8b
000004f0
fffffacf
fffffef8
ffffffa0
fffffe3c
fffffd14
fffffe98
ffffffa3
fffffea3
fffffe9e
fffffdb9
fffffde2
fffffbf3
fffffe94
fffffd5e
000001d9
fffffcfb
fffffdbb
00000034
fffffe29
fffffed6
000000d2
fffffe25
fffffd9b
fffffa83
fffffe7b
fffffe9c
ffffff58
fffffe2a
fffffdaa
000002c6
00000166
ffffffb1
ffffffa0
0000006b
fffffe6b
00000008
fffffe2d
0000039a
00000149
fffffd50
fffffd6a
fffffd20
fffffdd1
fffffdfa
ffffffa4
0000032f
ffffff1b
fffffc78
fffffd9e
fffffc1e
fffffea2
fffffd14
fffffdcd
ffffffed
00000046
000000ba
00000224
ffffffc3
000000df
0000013f
fffffe37
fffffe10
000002d2
fffffb73
000000c3
ffffff2e
00000021
ffffffbb
ffffff04
ffffff04
fffffdd9
fffffee5
fffffcec
fffffe0c
000000a7
fffffdff
ffffffac
000001e2
000000c3
fffffedb
fffffae9
0000017d
fffffc95
fffffef0
fffffa56
fffffee0
00000188
fffffd7c
ffffff4d
000001f7
fffffd99
fffffd3f
0000013b
000000ee
ffffffa0
fffff976
ffffff47
fffffb1a
0000017f
0000004a
0000013a
fffffc94
000000c9
ffffff6e
fffffeee
fffffffd
ffffffd3
00000083
00000130
fffffdb9
fffffd12
fffffec7
fffffd7b
0000006a
fffffc56
fffffe14
fffffff5
00000266
fffffa8d
00000218
00000224
0000001a
000000a5
fffffe7f
ffffffc0
fffffd49
fffffdf3
000004c1
fffffc20
ffffff4f
ffffff12
fffffe90
fffffd67
fffffdeb
ffffffe4
fffffee8
fffffe24
fffffdae
fffffdc6
fffffc83
fffffeda
fffffe14
00000208
fffffcea
fffffdbe
0000004b
ffffff38
fffffeb0
00000017
fffffe7f
fffffde1
fffffa24
fffffe64
fffffdff
ffffff7a
fffffdaf
fffffd94
000002ed
00000147
000000e3
0000004a
000000c9
fffffeb7
ffffff45
fffffeb3
00000392
000000e6
fffffd47
fffffda1
fffffd6b
fffffe3c
fffffda0
000000b0
00000393
fffffec2
fffffc9b
fffffdaa
fffffc0e
ffffff1a
fffffd22
fffffdd6
ffffffad
ffffffe6
000000ca
0000021a
ffffff6a
00000004
000000b7
fffffdf5
fffffdce
000002ca
fffffb6f
00000097
ffffff53
00000085
ffffff94
ffffff35
ffffff42
fffffda8
ffffff50
fffffd26
fffffe28
0000012d
fffffdb5
fffffed7
00000215
0000009d
ffffff06
fffffb15
00000196
fffffc72
fffffee4
fffff9e2
fffffe98
000001a2
fffffccf
ffffff83
00000271
fffffde4
fffffd7f
000000d2
00000074
ffffff5f
fffff9b1
fffffeef
fffffb28
0000016e
000000c8
0000014a
fffffbc0
00000075
ffffffb4
ffffff47
0000001a
0000001a
000000c9
0000017d
fffffd80
fffffd2b
ffffff24
fffffdf1
ffffff96
fffffc8f
fffffd93
ffffffc8
000001c0
fffffad1
00000289
0000023c
ffffffa5
000000c6
fffffef8
00000018
fffffcd1
fffffdc4
00000509
fffffb50
ffffff3d
ffffff61
fffffe54
fffffd05
fffffe3f
00000036
fffffe31
fffffecf
fffffd7e
fffffd28
fffffc23
fffffed6
fffffdad
0000028f
fffffcc1
fffffd9c
0000004e
ffffff5b
fffffea8
00000027
fffffe82
fffffdbe
fffffb0c
fffffe72
fffffde3
fffffffe
fffffd23
fffffd32
00000254
000000d2
000000df
00000033
0000006a
ffffff18
fffffeeb
fffffe8f
00000397
000000b6
fffffc51
fffffd96
fffffd3c
fffffe81
fffffdbd
000000c2
00000329
fffffeb3
fffffc60
fffffd9c
fffffbfd
ffffff48
fffffd85
fffffe23
00000064
00000034
000000ca
0000026b
ffffff40
00000027
000000ab
fffffdba
fffffea1
000002f4
fffffa21
0000003e
ffffff9d
ffffffc9
ffffffde
ffffff9d
ffffff00
fffffe6a
ffffff97
fffffd30
fffffe3d
000000c1
fffffe20
fffffed0
000001f0
00000110
fffffec3
fffffb3a
0000020f
fffffc44
fffffefe
fffffa5e
fffffec5
00000227
fffffd60
ffffff53
0000018b
fffffde3
fffffcf4
000000cb
00000099
fffffff0
fffff933
ffffff99
fffffb47
00000112
ffffff97
00000157
fffffc93
00000071
ffffff32
ffffff03
00000084
ffffffcb
00000021
00000170
fffffd78
fffffd2d
fffffec0
fffffe2f
00000048
fffffcb7
fffffda8
ffffff8e
00000242
fffff9ff
00000216
0000033f
0000002f
0000013f
fffffde4
00000012
fffffd04
fffffec4
00000546
fffffb2e
ffffff36
ffffff1f
fffffe09
fffffcf9
fffffe6e
ffffffbb
fffffec2
fffffe79
fffffdef
fffffd9c
fffffc06
fffffe65
fffffd60
000001b6
fffffd25
fffffcd8
00000058
fffffea3
fffffe34
0000008d
fffffdcc
fffffdca
fffff9fb
fffffe86
fffffe2e
ffffff70
fffffdc8
fffffd6f
000002be
0000016a
ffffffc3
ffffff78
00000080
fffffe6c
00000036
fffffe12
00000354
000000c5
fffffd50
fffffd5a
fffffcf6
fffffe07
fffffd9b
0000000c
000003bc
ffffff95
fffffcf7
fffffdd8
fffffbee
fffffe66
fffffcf1
fffffd9e
fffffff6
fffffff7
00000065
000001f6
ffffff56
00000082
00000163
fffffe62
fffffe1a
000002b9
fffffb01
0000008e
ffffff83
ffffffa0
ffffffcf
ffffff8a
ffffff27
fffffd87
fffffed2
fffffcc2
fffffd8b
000000c9
fffffdd4
fffffed7
000001ed
000000b6
fffffe9e
fffffaee
00000164
fffffc1b
fffffec9
fffffa0e
fffffeed
000001ed
fffffd45
ffffffbc
0000018b
fffffd0a
fffffd47
000000ec
00000075
ffffffab
fffff8e5
ffffff54
fffffadd
00000128
ffffffea
00000146
fffffc32
00000035
ffffff54
ffffff32
0000002b
ffffffdb
000000ab
00000152
fffffdca
fffffd5c
fffffe7c
fffffd6d
00000080
fffffccb
fffffd50
ffffffbe
0000021e
fffffb1b
0000029f
000002bf
0000002e
0000007a
ffffff01
ffffffb7
fffffcf3
fffffec9
0000057a
fffffbd6
ffffff14
fffffef9
fffffde9
fffffd74
fffffddb
fffffffd
fffffe95
fffffe30
fffffd40
fffffdb0
fffffc80
fffffe34
fffffd7f
0000020a
fffffcad
fffffcbf
00000046
fffffee8
fffffe44
0000003b
fffffe2b
fffffd9c
fffffa52
fffffe85
fffffde7
ffffff55
fffffdd0
fffffd62
000002dd
000000b1
000000fa
00000030
00000096
fffffea4
ffffffda
fffffe70
000003c5
000000e9
fffffcab
fffffd4c
fffffda6
fffffe09
fffffd4f
ffffffe9
0000032a
ffffff2c
fffffc88
fffffd8c
fffffc1c
fffffe89
fffffd23
fffffde0
ffffffc3
00000039
000000c5
00000241
ffffff89
0000007a
000000dd
fffffe18
fffffe15
00000309
fffffaa7
00000088
ffffff09
ffffffd7
ffffff6b
ffffff4b
fffffef2
fffffd8e
ffffff3e
fffffd30
fffffe4f
000000cf
fffffd4f
fffffeab
000001e4
000000eb
fffffe80
fffffaf5
000001cd
fffffcba
ffffff11
fffffa9c
fffffed9
00000191
fffffdff
ffffffc6
00000155
fffffd23
fffffd41
0000010e
000000cc
00000002
fffff9d1
ffffff20
fffffad0
00000118
ffffffef
00000154
fffffcca
000000fc
ffffffab
fffffed7
0000005c
00000000
0000007a
00000177
fffffdd1
fffffc7a
fffffedf
fffffe2a
ffffff99
fffffc59
fffffe36
ffffffeb
0000019a
fffffa54
000001fe
00000243
ffffffa6
00000170
fffffeb6
ffffff82
fffffc87
fffffe3b
000004a4
fffffb13
0000003a
ffffffb9
fffffedf
fffffd1b
fffffe3e
00000017
fffffe9e
fffffe59
fffffcdb
fffffdc3
fffffc0f
fffffebd
fffffd85
00000215
fffffd39
fffffd62
ffffffcc
fffffefa
fffffe99
00000042
fffffe2e
fffffdc2
fffffa9e
fffffe62
fffffd88
ffffff7c
fffffd6a
fffffd66
000002c8
0000015c
00000075
0000001c
0000009a
fffffeab
ffffffb5
fffffeed
00000346
000000f7
fffffce7
fffffd39
fffffd49
fffffe65
fffffda1
00000039
0000032d
ffffff6a
fffffc46
fffffddf
fffffc5f
fffffefc
fffffd56
fffffe12
ffffffd5
00000009
000000a8
000001f6
ffffffc1
00000097
00000148
fffffe7d
fffffe53
00000312
fffffaf2
000000b6
ffffffa3
00000056
00000044
ffffff3a
ffffff44
fffffdfa
ffffff5b
fffffd72
fffffe57
000000d9
fffffe27
fffffe50
000001b3
000000af
fffffe73
fffffa9d
000001ef
fffffbec
ffffff07
fffff9e6
fffffebd
000000e8
fffffdf7
00000004
00000148
fffffdc8
fffffc9c
00000162
000000f8
ffffffea
fffff991
ffffff75
fffffb42
000000e6
0000001c
00000174
fffffca4
0000007b
ffffff1f
ffffff00
00000094
ffffffdf
000000a6
000001cb
fffffd1a
fffffd17
fffffe62
fffffe4d
00000066
fffffc93
fffffe2a
ffffffb2
0000021c
fffffa7f
00000249
00000336
00000048
000000fb
fffffe8d
ffffffe4
fffffd3d
fffffe92
00000554
fffffb25
ffffff67
ffffff71
fffffe14
fffffd3b
fffffe20
fffffff7
fffffec0
fffffe9a
fffffd83
fffffe1b
fffffc26
fffffe5f
fffffd4c
00000195
fffffcff
fffffce4
00000038
fffffde9
fffffe4b
00000087
fffffe10
fffffd34
fffff98f
fffffed5
fffffdda
ffffff29
fffffd67
fffffd54
0000031c
00000197
ffffffd7
0000001e
00000086
fffffeef
ffffffb6
fffffe5d
000003d8
00000116
fffffd07
fffffd53
fffffd19
fffffdc5
fffffd62
ffffffdc
00000304
ffffff48
fffffc7e
fffffdeb
fffffbdd
fffffe03
fffffd30
fffffdfa
00000000
0000004e
000000a4
00000211
ffffffb8
000000cc
00000130
fffffe2f
fffffdf7
00000312
fffffb26
00000070
fffffee5
ffffff8e
ffffffe6
ffffff60
ffffff65
fffffdeb
fffffeac
fffffd41
fffffdf2
000000da
fffffd9b
fffffe72
00000173
000000af
fffffea0
fffffadf
0000026c
fffffc1b
fffffef7
fffff9dc
fffffed7
000001a8
fffffd87
ffffff57
0000016e
fffffd7b
fffffd4a
00000034
00000056
ffffffdd
fffff967
ffffffbf
fffffbdd
00000151
ffffffbd
00000149
fffffcb3
00000085
ffffff96
ffffff4f
0000000b
0000003e
00000074
000000ec
fffffdf7
fffffca3
ffffff67
fffffdd2
fffffff9
fffffcc6
fffffd9f
ffffffdd
00000184
fffff99b
0000020b
000002e2
00000028
00000106
fffffe68
ffffffe4
fffffcf3
fffffdeb
0000050c
fffffad6
ffffffc2
ffffff01
fffffe7f
fffffd3e
fffffe5a
ffffffb1
ffffff1d
fffffef4
fffffe20
fffffdaa
fffffc1b
fffffe79
fffffdb8
000001c2
fffffd32
fffffd4e
00000000
ffffff0e
fffffe55
0000006f
fffffe59
fffffde2
fffffa0c
fffffe77
fffffe31
ffffff79
fffffdc9
fffffd83
00000256
0000014e
ffffff8f
ffffffaa
000000a4
fffffea1
00000018
fffffe2b
0000032d
00000137
fffffcef
fffffd46
fffffd86
fffffe33
fffffe20
00000033
000003a6
ffffff9d
fffffd37
fffffd64
fffffc5d
fffffecb
fffffd6c
fffffda8
0000000a
0000006e
000000bb
00000223
ffffff08
0000005c
00000131
fffffe7e
fffffdf3
000002fc
fffffb2a
0000005b
ffffffab
fffffff2
ffffff57
ffffff63
ffffff1b
fffffdde
ffffff58
fffffd2a
fffffe80
00000149
fffffe40
ffffff1f
0000018e
000000ca
ffffff33
fffffac6
000001ad
fffffd25
ffffff00
fffff986
ffffff10
000001ed
fffffd8b
ffffffbf
0000017e
fffffdc8
fffffd66
0000012a
0000009b
00000033
fffff958
ffffff62
fffffb89
00000141
0000003d
00000155
fffffc45
00000117
ffffff10
fffffed6
0000006b
0000000e
0000005b
000000c0
fffffd9a
fffffd2a
fffffe7e
fffffd72
00000041
fffffc99
fffffda7
ffffffda
0000025b
fffffa7e
00000263
00000294
fffffff5
000000a4
fffffe6f
ffffff5b
fffffce7
fffffe4a
000004d8
fffffb86
ffffff87
fffffee8
fffffe27
fffffd66
fffffe1f
00000038
fffffec9
fffffe9d
fffffd47
fffffdfa
fffffc68
fffffeb9
fffffd94
00000195
fffffd29
fffffd6c
0000006e
fffffee8
fffffe86
00000072
fffffdea
fffffe02
fffffa4d
fffffe67
fffffd5d
ffffff91
fffffdcc
fffffd60
000002c1
00000125
0000008c
0000002b
00000020
fffffeb0
ffffffbb
fffffe42
00000381
000000d8
fffffcb9
fffffd55
fffffd8e
fffffe1d
fffffd29
00000061
000002ca
fffffe15
fffffc26
fffffd7a
fffffbd8
fffffe75
fffffd65
fffffe15
00000065
0000003c
00000134
00000200
ffffff88
00000038
00000114
fffffe17
fffffd83
00000301
fffffb63
000000fc
ffffff1f
00000044
00000015
ffffff66
fffffeda
fffffe51
ffffff37
fffffdad
fffffe74
000000e3
fffffe19
ffffff39
000001d1
0000007a
ffffff2a
fffffb2a
000001b2
fffffcca
ffffff04
fffffa21
fffffef5
000001ef
fffffd4b
ffffff70
000001c3
fffffe37
fffffd19
00000150
00000105
00000003
fffff939
ffffff3e
fffffb8a
0000013a
0000008e
0000012e
fffffbf8
00000073
ffffff3e
ffffff18
0000006a
00000005
0000003d
00000189
fffffd40
fffffcef
fffffe5a
fffffe75
fffffff8
fffffc2d
fffffdf6
ffffffba
0000025b
fffffade
00000292
000002df
fffffff3
000000c2
fffffe0f
ffffffbb
fffffd11
fffffe11
000004f6
fffffb5c
ffffffa2
ffffff2a
fffffe1b
fffffd14
fffffecc
ffffffbf
fffffeee
fffffedf
fffffdaa
fffffdb8
fffffc50
fffffe94
fffffd77
0000020a
fffffd12
fffffd74
00000052
ffffff74
fffffe6d
00000075
fffffe65
fffffdbf
fffffabe
fffffdf3
fffffe1c
ffffff99
fffffcf7
fffffd8b
000002ad
00000191
0000009f
ffffffdb
00000064
fffffe6f
ffffff8b
fffffe6b
000003d9
00000118
fffffd18
fffffd71
fffffd25
fffffe5f
fffffd9b
00000071
00000357
fffffec0
fffffbae
fffffd6e
fffffc72
fffffed8
fffffd4b
fffffdb4
0000003a
00000046
000000da
000001f9
ffffff9f
00000068
0000011f
fffffdc4
fffffdcd
00000311
fffffb0d
000000e4
ffffff64
fffffffe
0000003d
ffffff6a
fffffedd
fffffdcc
ffffff5d
fffffc8a
fffffe15
0000010d
fffffe23
ffffff20
000001a2
00000011
fffffecc
fffffb20
000001a4
fffffc19
fffffee9
fffff9f5
fffffe9d
000001f8
fffffca3
ffffffb4
000001e2
fffffda8
fffffd50
000000aa
00000072
ffffff86
fffff901
ffffff72
fffffada
0000016c
00000048
00000156
fffffbe3
ffffffce
ffffff39
ffffff02
0000002e
ffffffc7
00000105
00000103
fffffd65
fffffd04
ffffff09
fffffda5
0000000f
fffffbd0
fffffd6a
ffffffac
0000027c
fffffaa3
00000279
000002bc
0000002e
00000067
fffffe7d
00000009
fffffc97
fffffdb8
0000058f
fffffc4f
ffffffb6
fffffe2b
fffffe44
fffffd4b
fffffdda
00000007
fffffe65
fffffe79
fffffe63
fffffd78
fffffc79
fffffe98
fffffd8f
000001fc
fffffc9b
fffffd36
0000008f
ffffff31
fffffe41
00000008
fffffe1a
fffffdc7
fffff9ca
fffffea4
fffffe9f
ffffff61
fffffe14
fffffd11
000002f4
0000013c
000000e4
0000002c
000000bc
fffffed5
ffffff7a
fffffe86
000003e6
000000f0
fffffcd8
fffffd32
fffffd85
fffffe39
fffffdc1
0000005d
0000035c
fffffeaa
fffffc95
fffffd52
fffffba6
fffffe90
fffffd1f
fffffdc0
00000020
00000015
000000c3
0000020b
fffffed7
00000038
000000f1
fffffe0f
fffffe08
00000303
fffffa89
00000030
ffffffbb
00000056
ffffff99
ffffff33
fffffe71
fffffd7d
ffffff28
ffffffbb
fffffe27
0000009e
00000051
fffffd15
ffffffbd
0000007a
fffffec5
00000008
000000f9
fffffdfc
00000028
ffffff54
0000003a
00000060
00000044
ffffffc9
00000095
ffffff9b
fffffef6
00000083
00000063
0000006f
fffffc7b
000000da
00000005
ffffffdf
fffffe84
00000065
ffffffc5
ffffff4d
0000002f
ffffff54
000000b7
fffffff9
00000039
ffffff92
00000010
000000b9
000000b4
ffffffc2
00000084
00000025
00000028
00000015
00000091
fffffd65
000000f5
00000123
0000004d
00000029
000000ab
0000010b
00000018
ffffffd7
0000020d
fffffdf8
fffffed8
00000088
ffffffd4
ffffff9e
00000003
ffffffa7
00000097
ffffffca
00000101
00000092
00000047
ffffff1a
ffffffc5
000000ba
00000092
ffffff3b
ffffffad
ffffff7c
ffffffa4
ffffff65
0000002c
fffffe88
fffffd88
fffffeeb
00000158
ffffff4c
ffffff14
000000a7
0000001d
00000032
ffffff3c
ffffff90
ffffff96
fffffe5f
0000018e
ffffff51
000000b1
00000153
00000194
fffffe75
ffffff71
00000003
fffffeef
ffffff90
0000012c
000000e0
00000067
00000026
00000056
ffffff7e
fffffff1
fffffe85
fffffeaf
00000072
fffffffe
00000158
ffffff5a
00000032
fffffe4f
00000157
ffffff36
00000059
ffffff32
ffffff13
ffffffab
ffffffd5
fffffd0f
fffffe0e
0000000a
fffffe9c
ffffff16
ffffff87
fffffe94
0000007e
fffffff5
fffffd8a
ffffffd9
00000072
fffffebe
00000066
000000f4
fffffe72
fffffff9
ffffffd1
00000059
00000019
fffffff6
ffffffad
00000075
ffffff61
ffffff71
0000009a
00000055
0000002d
fffffc7e
000000d8
ffffff49
ffffffd5
ffffff10
00000045
ffffffdf
fffffef9
0000003b
ffffff84
000000a0
00000028
00000055
fffffff0
00000030
00000162
000000a3
ffffff9e
0000007c
0000001f
00000054
00000023
000000bd
fffffe13
00000102
000000cc
ffffffed
ffffffd7
000000f5
00000109
00000029
fffffff4
000001c7
fffffeb4
fffffebf
000000a0
00000025
ffffff66
00000015
00000012
0000007e
ffffffee
000000e6
00000076
000000a7
ffffff45
ffffffe0
000000cc
000000a9
ffffff35
00000013
ffffff8a
ffffffd0
ffffff4e
00000096
fffffe6d
fffffd7d
fffffee9
00000181
ffffff9b
fffffed2
00000067
ffffffd4
0000003c
ffffffac
ffffffc8
ffffff9a
fffffe91
0000012a
ffffffc9
000000d7
00000131
00000176
fffffe79
ffffffca
fffffffc
fffffe96
ffffff74
00000129
000000c8
0000005e
00000021
00000047
ffffffd0
0000005b
fffffea9
fffffeea
0000004c
ffffffd7
00000154
ffffff43
0000002e
fffffe5d
00000104
ffffff35
00000068
ffffff14
ffffff1e
ffffffab
ffffffce
fffffd60
fffffe27
00000003
fffffe94
ffffff36
ffffff71
fffffeb0
000000b4
00000028
fffffd6c
ffffff9e
0000004b
fffffea8
0000004e
000000d5
fffffe6c
00000006
ffffffd3
00000034
00000043
ffffffd3
0000001c
0000001b
ffffffba
ffffff44
00000036
00000021
00000044
fffffc9e
000000a7
ffffffc7
ffffff92
fffffee1
0000002c
00000009
ffffff24
0000002e
ffffff4c
000000c9
ffffffe4
0000002d
ffffffbd
fffffff4
00000161
00000069
ffffff4f
000000a8
ffffffcb
fffffff8
0000002e
000000e4
fffffe56
00000103
000000e5
00000027
ffffffe3
000000de
000000dc
0000000f
fffffff4
000001b9
fffffed9
fffffe8c
0000008e
0000003a
ffffff7b
0000001c
ffffffdd
0000006b
00000013
000000fd
00000066
0000009b
ffffff1c
ffffffd3
00000060
00000087
ffffff53
00000014
ffffff41
ffffffcb
ffffff81
00000082
fffffecd
fffffd64
ffffff15
00000154
ffffff75
ffffff1c
00000049
00000006
00000052
ffffff66
ffffffbf
ffffff9e
fffffe9a
00000130
ffffff8c
000000a0
00000136
00000161
fffffea3
ffffffa5
ffffffbc
fffffeb1
ffffff9c
000000f0
00000098
00000066
fffffff4
00000059
ffffff89
00000047
fffffeb7
ffffff02
00000070
fffffff7
0000012c
ffffff6e
00000019
fffffea2
0000012d
ffffff29
00000045
ffffff28
ffffff0f
ffffffc2
ffffffe7
fffffd47
fffffe77
fffffffb
fffffe97
ffffff5d
ffffff86
fffffe26
000000d2
00000036
fffffc8c
ffffff41
000000e3
fffffe58
00000088
00000105
fffffe34
fffffffa
fffffffd
0000003a
fffffff4
00000063
fffffff5
00000049
ffffffd2
fffffefa
00000083
0000005e
0000009c
fffffc11
000000a0
00000001
ffffff5e
fffffec0
00000037
0000000c
ffffff0f
00000040
ffffffa4
000000f6
00000001
ffffffec
ffffff7a
0000000b
0000013f
000000a2
ffffff6d
00000087
00000068
00000027
0000000b
000000c6
fffffdc5
0000010a
00000156
ffffffeb
00000007
000000cd
0000015b
0000001c
ffffffd5
00000270
fffffe66
fffffe3d
000000dc
ffffff9b
ffffff3d
00000039
ffffffd9
0000004f
fffffff4
000000f9
00000083
00000057
fffffea5
ffffffbb
0000006b
00000103
ffffff26
00000006
ffffff70
ffffff8b
ffffff9b
00000052
fffffe3d
fffffd80
fffffe89
00000184
ffffff5c
fffffeae
00000041
00000016
ffffffe3
ffffff36
ffffff09
ffffff7d
fffffe2d
00000181
ffffff74
000000ad
00000185
000001b4
fffffea4
ffffff1b
0000003f
fffffea6
ffffff43
000000d1
00000109
00000040
00000043
000000d3
ffffff88
00000078
fffffe12
fffffeb9
000000b1
ffffffd2
00000135
ffffff57
00000038
fffffe78
00000198
ffffff29
00000041
fffffeb6
fffffec4
ffffff7d
ffffffdb
fffffc83
fffffe68
ffffffe5
fffffe51
fffffece
ffffff27
fffffe58
000000dc
00000060
fffffd84
ffffffa6
0000008e
fffffe85
00000056
000000e5
fffffe39
ffffffd9
ffffff77
00000042
00000038
ffffffda
00000007
00000083
ffffff70
fffffefe
0000007d
0000002b
0000006f
fffffc91
00000103
00000042
ffffffa9
fffffee7
0000002b
ffffffdd
ffffff12
0000000e
ffffff01
0000009c
ffffffb4
0000007d
fffffffe
ffffffb2
0000019c
000000a6
ffffff81
0000009b
ffffffc8
ffffffcf
0000000d
000000ec
fffffe2c
000000e1
00000130
00000039
ffffffc5
000000c1
000000f1
fffffffa
ffffffe2
000001e0
ffffff0e
fffffe50
00000081
fffffff4
ffffff7a
ffffffee
ffffffad
00000051
ffffffe5
000000d3
0000007f
0000008b
fffffee0
ffffff65
0000004a
0000009b
ffffff31
00000029
ffffff1e
ffffff94
ffffff88
0000000e
fffffeba
fffffd3b
ffffff2a
00000160
ffffff7d
ffffff3e
0000005e
fffffff6
00000083
ffffff4b
0000000f
ffffff92
fffffe86
0000016b
ffffff77
00000072
0000013a
000001ad
fffffe7c
ffffff85
ffffffb1
fffffea9
ffffffb5
000000b8
00000096
0000001d
ffffffe5
00000058
ffffff71
ffffffe7
fffffe9e
fffffedd
00000097
00000016
00000163
ffffffdf
00000017
fffffe5d
0000014b
ffffff24
0000004f
ffffff40
fffffee5
ffffffbd
ffffffdf
fffffcf9
fffffe4a
ffffffce
fffffebc
ffffff3a
ffffff5f
fffffe50
0000010d
00000068
fffffcf8
ffffff47
00000093
fffffdfa
0000008e
00000113
fffffe10
ffffffd0
00000001
0000004b
ffffffe7
00000043
ffffffe3
00000055
ffffff76
fffffef0
00000029
0000001d
00000039
fffffca4
00000094
ffffffdc
ffffff5b
ffffff02
0000002b
fffffff1
ffffff7c
0000004a
ffffff71
0000009b
00000011
0000001a
ffffffcb
00000021
000000cf
000000f8
ffffff74
00000044
00000012
ffffffd8
00000033
000000e1
fffffdab
000000d5
000000ee
ffffffd5
00000018
0000008f
00000131
00000006
00000002
000001af
fffffead
ffffff14
000000ff
fffffffc
ffffff31
0000001c
ffffffcc
00000051
0000000c
000000f7
0000008e
000000c9
fffffedf
ffffffc1
00000043
00000093
ffffffa0
00000031
ffffff27
ffffff8e
ffffff71
fffffffb
fffffea4
fffffd74
fffffeae
00000166
ffffff40
ffffff56
00000065
00000008
00000006
ffffff53
ffffff71
ffffff6b
fffffe5c
0000011c
ffffff95
00000047
00000194
00000198
fffffeae
ffffff43
00000007
fffffed7
ffffff7b
0000008f
0000009c
00000063
fffffff8
0000006f
ffffffea
0000003d
fffffe61
fffffedf
000000d5
ffffffe4
00000157
ffffffba
0000002a
fffffe75
00000183
fffffed9
0000004f
ffffff17
fffffefa
ffffff90
00000068
fffffce9
fffffe28
ffffffb4
fffffea0
ffffff23
ffffff3c
fffffe5b
00000072
ffffffb1
fffffe1c
ffffffe5
00000079
fffffefe
0000002c
000000da
fffffe10
ffffffd9
ffffff75
0000004c
00000014
ffffffed
ffffff9a
00000091
fffffeec
ffffff4e
0000003a
fffffffe
0000000d
fffffcdc
00000107
ffffff31
ffffffbe
ffffff1a
00000081
ffffffc8
ffffff35
00000054
ffffff7c
0000003d
0000000f
0000008b
00000011
0000002f
00000126
0000010d
ffffffc8
0000005a
ffffffcc
00000047
0000001b
000000b0
fffffe25
000000d8
000000b9
00000005
ffffff94
000000cc
0000011d
0000000a
ffffffa6
000001aa
fffffec0
fffffef4
000000b5
0000000a
ffffff71
ffffffd5
ffffffd6
00000091
ffffffec
000000bc
000000be
000000c9
ffffff40
ffffffb7
000000f0
00000058
ffffff1d
0000001c
ffffff9b
ffffff5b
ffffff6e
00000065
fffffe97
fffffd4c
ffffff38
00000142
ffffff97
ffffff46
00000087
ffffffa9
00000040
ffffffdc
0000002f
ffffffb2
fffffec2
00000139
ffffffd3
000000a6
00000126
0000016c
fffffe55
ffffffb6
0000000d
fffffeac
ffffffb7
00000119
000000a4
00000047
0000000d
00000055
ffffffe1
0000005a
fffffec1
fffffec7
00000059
00000035
0000016f
ffffff88
00000046
fffffe82
000000db
ffffff03
00000079
ffffff65
ffffff2c
ffffffcd
00000012
fffffdaf
fffffe28
fffffff0
fffffeab
ffffff86
ffffff7f
fffffe41
000000d2
00000055
fffffcb0
ffffff28
0000009d
fffffe32
0000006d
00000102
fffffdf4
ffffffde
ffffffcf
00000039
00000026
00000024
ffffffff
00000026
ffffff94
fffffeba
00000071
0000003d
0000005c
fffffbda
000000e1
ffffffc6
ffffff91
fffffef9
00000040
ffffffe7
ffffff10
fffffff8
ffffff6a
000000f6
ffffffc1
00000000
00000013
ffffffde
0000018b
00000084
ffffff8c
000000a6
ffffffe4
ffffffdb
00000022
000000d4
fffffd69
0000012c
00000130
0000001b
ffffffe4
000000a2
00000139
0000000f
ffffffa2
00000223
fffffe46
fffffea7
0000009a
00000026
ffffff58
0000000f
ffffffd9
0000006f
00000007
00000129
0000009b
0000004d
fffffec4
ffffff71
00000050
000000d2
ffffff40
ffffffef
ffffff63
ffffff90
ffffffad
00000019
fffffe36
fffffc91
fffffeb2
000001b6
ffffff55
ffffff1a
0000008b
fffffffd
0000003f
ffffff68
ffffff7a
ffffff8b
fffffe58
00000180
ffffff6d
000000ac
000001c0
000001c9
fffffe6e
ffffff63
00000011
fffffea7
ffffff5c
000000ff
000000e6
0000006f
0000003c
000000a9
ffffff85
00000040
fffffe3c
fffffeab
00000091
ffffffc6
0000016a
ffffff52
0000006e
fffffe82
00000189
fffffefd
00000043
fffffefc
fffffed3
ffffffe1
fffffff6
fffffc62
fffffe2c
00000006
fffffe5b
fffffece
ffffff60
fffffe3d
00000096
00000038
fffffc8a
ffffff3c
00000065
fffffe03
0000003e
0000012d
fffffe07
ffffffc0
ffffffb7
ffffffd3
fffffffa
0000005b
0000001b
0000000a
ffffff83
fffffec4
00000023
00000040
00000080
fffffc60
000000ae
0000002b
ffffff98
fffffee2
0000005d
ffffffe1
ffffff25
00000008
ffffff90
000000b6
ffffffc5
0000000d
ffffffe2
ffffffe7
00000153
000000f7
ffffff7e
00000064
ffffffce
ffffffcc
00000039
00000093
fffffd6b
00000110
00000111
0000004b
fffffff1
0000008b
00000128
ffffffe7
ffffff6d
0000020b
fffffe34
fffffecb
00000080
0000001d
ffffff6b
00000003
ffffffd8
00000040
00000011
00000115
000000d8
00000042
fffffeaf
ffffff7b
0000008f
000000ca
ffffff58
ffffffa5
ffffff40
ffffffc0
ffffffb3
0000001d
fffffe3a
fffffd01
fffffef1
00000174
ffffff2b
ffffff59
00000053
0000001e
0000004d
ffffff27
ffffff41
ffffffc5
fffffea6
00000191
ffffff47
000000ba
000001a8
000001c7
fffffe80
ffffff40
fffffffe
fffffec8
ffffff63
000000fe
000000d5
00000028
00000037
000000b0
ffffff8f
0000003d
fffffe38
fffffe6f
000000a4
ffffffcf
00000154
ffffff6c
00000039
fffffe67
00000173
ffffff09
00000059
fffffee8
fffffed1
ffffffaa
0000005b
fffffc84
fffffe2f
fffffff3
fffffe45
fffffeed
ffffffa2
fffffe1b
000000b4
0000006d
fffffd0c
ffffffa1
000000e8
fffffe7e
00000091
00000110
fffffe30
ffffffe4
ffffffb6
00000035
00000029
0000005a
ffffffed
00000088
ffffff6b
ffffff35
00000075
00000048
00000057
fffffc98
000000e7
ffffff82
ffffffbd
fffffeed
0000004e
ffffffb1
ffffff1b
00000028
ffffff78
000000ad
00000024
00000027
fffffffb
00000014
0000014b
0000007a
ffffff63
000000b2
00000088
00000022
00000010
000000d5
fffffe3c
00000101
00000123
00000010
ffffffeb
000000e1
00000137
fffffff8
ffffffed
00000231
fffffe99
fffffea3
00000098
ffffffab
ffffff6c
ffffffdd
ffffffc6
00000094
ffffffb7
000000c5
000000e4
00000070
ffffff07
ffffffaf
000000b4
000000e2
ffffff01
ffffffea
ffffff68
ffffff83
ffffff67
00000018
fffffe39
fffffdae
fffffee1
0000018c
ffffff32
ffffff02
0000007a
00000013
ffffffec
ffffffa3
ffffff97
ffffffab
fffffe3c
0000017a
ffffff84
000000c4
00000156
000001ce
fffffe4c
ffffff54
ffffffe9
fffffec1
ffffff5a
00000100
000000fb
00000055
0000001e
00000076
ffffff92
fffffffd
fffffe53
fffffe8e
00000097
ffffffc4
0000013b
ffffff73
00000022
fffffe56
00000127
fffffede
00000046
fffffefe
fffffef5
ffffff78
00000007
fffffd0e
fffffe33
ffffffdb
fffffe50
ffffff0e
ffffffc0
fffffe24
000000a5
fffffff5
fffffcff
ffffff9d
0000003c
fffffe91
00000069
000000c8
fffffe4d
ffffffd7
ffffffd2
0000000e
0000000f
fffffffe
ffffffe2
00000046
ffffff8f
ffffff0d
0000005c
00000009
0000000d
fffffc9c
000000b6
ffffff9a
ffffffb7
fffffede
00000060
fffffffa
ffffff4c
0000004c
00000001
000000a7
0000002a
0000004b
ffffff72
00000025
000000f8
000000cc
ffffff62
0000008d
ffffffc6
0000003c
00000023
0000009d
fffffe21
000000c3
000000e3
00000056
ffffffcf
000000b1
00000144
00000011
ffffff7a
0000022e
fffffebb
fffffebe
0000007c
00000028
ffffff83
0000000f
ffffffa2
0000006f
ffffffff
000000dd
000000b3
00000060
fffffed0
ffffffcf
0000007b
00000098
ffffff49
0000000e
ffffffae
ffffffb0
ffffffa5
00000048
fffffe5c
fffffd45
fffffef3
0000013b
ffffff3c
fffffee7
00000035
0000000c
0000003d
ffffff87
ffffffaf
0000001e
ffffff0c
00000149
00000007
000000cf
00000114
000001a3
fffffebb
ffffff0d
ffffffaf
fffffed7
ffffff42
000000e0
000000db
fffffff1
00000050
0000006f
ffffff6d
00000095
fffffe61
fffffe7e
00000065
0000001a
0000014f
ffffff86
00000039
fffffe8e
0000011d
ffffff5b
00000006
fffffebf
fffffef5
ffffff48
0000001e
fffffd28
fffffe8e
0000001b
fffffe3c
ffffff39
ffffff91
fffffe3e
0000009e
0000005a
fffffd44
ffffff60
00000069
fffffe44
0000009f
000000e3
fffffe63
00000005
ffffffe3
00000041
0000001c
0000002e
fffffffc
00000035
ffffffb5
ffffff3a
00000022
0000000d
0000003e
fffffc8f
0000009a
ffffffb5
ffffff86
ffffff03
00000048
ffffffdb
ffffff35
00000045
ffffffb0
00000089
fffffffb
00000022
ffffffa5
00000052
00000121
000000dd
ffffff68
000000a8
fffffff6
ffffffdb
00000049
0000012f
fffffe33
000000cb
000000ea
0000000f
ffffffbd
000000a1
0000012a
00000026
00000013
000001ca
ffffff0d
fffffee7
00000094
0000001b
ffffff79
ffffffd2
ffffffbc
00000048
ffffffee
000000f3
0000007a
000000a4
fffffede
00000004
00000052
000000a8
ffffff5c
00000033
ffffff71
ffffff51
ffffff54
00000012
fffffea1
fffffd99
fffffec4
0000013f
ffffff3d
ffffff6f
0000006b
00000030
0000001d
ffffff9c
ffffffae
ffffffa6
fffffe80
0000013b
ffffff79
000000b2
00000153
00000168
fffffec6
ffffff4f
ffffffb4
fffffeb2
ffffff6a
00000105
000000af
00000037
00000019
00000055
ffffffac
0000002c
fffffe70
fffffeb9
00000095
ffffffbb
00000141
ffffff62
0000004d
fffffea6
0000013c
ffffff18
00000043
fffffefe
ffffff1b
ffffff95
ffffffbe
fffffd31
fffffe71
ffffffeb
fffffe35
ffffff1b
ffffff7b
fffffe4a
000000fc
00000055
fffffd16
ffffff9a
00000095
fffffe69
0000006e
00000115
fffffe16
00000001
ffffff7d
00000057
0000002d
0000003a
ffffffc4
0000006e
ffffff9a
fffffef2
0000002c
ffffffde
fffffffe
fffffc65
000000b9
ffffffca
ffffffd2
fffffebd
0000002a
ffffffc5
ffffff68
0000005e
ffffff6c
0000006f
00000030
0000001c
ffffffa0
00000014
000000bd
000000b4
ffffff31
0000007c
fffffff9
ffffffe3
00000042
000000c9
fffffd79
000000cd
0000010e
00000019
ffffffe8
000000b3
00000133
00000008
fffffff4
000001e5
fffffe96
fffffeee
000000a6
00000004
ffffff5d
ffffffe3
ffffffd7
0000007b
ffffffe2
000000d9
00000094
000000c0
ffffff0b
ffffffe3
00000084
0000008e
ffffff68
0000000a
ffffff3d
ffffff9a
ffffff4c
fffffff0
fffffea0
fffffd66
fffffef5
0000012b
ffffff35
ffffff3b
0000009c
00000001
00000041
ffffff55
ffffff8c
ffffff9f
fffffe7d
00000162
ffffff8a
00000086
0000014f
000001ae
fffffea1
ffffff61
ffffff97
fffffef2
ffffff55
000000d8
000000a5
00000024
00000003
0000003c
ffffff89
ffffffeb
fffffe7e
fffffebf
000000a7
00000002
00000167
ffffffbb
fffffff4
fffffe43
00000134
fffffee5
00000041
ffffff0b
ffffff26
ffffff4b
00000032
fffffd48
fffffe6b
ffffffcf
fffffe83
ffffff71
ffffffee
fffffe24
00000047
00000038
fffffd18
ffffff5f
0000006f
fffffeaf
00000020
000000f1
fffffe34
ffffffcf
ffffffec
0000001e
00000045
00000053
ffffffd6
00000048
ffffff70
ffffff1c
0000005a
0000009f
00000085
fffffca8
00000084
ffffffd6
ffffffb1
ffffff53
0000004d
ffffffb5
ffffff6c
00000028
ffffffe3
000000a1
ffffffc8
00000044
ffffffd8
00000026
000000f2
00000106
ffffffea
0000005d
00000033
00000037
00000019
000000cf
fffffe35
000000d2
00000095
0000001b
ffffffee
00000062
00000118
fffffff4
ffffff80
000001db
fffffea1
fffffe94
00000066
fffffff2
ffffff9d
00000032
ffffff97
00000074
ffffffe4
000000ec
000000aa
0000004c
fffffedf
ffffffd2
0000006b
0000008a
ffffff6c
ffffffeb
ffffffba
ffffff5f
ffffff85
00000035
fffffe59
fffffde4
fffffec1
0000014f
ffffff73
ffffff1a
000000a5
00000050
00000014
ffffffb9
ffffffe3
0000003b
fffffeaa
0000010a
ffffff90
000000c0
00000112
0000015b
fffffe7e
ffffff5f
ffffffe5
fffffec4
ffffff92
00000156
000000e1
00000035
00000019
00000083
ffffff9a
0000004c
fffffe6b
fffffe95
00000070
ffffffb0
00000139
ffffff03
00000075
fffffed2
00000140
ffffff47
00000042
fffffefa
ffffff1b
ffffffc9
ffffffce
fffffcfc
fffffdff
00000024
fffffe72
fffffec5
ffffff34
fffffe4d
00000091
00000016
fffffd1b
ffffff66
0000002d
fffffe6f
00000063
00000107
fffffe61
fffffffa
ffffff8c
ffffffca
00000021
0000000e
00000028
00000038
00000034
ffffff0d
0000002f
ffffffce
00000075
fffffc67
000000d9
00000012
ffffffdb
ffffff27
0000006b
ffffffc3
ffffff0b
00000035
00000004
0000007a
fffffff7
0000005f
ffffff92
ffffffd3
00000145
000000f0
ffffff58
000000b6
ffffff84
ffffff97
00000061
000000c4
fffffdb9
000000f7
00000121
0000006c
ffffffc5
0000008e
0000012d
00000000
ffffffd2
00000244
fffffeb2
fffffe3a
00000028
00000001
ffffff62
ffffffc6
ffffffe6
0000004e
00000020
000000e2
0000007d
0000001a
fffffef5
ffffff80
0000006e
000000c7
ffffff64
00000009
ffffff90
ffffff9e
ffffffc6
00000060
fffffea1
fffffd02
ffffff3c
0000012b
ffffff75
ffffff34
0000002d
00000003
00000061
ffffff52
ffffffc0
ffffffd6
fffffec2
00000164
ffffff36
000000bb
0000014a
00000183
fffffed6
ffffff67
fffffff4
fffffe7f
ffffff69
00000120
000000df
0000000c
00000029
00000092
ffffff92
00000027
fffffe45
fffffe65
0000005a
ffffffe4
00000166
ffffff52
00000034
fffffeb2
00000124
ffffff2e
00000034
ffffff00
ffffff12
ffffff78
fffffff0
fffffd27
fffffe97
ffffffe4
fffffe3b
ffffff40
ffffffb6
fffffe1b
000000e8
00000064
fffffd56
ffffffb1
0000009b
fffffe38
0000002f
00000140
fffffe31
0000001c
ffffff83
0000003e
00000052
00000034
ffffffd8
00000091
ffffff83
ffffff14
00000037
fffffff9
00000059
fffffc8c
000000ce
ffffffc7
ffffffca
fffffed6
00000037
ffffff97
ffffff3a
00000024
ffffff85
00000063
00000014
0000003d
ffffffa8
00000022
000000d7
000000c0
ffffff5a
00000078
00000012
ffffffae
00000029
000000e1
fffffda8
000000c9
00000105
00000022
00000016
00000083
00000156
0000002d
ffffffeb
000001ee
fffffeb9
fffffeb5
00000038
ffffffca
ffffffa8
ffffffdb
ffffffac
0000007c
ffffffcd
000000d7
00000093
00000079
ffffff13
ffffffd3
0000005a
00000088
ffffff3f
ffffffdc
ffffff61
ffffff7e
ffffff8f
fffffff0
fffffea6
fffffd63
fffffecc
00000176
ffffff37
ffffff71
0000008e
00000024
00000029
ffffff46
ffffff72
ffffffb9
fffffe53
00000175
ffffff75
0000009c
0000015d
00000196
fffffe9f
ffffffa2
ffffffc6
fffffed7
ffffff5a
00000133
000000a5
00000094
fffffff1
0000004e
ffffff8e
ffffffd0
fffffe58
fffffe83
00000083
ffffffe4
0000018f
ffffff7e
00000021
fffffe9a
0000013d
fffffee8
0000004f
ffffff67
ffffff35
ffffff84
00000022
fffffd05
fffffdf5
ffffffbf
fffffe73
ffffff1d
ffffffa9
fffffdff
000000ab
0000001d
fffffd63
ffffffb5
00000062
fffffe7e
00000038
000000e5
fffffe00
00000003
ffffffd3
00000057
00000031
ffffffe3
ffffffc0
0000008f
ffffff6e
ffffff16
00000065
0000000c
0000001d
fffffc6f
000000ef
ffffff93
ffffffc3
ffffff0f
00000061
ffffffd7
ffffff55
0000004a
ffffffd2
0000008b
ffffffe7
00000096
ffffffad
0000000a
00000101
0000010a
ffffffd3
00000071
ffffffcd
0000002f
00000022
0000010e
fffffe4d
000000a4
000000e6
00000034
ffffffd1
0000006b
0000015c
ffffffff
ffffffae
0000020c
ffffff04
fffffe87
00000077
fffffffe
ffffff80
0000000d
ffffff75
00000078
ffffffba
000000ea
00000097
0000009e
fffffeff
ffffffbe
00000062
00000065
ffffff31
00000054
ffffff81
ffffff56
ffffff7e
0000003b
fffffe7e
fffffd0e
fffffef1
00000156
ffffff75
ffffff00
00000072
00000000
0000003f
ffffffa4
00000021
00000011
fffffeac
0000012b
fffffffa
00000091
00000102
000001a2
fffffe88
ffffff5a
ffffffba
fffffe89
ffffff81
0000011e
000000d7
00000016
00000015
00000059
ffffff82
0000003e
fffffe6a
fffffe87
00000057
ffffffff
00000182
ffffff93
00000048
fffffe72
0000012e
ffffff1c
00000028
fffffefe
fffffedf
ffffff7a
ffffffcc
fffffd0e
fffffe35
fffffffa
fffffe72
ffffff32
ffffff71
fffffe5f
00000092
00000023
fffffe02
00000004
00000082
fffffeea
000000a7
000000ea
fffffea9
fffffffe
ffffffab
00000042
00000045
fffffff7
ffffffbc
00000062
ffffff5c
ffffff6b
0000003d
00000003
00000050
fffffce4
000000eb
ffffff6d
ffffffe4
ffffff4b
00000028
ffffffa3
ffffff19
0000003f
ffffffd5
00000024
00000003
00000094
00000010
00000014
00000116
000000c6
ffffffa7
00000086
0000000a
ffffffff
0000000a
000000f3
fffffe9b
000000bc
000000d6
00000004
ffffffa3
000000ae
000000f2
00000010
ffffffef
000001a8
ffffff50
fffffed5
00000046
fffffffb
ffffff9c
ffffffbb
fffffff1
000000ac
ffffffe2
000000a9
0000008e
0000008f
ffffff56
ffffffe6
00000069
00000080
ffffff5e
0000002b
ffffffeb
ffffff8b
ffffff6c
00000022
fffffee2
fffffda9
ffffff2d
00000152
ffffff7c
ffffff7b
0000005b
fffffffe
0000002f
00000014
fffffff1
ffffffc0
fffffeb2
0000012a
ffffff96
000000ce
00000112
0000012e
fffffeb9
ffffffc9
0000000a
fffffece
ffffff8d
00000119
0000006d
0000005d
ffffffc2
00000055
ffffffcd
0000002d
fffffeaf
fffffeb1
0000008f
ffffffdf
00000132
ffffff35
00000042
fffffee1
000000e9
fffffeef
00000078
ffffff7a
ffffff4f
fffffffc
fffffff3
fffffdd9
fffffe59
ffffffc5
fffffe7f
ffffff4c
ffffff4b
fffffeab
000000fb
0000002d
fffffd3d
ffffff4e
0000003c
fffffe29
0000000a
000000ed
fffffe67
fffffff8
00000004
00000030
0000002a
0000000d
00000026
0000003a
ffffffcd
ffffff4c
0000005e
0000002f
0000002b
fffffcb5
00000058
0000002c
ffffff86
ffffff0d
00000001
00000020
ffffff80
0000002b
ffffff15
000000cf
ffffffef
0000003e
ffffff7a
ffffffe1
00000120
00000091
ffffff55
0000004e
ffffffc0
fffffff7
00000024
000000cc
fffffe50
000000bb
000000b8
0000003f
00000014
000000b8
000000f5
ffffffdb
ffffffc7
00000173
ffffff36
ffffff04
0000004e
0000004b
ffffff7d
0000003a
fffffff1
00000024
00000014
000000b0
00000070
0000005d
fffffee9
ffffffcd
00000037
00000088
ffffffbe
00000016
ffffff1d
ffffff96
ffffff94
00000043
fffffed4
fffffdaf
ffffff05
00000138
ffffff58
ffffff4f
0000003f
fffffff8
00000041
ffffff1d
ffffffa2
ffffff9b
fffffef3
00000107
ffffffce
0000001d
0000012c
00000167
fffffef0
ffffff7a
ffffffd7
fffffee6
ffffff6d
0000005f
0000009f
00000005
ffffffff
00000065
ffffffa4
00000051
fffffeba
ffffff01
000000a3
fffffff4
0000012c
0000001f
ffffffe4
fffffe88
0000014f
ffffff6b
00000053
ffffff5b
ffffff24
ffffff5e
00000049
fffffcfe
fffffe56
ffffffce
fffffecb
ffffff48
ffffff7b
fffffe63
000000e8
0000004b
fffffd56
ffffff90
000000d1
fffffe6e
0000008f
000000fe
fffffe7b
ffffffee
ffffffd1
0000005d
0000002a
00000058
fffffff0
0000003b
fffffffe
ffffff2e
0000004c
0000000c
0000007c
fffffca1
000000b4
ffffffbf
ffffff7f
ffffff2b
fffffff6
ffffffcd
ffffff09
00000025
ffffff7b
000000b8
ffffffff
00000011
ffffffcd
00000001
0000015b
00000051
ffffff62
0000008d
0000004d
ffffffcf
00000025
000000dc
fffffe0f
000000e4
00000105
fffffff8
ffffffb5
000000a4
00000131
00000023
00000001
000001d5
ffffff15
fffffe94
0000007b
ffffffec
ffffff89
ffffffdc
ffffffe8
00000050
00000002
000000ac
00000059
0000007d
fffffeff
ffffffc3
0000004b
000000dc
ffffff20
00000019
ffffff61
ffffffa3
ffffff9e
00000013
fffffeaa
fffffdc7
fffffebe
0000017c
ffffff7d
ffffff2a
00000084
ffffffec
00000033
ffffff78
ffffff4e
ffffff85
fffffe5f
00000166
ffffff8c
00000098
00000143
00000171
fffffed6
ffffff9b
ffffffff
fffffec8
ffffff5b
000000d1
00000096
00000059
00000013
00000091
ffffff9a
00000022
fffffe6b
ffffff0a
00000092
ffffffca
00000130
ffffff71
00000041
fffffed6
00000145
ffffff21
00000029
ffffff57
ffffff1e
ffffffc9
ffffffcf
fffffd13
fffffe84
ffffffd4
fffffe6d
fffffefd
fffffd63
fffffefd
00000071
fffffed2
0000019d
ffffffa8
00000061
0000029f
fffffebc
000001a0
00000033
00000176
fffffc32
000000c1
ffffffb6
fffffe3f
ffffff6f
ffffff2b
fffffeb4
fffffd87
fffffdc3
fffffe1f
fffffe70
fffffea1
ffffff44
fffffaf0
00000043
fffffe7a
00000054
0000009c
fffffe71
ffffff81
ffffff19
000001ff
000000f6
fffffe17
000000b9
ffffffba
fffffe27
fffffdc9
fffffd05
00000164
fffffc79
fffffea7
0000003e
00000089
0000001a
ffffff7e
ffffffd7
00000238
000000ea
fffffff9
000001f0
ffffffaf
00000052
00000343
ffffff9c
ffffff02
fffffcde
ffffffe2
00000025
fffffd9b
ffffff5e
ffffff1c
fffffd46
fffffd1a
ffffff00
fffffee4
00000278
fffffdbb
fffffdd1
fffffdf8
fffffe5c
fffffef1
fffffdad
fffffb32
ffffff5a
ffffffb9
ffffff67
fffffcff
ffffff90
fffffb26
ffffff3e
ffffff8d
fffffdb2
00000030
fffffa49
0000006f
0000012d
ffffff3b
000000d9
fffffe17
fffffed3
00000145
fffffe4a
fffff9f1
ffffff83
00000008
fffffdf2
ffffff76
fffffbac
00000274
ffffff62
fffffdc3
fffffde1
fffffc10
fffffd48
fffffeef
fffffc57
00000060
fffffd41
0000010f
fffffc7e
000000ad
fffffe41
00000089
fffffd2e
fffffe75
0000014a
ffffff92
0000004b
fffffda6
fffffe80
00000186
fffffe1f
fffffeea
fffffe33
fffffff8
fffffdb2
fffffe8b
0000003f
fffffebf
000001ec
fffffff9
00000043
00000286
fffffe85
000001e6
00000006
0000016d
fffffc48
000000c0
ffffff65
fffffebf
ffffffad
fffffee7
fffffe9e
fffffdd8
fffffe27
fffffe3c
ffffff09
fffffe2c
ffffff3e
fffffa69
00000064
fffffe7a
0000008e
00000026
fffffead
ffffff0e
ffffff9c
0000022b
000000fa
fffffe78
00000003
ffffffe0
fffffe59
fffffde4
fffffd02
0000016d
fffffcb7
fffffeae
0000001c
000000f0
ffffff7b
ffffffd7
ffffffab
000001e7
000000fb
ffffff54
0000023f
ffffffe8
0000007c
0000030a
ffffff53
fffffe85
fffffc7e
ffffffb7
0000005b
fffffcc1
ffffff07
ffffff4a
fffffd6f
fffffc99
fffffeed
fffffeb2
0000028e
fffffe15
fffffdbc
fffffea0
fffffe2b
ffffff05
fffffe53
fffffa6c
ffffff6c
ffffff6b
ffffff41
fffffcc2
ffffffa5
fffffbac
ffffffb7
ffffffa1
fffffdbd
00000026
fffffb0e
000000b5
0000017f
ffffff40
00000080
fffffe2b
fffffe9b
00000168
fffffede
fffff9df
ffffff8f
00000003
fffffded
ffffff40
fffffbfd
000002a4
ffffffba
fffffdb7
fffffe18
fffffc6c
fffffd95
ffffff25
fffffc6b
ffffffbe
fffffd56
0000010f
fffffc5e
00000084
fffffea8
000000ad
fffffd3b
fffffe44
00000192
fffffff9
0000002e
fffffdcc
fffffd90
000001ac
fffffe2b
ffffff1d
fffffdfd
00000039
fffffdb1
fffffef5
0000006a
fffffe8e
000001ac
ffffff88
0000004d
0000026b
fffffedc
000001d1
ffffffde
000001bc
fffffc47
00000080
ffffff45
fffffe4d
ffffffa5
fffffea1
fffffed1
fffffde6
fffffd60
fffffdc0
fffffe65
fffffe71
ffffff21
fffffad7
0000010e
ffffff1c
0000001b
0000008e
fffffe7e
ffffff26
ffffff12
0000020b
00000136
fffffdd1
00000029
00000017
fffffe8b
fffffe4e
fffffd24
00000162
fffffcd0
fffffdf2
00000078
000000e7
ffffff58
ffffff41
00000043
00000253
00000174
ffffff71
0000024f
ffffffaa
000000a5
00000361
ffffff7d
fffffeee
fffffcb8
fffffffa
00000079
fffffd8e
ffffff41
ffffff12
fffffd5b
fffffd78
fffffec8
ffffff38
000002c3
fffffe24
fffffd9a
fffffe57
fffffe60
ffffff2b
fffffdbb
fffffb1c
fffffeed
ffffff95
ffffffa3
fffffd2f
00000003
fffffbcd
ffffff19
ffffff85
fffffd0f
00000010
fffffa33
00000071
000000e0
ffffffa2
00000099
fffffe8c
fffffe94
00000119
fffffe06
fffff9d5
0000000c
00000047
fffffe0a
ffffff4c
fffffb86
000002c4
ffffffd6
fffffda7
fffffe12
fffffb67
fffffd69
fffffe6d
fffffc6c
00000006
fffffd46
0000010a
fffffbd0
00000050
fffffe1d
ffffffb1
fffffd78
fffffe73
000001a9
ffffff6e
00000023
fffffddc
fffffdb5
0000015e
fffffe96
ffffff2a
fffffe07
ffffffd0
fffffd31
fffffebb
ffffffcb
fffffea8
000001ab
ffffffde
fffffffc
0000023f
fffffed2
000001c0
ffffffa5
00000167
fffffc3d
000000d7
ffffff96
fffffecc
ffffff9b
ffffff1b
fffffea5
fffffe28
fffffe6a
fffffe9f
fffffec2
fffffe6c
ffffff84
ffffface
0000009c
fffffef3
00000098
000000a3
ffffff08
ffffff18
ffffff13
000001d7
000000df
fffffee1
00000003
ffffffee
fffffe6a
fffffe52
fffffcfd
00000138
fffffd07
ffffff31
0000005d
00000090
00000008
ffffffc0
ffffff9c
0000021d
000000c1
ffffffcb
0000023c
ffffffde
fffffff8
000002bc
00000022
fffffea8
fffffcb4
ffffff74
00000050
fffffce9
ffffff4c
ffffff47
fffffd63
fffffd20
ffffff09
ffffffb4
00000271
fffffe1a
fffffe2a
fffffe43
fffffe7b
ffffff08
fffffe6a
fffffabd
ffffff28
ffffffc2
ffffff46
fffffd8b
0000004a
fffffbb9
ffffff9f
ffffffcc
fffffdc7
ffffffe5
fffffb2f
00000104
000001f9
ffffff67
000000e5
fffffe21
fffffec0
00000196
fffffe91
fffff9c0
ffffff70
00000022
fffffe7d
fffffecf
fffffbf3
00000283
ffffff95
fffffdaf
fffffe1e
fffffc5f
fffffdb8
ffffff62
fffffce4
ffffffa7
fffffda5
0000016a
fffffcae
00000121
fffffe5a
ffffffc2
fffffd2d
fffffe64
0000013a
ffffff9a
00000017
fffffdb8
fffffdc8
0000013e
fffffde8
ffffff1f
fffffeaa
00000047
fffffe1e
ffffff02
00000067
ffffff16
0000016e
ffffffb5
00000057
00000219
fffffeb1
00000180
ffffffdd
000001ab
fffffd06
00000093
ffffff51
fffffe23
ffffff89
ffffff33
ffffff15
fffffdbb
fffffd9c
fffffda1
fffffebe
ffffff04
ffffff17
fffffaec
000000bb
fffffeef
00000073
0000002f
fffffe45
ffffff25
ffffffde
000001f4
00000137
fffffe26
ffffffec
fffffff9
fffffecf
fffffe32
fffffd4f
0000016a
fffffcb2
fffffe5d
00000065
000000cd
ffffffa1
ffffff7c
00000056
00000225
000000c9
ffffff73
00000216
0000002f
00000142
00000327
ffffffaa
ffffff1d
fffffcc1
ffffff3a
0000005b
fffffd18
ffffff5d
ffffff1b
fffffdd6
fffffd04
fffffed2
ffffff04
00000241
fffffe4c
fffffdd0
fffffe7d
fffffdfb
ffffff6b
fffffe34
fffffaf5
ffffffbb
ffffffc8
ffffff9c
fffffceb
ffffff93
fffffc31
ffffff26
ffffffca
fffffd56
0000004a
fffffa33
0000008d
000000ab
ffffff4e
00000043
fffffe74
fffffe3a
0000012e
fffffeb6
fffffa1b
00000063
ffffffde
fffffe62
ffffff43
fffffbac
0000025a
ffffff71
fffffe30
fffffe91
fffffbcb
fffffd49
fffffeb2
fffffc9d
00000015
fffffe01
000000f7
fffffc4e
0000001e
fffffe91
000000b7
fffffdca
fffffe52
0000013c
ffffff8a
0000002a
fffffe15
fffffddc
00000122
fffffee2
fffffeff
fffffe52
ffffffd0
fffffd1c
fffffeb5
fffffff1
fffffed1
000001b3
ffffffbc
00000066
000002e1
ffffff11
000001ef
fffffffc
00000140
fffffcb5
000000a3
fffffffe
fffffec6
ffffff5a
fffffde2
fffffdca
fffffe23
fffffd29
fffffe10
fffffee7
fffffe74
ffffff04
fffffb0a
0000002f
fffffebf
00000007
00000060
fffffed6
0000000a
fffffee6
00000190
0000011e
fffffdba
0000007b
0000001a
fffffe59
fffffe59
fffffcd5
000001ae
fffffcff
fffffe2b
00000054
000000ef
ffffffbc
ffffff5b
fffffffa
00000263
000000d7
ffffffa6
0000025c
0000005b
00000025
000002aa
00000048
fffffe8b
fffffd3b
ffffff39
0000003a
fffffcfe
fffffe82
ffffff0c
fffffd2e
fffffcb3
fffffeec
ffffffdf
00000254
fffffe15
fffffdb6
fffffe43
fffffe6e
ffffff5b
fffffe8d
fffffad2
fffffe5d
ffffff8f
fffffff7
fffffdf6
ffffffd4
fffffb7b
ffffff7c
00000043
fffffdbf
000000c2
fffffa6e
0000002b
00000143
ffffff22
000000bf
fffffd8b
fffffebf
0000016d
fffffec6
fffff977
ffffff5f
ffffffbb
fffffd82
ffffff42
fffffc17
000002b1
fffffff6
fffffdf0
fffffdd9
fffffc72
fffffdd8
fffffeb5
fffffc27
ffffffd0
fffffd59
00000125
fffffbd1
0000010a
fffffdfd
ffffffe5
fffffdab
fffffde5
00000150
ffffff69
0000003e
fffffdfe
fffffdeb
000001bc
fffffe38
fffffedc
fffffddc
00000068
fffffd2d
fffffeb7
0000006e
fffffea6
00000136
ffffffbe
00000014
000001e7
fffffe1f
0000017c
ffffff48
000001d6
fffffcb9
0000008c
ffffff0e
fffffec6
ffffffba
ffffff2e
fffffe26
fffffda4
fffffdaf
fffffd7c
fffffeba
fffffe33
ffffff25
fffffaa0
0000006a
fffffe92
0000005a
0000008e
ffffff02
ffffffde
fffffe63
000001bf
0000010d
fffffea5
000000ac
ffffffbb
fffffd3a
fffffe9f
fffffcc0
00000174
fffffced
fffffe47
00000061
000000d2
ffffff89
ffffff9c
fffffff2
0000026a
00000107
0000001c
000001e9
ffffff52
00000097
000002d2
ffffff9a
ffffffaf
fffffd17
ffffff72
00000063
fffffd4a
ffffffab
fffffec1
fffffd17
fffffc00
fffffea5
ffffff01
00000294
fffffde0
fffffde5
fffffdde
fffffe74
ffffff3e
fffffdb5
fffffb55
ffffff15
ffffff6d
ffffff47
fffffd3f
00000049
fffffb60
ffffff06
ffffff63
fffffd6d
000000c3
fffffb00
00000090
00000191
ffffff1c
0000008f
fffffe3c
fffffe7e
00000179
fffffe8e
fffff9a2
ffffff5d
00000032
fffffd81
fffffef8
fffffb4d
0000023f
ffffff1a
fffffd2c
fffffdcd
fffffbbf
fffffd6a
fffffe5e
fffffc7d
ffffff5a
fffffe07
00000190
fffffcd0
000000d7
fffffe23
00000061
fffffdc8
fffffe56
00000168
ffffff03
0000003d
fffffd88
fffffe7e
000001c2
fffffdd2
fffffefc
fffffe98
00000022
fffffdcc
fffffe87
0000000b
ffffff92
000001d3
ffffff5a
00000025
000002ee
ffffff2c
000001b8
fffffffd
00000191
fffffd30
00000091
ffffffd8
fffffe8a
ffffff11
fffffe0d
fffffe69
fffffdfa
fffffd01
fffffd3d
fffffec5
fffffdd1
ffffff01
fffffb6c
ffffffd6
fffffdf9
00000031
00000038
fffffe7a
fffffffe
ffffff00
000001b2
000000c5
fffffdeb
0000003b
ffffff9c
fffffe18
fffffe00
fffffd83
000001a7
fffffd06
fffffeb2
0000007e
000000fe
00000012
ffffff4a
0000003e
000001e3
0000007a
ffffff9e
00000274
ffffffc8
00000034
000002da
0000005a
fffffe54
fffffdd4
ffffff76
00000049
fffffcd6
fffffec6
ffffff85
fffffd2d
fffffc33
fffffed0
ffffffca
00000270
fffffe7c
fffffd68
fffffedc
fffffe0f
ffffff65
fffffe53
fffffa81
fffffef6
ffffff55
00000012
fffffc81
ffffffac
fffffbd8
ffffff57
ffffffca
fffffe55
0000004e
fffffa71
00000074
000000f4
fffffe91
000000a2
fffffe03
fffffeae
00000159
fffffee5
fffffabf
ffffff9d
00000018
fffffdd7
fffffe93
fffffc6c
000002ab
00000007
fffffdac
fffffe22
fffffc99
fffffdd7
fffffe9b
fffffc36
ffffffbf
fffffdad
0000012b
fffffc41
00000066
fffffdc0
00000088
fffffe12
fffffe23
00000135
ffffff67
0000004c
fffffd72
fffffe29
00000192
fffffe2d
fffffebc
fffffd82
000000a4
fffffd55
fffffed0
0000006f
fffffefe
000001dd
ffffff86
00000012
000002b3
ffffff02
000001b4
00000011
000001ca
fffffcad
000000fa
ffffff55
fffffee1
ffffffc0
fffffe42
fffffe79
fffffdc9
fffffdf0
fffffd72
fffffeb0
fffffe9e
ffffff61
fffffb21
00000006
fffffe6a
00000029
00000119
fffffed0
ffffff5d
fffffecc
000001f3
0000009c
fffffdef
0000000c
ffffffd3
fffffe5c
fffffde0
fffffcf7
00000153
fffffca0
fffffe89
0000006d
000000d3
ffffffd3
ffffff39
ffffffc6
00000216
000000ea
00000005
0000020a
ffffffed
00000070
000002fc
ffffff97
fffffeec
fffffd0f
ffffffb0
00000077
fffffd5a
ffffffe0
ffffff61
fffffcf6
fffffcff
fffffecd
ffffff08
000002bc
fffffe05
fffffd7b
fffffe8c
fffffdd7
ffffff3a
fffffde9
fffffb03
ffffff26
ffffff58
ffffff5a
fffffcec
ffffff92
fffffb54
ffffff2e
ffffffd9
fffffd96
0000004c
fffffaa9
00000071
00000137
ffffff47
00000016
fffffe5e
fffffed5
0000014e
fffffe60
fffffa14
ffffff84
00000028
fffffe36
ffffff4e
fffffba3
00000241
ffffff79
fffffe05
fffffe1b
fffffc12
fffffd40
fffffec5
fffffcaa
0000004e
fffffda6
0000011a
fffffc59
00000065
fffffeab
00000061
fffffd86
fffffe8a
00000122
fffffff5
00000080
fffffd65
fffffe26
00000164
fffffe33
fffffee4
fffffe6e
ffffffe4
fffffda1
ffffff1a
0000007f
fffffe8c
0000019a
ffffffb4
00000032
00000290
fffffe0b
0000019b
ffffffd7
000001bc
fffffc95
000000cb
ffffff53
fffffe9f
ffffff9c
fffffecf
fffffe94
fffffdef
fffffe17
fffffdf8
fffffe8a
fffffe24
ffffff53
fffffaca
00000048
ffffff20
00000058
00000097
fffffe89
ffffffa7
fffffed6
000001cd
000000d7
fffffe95
00000055
ffffffda
fffffd84
fffffe37
fffffd1e
0000013b
fffffd29
ffffff27
00000054
000000d8
ffffffda
ffffff77
ffffffee
000001f4
00000113
ffffffd2
000001dc
0000001d
000000a1
000002c9
ffffffac
ffffff20
fffffd33
ffffff96
00000090
fffffd1f
ffffffc1
ffffff5b
fffffd30
fffffcbc
fffffee2
ffffff1a
000002be
fffffe28
fffffd80
fffffe1b
fffffdf8
ffffff99
fffffe24
fffffb35
ffffff33
ffffff78
ffffff9c
fffffd7a
ffffffec
fffffb32
ffffff91
ffffff90
fffffd78
00000060
fffffb05
000000af
00000186
ffffff3b
000000c1
fffffe1c
fffffee2
00000165
fffffe65
fffff9e1
ffffffbe
00000004
fffffe2a
ffffff4b
fffffbbc
000001ce
ffffff21
fffffda5
fffffe39
fffffc36
fffffdc2
ffffff24
fffffc8c
fffffff8
fffffdf9
00000157
fffffc98
000000fa
fffffe7c
00000073
fffffd7f
fffffe85
0000014b
ffffff84
00000068
fffffd6f
fffffe24
00000186
fffffe55
ffffff2a
fffffe97
0000003d
fffffd5a
fffffe6e
ffffffcc
fffffea9
0000015c
ffffffa0
0000004d
00000275
fffffe82
00000187
ffffffe7
000001a8
fffffcca
000000ab
ffffff4e
fffffedc
ffffff90
fffffed7
fffffe56
fffffe27
fffffd68
fffffd90
fffffee1
fffffea0
ffffff50
fffffa84
00000052
fffffe81
00000042
000000e4
fffffebd
ffffffca
fffffe97
000001e1
000000b8
fffffe28
00000068
00000005
fffffe71
fffffe47
fffffce8
00000132
fffffd59
fffffe81
0000006a
000000c8
0000000f
ffffffb0
ffffffc8
0000024d
00000120
00000053
0000022f
ffffff78
0000009c
000002d3
ffffffaf
fffffef2
fffffd4d
ffffff55
0000006a
fffffcdd
ffffff27
fffffef4
fffffd06
fffffc62
ffffff14
fffffef4
00000258
fffffdde
fffffdcd
fffffe92
fffffe70
ffffff19
fffffe1c
fffffaa2
ffffff96
ffffff48
ffffff40
fffffd1a
00000037
fffffb44
ffffff7d
ffffffe5
fffffd71
00000074
fffffa7a
000000ae
000001b2
ffffff4c
000000d7
fffffdd8
fffffe65
00000119
fffffe78
fffff9d7
ffffff76
ffffffe7
fffffdec
ffffff12
fffffc28
00000247
ffffff70
fffffdd1
fffffdfc
fffffc8c
fffffdc3
fffffef7
fffffc4f
ffffff91
fffffdd4
00000146
fffffc4d
00000103
fffffe50
00000080
fffffd5f
fffffe96
00000165
ffffff28
fffffff5
fffffd79
fffffe4b
000001b8
fffffdea
fffffefe
fffffe78
0000003e
fffffd31
fffffee8
fffffff9
fffffe43
000001fd
ffffffaa
00000021
00000270
fffffeb9
0000020c
00000096
00000182
fffffc9f
000000b6
ffffff88
fffffeca
ffffff95
fffffed8
ffffff36
fffffe0e
fffffda4
fffffe47
fffffefb
fffffee7
ffffff39
fffffb46
00000036
fffffe85
0000001b
0000009a
fffffe8d
ffffff41
fffffeda
00000235
0000012e
fffffe2c
0000001d
00000005
fffffdce
fffffe26
fffffce9
00000183
fffffd2f
fffffe75
00000063
00000079
fffffffb
ffffff27
ffffffd5
00000256
0000012a
ffffff93
00000211
ffffffe3
0000000a
00000299
ffffff89
fffffe59
fffffc8a
ffffff12
00000045
fffffd89
ffffff18
fffffed1
fffffd4a
fffffcbc
fffffe7c
ffffff2a
000002eb
fffffe1c
fffffd20
fffffe7a
fffffea2
ffffff37
fffffdbd
fffffabf
fffffedc
ffffffa3
ffffff9a
fffffe1b
0000002a
fffffac8
ffffff41
ffffff6b
fffffd5e
00000022
fffffa80
ffffffe3
00000182
ffffff2f
00000086
fffffe0c
fffffece
00000134
fffffe3a
fffff9c0
fffffff3
00000066
fffffe1b
ffffff7f
fffffaf1
000002c2
ffffffff
fffffd75
fffffdd5
fffffc18
fffffd56
fffffeb2
fffffc72
0000005c
fffffcec
0000010f
fffffbf0
000000cf
fffffe4d
00000040
fffffd64
fffffee0
0000011f
fffffff7
00000079
fffffe16
fffffe23
000001c9
fffffe2d
ffffff23
fffffe43
fffffffb
fffffd28
fffffe97
00000013
ffffff09
00000207
ffffffd1
00000040
0000028d
fffffe9a
000001d3
fffffff9
00000199
fffffc2e
000000b9
ffffffc2
fffffebe
ffffff7f
fffffe90
fffffe63
fffffd21
fffffd95
fffffdbf
fffffeda
fffffe69
ffffff47
fffffaca
0000003b
fffffe36
0000007a
00000019
fffffee0
ffffff77
ffffff06
000001c1
000000db
fffffe02
00000089
ffffffb8
fffffdf4
fffffdf7
fffffce4
0000012b
fffffc93
fffffe26
0000007f
000000e3
ffffffaa
ffffff7e
ffffffe6
00000238
00000108
ffffff41
00000227
ffffffbf
000000b5
0000032f
fffffff7
fffffeb5
fffffc8d
ffffff8d
0000007a
fffffca7
fffffef2
ffffff21
fffffd69
fffffc77
ffffff0d
ffffff30
0000028d
fffffd99
fffffda6
fffffe1d
fffffe32
fffffee9
fffffdc5
fffffaaf
ffffff57
ffffff36
ffffffbf
fffffccd
ffffffbf
fffffae7
ffffff6b
00000001
fffffdb9
0000005f
fffffaef
00000057
0000018f
ffffff57
000000a1
fffffe5e
fffffe34
00000132
fffffebb
fffff9bc
ffffff8b
00000023
fffffd93
ffffff0a
fffffc43
000002af
ffffffa4
fffffde3
fffffe0c
fffffbce
fffffdc6
fffffe72
fffffc63
ffffffa1
fffffd92
00000124
fffffc2a
000000d9
fffffe31
0000007b
fffffd6d
fffffde5
000001bc
ffffffde
0000008c
fffffdf1
fffffde5
000001d3
fffffe2e
fffffed2
fffffe07
00000059
fffffdc6
fffffea9
00000049
fffffeba
000001a6
ffffffd8
00000035
000002a5
ffffff1c
000001e0
0000002d
000001ed
fffffcff
000000c6
ffffff0a
fffffe9a
ffffff7d
fffffe3a
ffffff13
fffffdac
fffffd35
fffffd08
fffffe97
fffffe76
fffffeb9
fffffaeb
0000003d
fffffe67
00000039
000000f5
fffffeb0
ffffffdb
fffffeff
000001e3
0000011d
fffffda9
00000043
0000001b
fffffddb
fffffe2a
fffffda1
00000135
fffffd17
fffffe77
0000007a
0000009c
ffffffd9
ffffff3b
ffffff9c
00000209
00000103
ffffffd3
00000255
ffffffc6
000000c5
000002f1
ffffffd1
ffffff3d
fffffd5a
ffffff67
00000077
fffffd2a
ffffff98
fffffeee
fffffd05
fffffc1f
ffffff00
ffffff57
000002b0
fffffe11
fffffd61
fffffe6a
fffffe66
ffffff1e
fffffe37
fffffac4
fffffec6
ffffff2e
ffffffb2
fffffd8f
ffffffdb
fffffb04
fffffee6
ffffffbf
fffffd78
0000005d
fffffa1b
0000002f
000000df
ffffff23
0000007c
fffffe42
fffffedf
00000123
fffffe5b
fffffa16
fffffff7
ffffffad
fffffde5
ffffff2d
fffffb68
00000237
ffffffd3
fffffd40
fffffe43
fffffc34
fffffd8a
fffffec9
fffffc35
ffffffc1
fffffd71
00000127
fffffbd0
000000b4
fffffe69
00000029
fffffd65
fffffe4c
00000130
ffffff63
0000006b
fffffd83
fffffe44
000001b2
fffffe29
ffffff13
fffffdd7
00000029
fffffdae
ffffff02
00000035
fffffec7
00000167
ffffff84
00000076
0000026f
fffffed4
0000018f
ffffffd9
00000190
fffffc9a
0000007d
ffffffaa
fffffe79
ffffff21
ffffff41
fffffee4
fffffe19
fffffd79
fffffdf1
fffffe88
fffffee9
ffffff33
fffffa3f
0000004a
ffffff14
0000001b
000000ab
fffffeed
ffffff99
fffffe6a
000001e4
00000160
fffffe08
000000d6
00000002
fffffdc4
fffffe3d
fffffcc3
00000174
fffffd52
fffffe39
00000098
000000c1
ffffffef
ffffff21
ffffffc1
0000025c
0000019e
ffffffb7
000001c8
ffffffbb
0000010b
00000305
ffffff70
ffffff34
fffffc96
ffffff45
00000056
fffffd8b
ffffff16
fffffefa
fffffd77
fffffc23
fffffe21
ffffff1e
00000281
fffffe22
fffffd99
fffffdf5
fffffe5b
fffffec1
fffffe09
fffffb1b
ffffff3b
ffffff9e
00000015
fffffde9
0000005a
fffffba7
ffffff0b
ffffff51
fffffd7b
00000096
fffffa4e
000000c4
00000154
ffffff67
000000bd
fffffe14
fffffedd
0000011f
fffffe11
fffff94a
ffffffe8
0000005b
fffffe23
ffffff1f
fffffb5d
00000231
ffffff70
fffffdc8
fffffe14
fffffbbb
fffffdbb
fffffe71
fffffc43
00000050
fffffd3f
00000141
fffffc49
000000d3
fffffdec
00000076
fffffdc2
fffffed0
0000013f
ffffff60
00000074
fffffdea
fffffe2f
00000215
fffffdff
ffffff15
fffffe78
0000002f
fffffd90
fffffeb4
00000055
fffffec9
000001b5
ffffff7b
00000089
0000024d
fffffea3
00000183
ffffffee
000001b5
fffffc71
000000b9
ffffff18
fffffe7f
fffffec9
fffffede
fffffe99
fffffdb6
fffffd53
fffffd4b
fffffe61
fffffe20
ffffff5b
fffffaeb
fffffffb
fffffea1
00000062
0000003d
fffffe42
ffffffb5
ffffff12
00000203
00000123
fffffdf9
00000035
00000004
fffffe32
fffffdf5
fffffcdd
0000011a
fffffd2a
fffffe89
00000096
000000dc
ffffffd7
ffffff27
ffffffff
000001c6
0000015b
ffffffab
00000224
ffffffed
000000cf
0000036c
ffffff9e
fffffe50
fffffcc8
ffffff3f
000000bf
fffffcef
fffffe9d
fffffeb3
fffffd4d
fffffc0e
fffffeeb
fffffeeb
0000027c
fffffdfd
fffffddd
fffffeda
fffffdaa
ffffff52
fffffdda
fffffa1c
ffffff53
fffffeff
fffffff9
fffffd21
00000041
fffffb2e
ffffff3b
ffffffc7
fffffd9f
ffffffd3
fffffa68
000000c3
00000142
fffffef6
00000074
fffffdb4
fffffe6a
0000010c
fffffe23
fffffa19
00000028
fffffff8
fffffd90
fffffece
fffffc75
0000023c
ffffffaa
fffffd82
fffffda8
fffffc43
fffffdfa
fffffe98
fffffc0f
ffffffed
fffffdac
0000011f
fffffc08
00000124
fffffde4
0000008e
fffffce3
fffffdd7
0000013b
ffffffb1
0000005a
fffffd05
fffffe48
00000183
fffffec1
ffffff14
fffffdf5
000000a4
fffffd26
ffffff3b
00000063
fffffeb5
0000018d
ffffff83
00000084
0000028c
fffffec2
000001e2
00000010
0000013a
fffffc97
000000da
ffffffa5
fffffeea
ffffff5c
fffffe29
fffffed3
fffffdb6
fffffd75
fffffda6
fffffe81
fffffecd
fffffefd
fffffb00
ffffffb6
fffffe89
fffffffb
00000099
ffffff5d
ffffffa6
fffffec8
000001e2
0000012c
fffffda1
00000066
ffffffc6
fffffe88
fffffdc9
fffffc8c
00000137
fffffcee
fffffdf4
00000089
0000006a
ffffffb0
ffffff47
ffffffce
00000222
00000137
ffffffc1
000001d6
ffffffcf
00000069
000002cb
0000000e
fffffed4
fffffd34
ffffffe6
ffffffeb
fffffd68
ffffff43
fffffef4
fffffd50
fffffc3a
ffffff11
ffffff6e
000002bb
fffffe0a
fffffdc0
fffffe0a
fffffe8c
fffffedf
fffffddb
fffffb45
fffffef4
ffffffa1
ffffff8b
fffffdcc
fffffffb
fffffb06
ffffff76
00000005
fffffdcb
ffffffbc
fffffaa7
00000003
00000113
ffffff3e
000000df
fffffdf4
fffffe9b
000000bb
fffffe83
fffff968
ffffff88
ffffffee
fffffdcd
ffffff02
fffffbf5
00000215
ffffff78
fffffdfb
fffffe14
fffffc34
fffffe18
fffffefa
fffffc58
0000002e
fffffd41
00000150
fffffbdd
0000014a
fffffe28
ffffffef
fffffcf5
fffffe22
0000014f
ffffffd4
000000c3
fffffda2
fffffe37
000001c0
fffffe0a
fffffed7
fffffe6f
00000001
fffffdc8
fffffebb
00000000
fffffee3
00000201
ffffffa2
00000014
000002b6
fffffee1
000001da
00000059
000001b5
fffffca5
000000d0
ffffff98
fffffe6a
ffffff66
fffffeb4
fffffead
fffffd8b
fffffde8
fffffdaa
fffffec2
fffffe50
ffffff40
fffffab2
00000038
fffffed6
00000078
000000aa
fffffe90
ffffff66
ffffff7c
00000220
000000dc
fffffde5
00000000
00000029
fffffe4c
fffffdf9
fffffd45
000000eb
fffffcd3
fffffee0
00000052
000000c5
00000077
ffffff43
00000002
0000022c
000000d6
ffffff48
0000026b
00000049
000000aa
000002ce
00000013
fffffef4
fffffcea
ffffff9d
00000067
fffffd72
fffffede
ffffff59
fffffd80
fffffce3
fffffec2
ffffff45
0000027f
fffffe2e
fffffd6f
fffffe5f
fffffe08
ffffff21
fffffeaa
fffffae5
ffffff51
ffffffb1
ffffffb2
fffffcfc
ffffff34
fffffbb2
ffffff83
ffffff6f
fffffda8
00000013
fffffac4
00000097
0000010e
ffffff09
0000008a
fffffe17
fffffe98
00000147
fffffeba
fffffa11
ffffffbc
ffffffe1
fffffe98
ffffff5d
fffffc48
000002b4
ffffffec
fffffe03
fffffe67
fffffc84
fffffdf4
ffffff12
fffffc5b
ffffffe1
fffffdbe
000000c1
fffffc2d
00000054
fffffe70
00000096
fffffd7e
fffffe53
00000129
ffffff68
0000006e
fffffd73
fffffda5
0000017f
fffffe61
ffffff50
fffffdeb
00000048
fffffda1
ffffff3d
0000007d
ffffff19
000001be
ffffff3f
00000030
0000026f
fffffeab
000001d6
00000019
00000172
fffffc95
000000a9
ffffff43
fffffe9a
ffffff6e
ffffff1a
fffffe83
fffffe06
fffffe33
fffffe07
fffffe9e
fffffe45
fffffef4
fffffae9
0000006b
fffffef3
00000033
0000005e
ffffff32
ffffffbf
fffffeed
000001b7
00000155
fffffd8b
ffffffa1
00000007
fffffdba
fffffdec
fffffd33
000000d5
fffffd0c
fffffe9b
0000008b
00000021
ffffff72
ffffff6a
ffffff7a
000001f2
00000113
ffffff35
0000021f
ffffffc9
00000084
000002bb
ffffffee
ffffff01
fffffcef
ffffffa7
0000007c
fffffda7
fffffef3
ffffff71
fffffd24
fffffc6b
ffffff07
ffffff81
000002a8
fffffe3d
fffffdd1
fffffe9a
fffffe61
ffffff20
fffffda3
fffffb85
ffffff0a
ffffffa4
ffffffa2
fffffd72
ffffffac
fffffb52
ffffff58
ffffff84
fffffd88
0000001c
fffffa20
00000026
000000d9
ffffff40
0000008f
fffffe22
ffffff0a
000000e4
fffffe43
fffff9f4
ffffffd0
00000041
fffffe1e
ffffff48
fffffbc4
00000214
ffffffc2
fffffdaa
fffffe75
fffffbc4
fffffd6d
fffffe83
fffffcc2
00000044
fffffdc7
0000016a
fffffbfc
000000d1
fffffe0e
0000002a
fffffd37
fffffe86
000001af
ffffff77
00000069
fffffd80
fffffea0
000001f6
fffffe53
fffffed6
fffffed0
fffffff2
fffffd3e
ffffff00
00000050
fffffdeb
000001ad
ffffffcd
00000079
0000025e
fffffe51
000001fd
00000005
000001ab
fffffc89
000000c7
ffffff5b
fffffee9
ffffffbc
fffffe4c
fffffe4d
fffffe05
fffffd96
fffffdc5
fffffecc
fffffe9d
fffffee1
fffffa72
0000007a
ffffff17
00000011
00000043
fffffec6
ffffff29
fffffeb8
0000023e
000000ea
fffffe27
fffffffb
0000001f
fffffe86
fffffe46
fffffcef
00000113
fffffd3e
fffffe47
00000066
000000cb
ffffffbe
ffffffaa
00000017
00000259
0000012b
ffffff5b
0000024c
ffffffc0
00000026
0000027d
00000043
fffffefd
fffffcce
ffffffb1
00000070
fffffd09
ffffff23
fffffec9
fffffd29
fffffba1
fffffea6
ffffff78
00000277
fffffdda
fffffd7c
fffffe90
fffffe86
ffffff26
fffffdf3
fffffabd
fffffee7
ffffff2f
ffffff7b
fffffd59
00000011
fffffa69
ffffff5e
ffffffbc
fffffd24
0000005a
fffffafd
ffffffe0
000000fd
ffffff4b
000000c6
fffffe85
fffffeb6
0000015c
fffffeb2
fffff943
ffffffc9
ffffff7b
fffffdc2
ffffff09
fffffb5a
00000227
ffffff53
fffffd45
fffffde9
fffffba7
fffffdd5
fffffe6d
fffffc6a
ffffffbc
fffffdcf
00000146
fffffc17
00000162
fffffe4b
ffffffcc
fffffda7
fffffe52
0000015c
ffffff26
0000002a
fffffdd3
fffffdd9
000001bf
fffffe7a
fffffef0
fffffe1c
00000027
fffffe8f
000000cf
ffffffd3
fffffe4b
00000028
fffffeeb
ffffff89
fffffee9
000000d3
00000202
00000123
ffffffc3
ffffff8d
00000115
fffffe37
000000a0
ffffffa1
ffffff76
000001a3
0000012e
ffffff27
fffffefa
ffffff52
00000087
fffffd06
fffffe44
ffffff1b
ffffff2b
0000007f
00000069
ffffff1b
fffffea9
ffffffdc
00000166
00000191
fffffe01
fffffcc7
ffffff60
00000043
fffffea0
fffffd6a
fffffedb
000000f0
fffffffe
0000014b
fffffe04
0000000c
ffffffea
fffffe19
ffffff0f
000001ba
ffffff96
00000029
fffffdf0
0000001f
00000166
fffffeee
fffffd80
ffffff25
ffffff6d
fffffefe
ffffff8f
0000000a
fffffe53
ffffff73
fffffaf1
fffffe18
fffffffa
000001fa
00000002
ffffffcb
00000079
ffffff90
ffffffd9
fffffecb
fffffc13
ffffffcc
00000029
00000112
00000058
0000014a
fffffc9b
000000b0
fffffe66
fffffe74
fffffd9d
fffffdcb
fffffdb4
ffffff99
fffffdd2
00000007
fffffe84
ffffff9b
ffffff75
0000000c
fffffbf8
000001c1
00000057
000001af
fffffe2d
ffffff00
fffffed5
0000015d
fffffda3
00000063
ffffff64
ffffff1a
0000009f
fffffee8
000000a8
ffffff6d
000000df
fffffd1e
ffffffe2
fffffea5
ffffff15
fffffc9e
00000113
000000b2
ffffff8d
00000082
fffffdd7
fffffedd
00000243
ffffffa0
ffffff92
0000019e
000000dc
ffffff1d
00000083
ffffff66
fffffe8e
00000011
fffffec7
fffffef6
fffffef0
000000e1
000001b7
000000b4
ffffffa7
00000013
000000fc
fffffe43
0000007f
ffffff70
ffffffa7
000000f1
0000010d
fffffe64
fffffe64
ffffffb5
00000025
fffffd46
fffffec0
fffffecf
ffffff66
00000075
00000022
ffffff3e
ffffff7e
ffffffbf
00000124
0000015b
fffffe17
fffffdd9
00000006
00000032
fffffee9
fffffdb1
fffffee3
000000c2
ffffffc7
00000180
fffffe53
00000024
ffffff7e
fffffe61
ffffff21
00000154
00000034
00000088
fffffe40
00000086
000000fa
ffffff1f
fffffd00
ffffff64
fffffe72
ffffff40
ffffffb7
ffffffc2
fffffe65
ffffff7c
fffffafc
fffffdf8
0000006a
00000195
00000042
fffffff9
0000006e
ffffff61
0000006b
fffffe6b
fffffcd4
ffffffd6
00000028
000000b6
0000009a
0000019c
fffffd5b
000000cb
fffffe43
ffffff16
fffffdde
fffffcf0
fffffdec
ffffff9d
fffffe1c
ffffffc5
fffffde0
ffffff56
ffffff42
ffffffdd
fffffca9
00000104
000000e7
000000a6
fffffdb8
ffffff1e
ffffff74
0000018f
fffffd89
00000093
ffffff33
ffffff68
00000050
fffffeec
00000035
ffffffb9
000000bc
fffffd21
ffffffb6
fffffe8d
ffffff6b
fffffd3f
00000116
00000048
ffffffbe
000000ab
fffffd6b
fffffe7d
000001fa
ffffff0f
ffffffcc
0000018e
00000136
fffffe75
00000116
0000003d
fffffe51
ffffffce
ffffff10
ffffff53
fffffeac
0000001b
00000299
00000107
00000022
ffffffe5
000000ca
fffffe9b
000000f8
ffffffa8
fffffff1
0000020c
0000011b
ffffffbd
ffffff4d
ffffffd9
ffffffa8
fffffd1c
fffffebe
ffffff86
ffffff50
ffffffed
000000a6
ffffffa4
ffffff78
fffffefa
00000111
0000013d
fffffe2a
fffffcdd
0000000f
00000020
ffffff1d
fffffd43
fffffeab
000000fd
ffffffed
0000013f
fffffde5
ffffff62
ffffff9f
fffffe24
ffffff94
000001a2
0000000d
00000044
fffffe6f
00000010
0000011f
fffffec4
fffffd61
ffffff8c
fffffe85
ffffff60
0000001d
00000078
fffffe9d
fffffee9
fffffb2b
fffffec5
ffffffed
000001d0
0000004c
ffffffaf
000000c4
ffffff2b
ffffffe5
fffffd60
fffffd01
ffffff88
00000056
0000004f
00000074
00000149
fffffc50
00000061
fffffd99
fffffe43
fffffde1
fffffd2f
fffffc93
ffffff01
fffffe74
ffffff65
fffffeca
ffffff77
ffffff0d
ffffff53
fffffce7
00000110
000000c6
000000af
fffffe2c
fffffeba
ffffff9b
00000122
fffffd36
0000008a
fffffe45
fffffef6
0000000f
fffffefd
000000a5
ffffff7d
000000c8
fffffd66
0000002a
fffffe65
fffffedb
fffffd31
000000ff
000000a0
ffffff8f
000000aa
fffffd63
ffffff80
000001e3
ffffff98
ffffffae
000001e2
00000099
ffffff6f
00000100
ffffff95
fffffe80
00000044
fffffec4
ffffff41
fffffed5
000000ad
000001b4
0000012c
ffffffb4
ffffff86
000000ba
fffffe3d
00000073
ffffff89
ffffff8d
00000138
00000128
fffffe7f
fffffe54
ffffff7b
00000032
fffffcb4
fffffea1
fffffedd
ffffff3b
0000007e
fffffffd
ffffff15
ffffff4b
ffffffe7
0000015e
00000151
fffffe44
fffffd7c
ffffffd3
ffffffe0
fffffec2
fffffd91
fffffef6
00000114
00000008
0000019f
fffffe1e
00000045
ffffffbe
fffffe4d
ffffff09
0000019a
ffffffdc
0000005b
fffffe4e
0000000b
0000015c
ffffff51
fffffcb0
ffffff96
fffffecf
ffffff19
ffffffd3
ffffff7b
fffffe65
ffffffa3
fffffab2
fffffe6e
0000003d
000001b3
ffffffea
00000048
00000096
ffffff35
0000006b
fffffe11
fffffc57
ffffffa0
00000015
000000da
000000a2
000001b6
fffffc77
0000006f
fffffe64
fffffedf
fffffdb3
fffffd08
fffffdde
ffffff7b
fffffdd5
0000004a
fffffd8b
fffffedb
ffffff3e
fffffff0
fffffc78
00000145
0000008d
000000b4
fffffde2
fffffee6
ffffff67
0000019e
fffffd7e
0000005b
fffffef4
ffffff59
00000028
fffffed9
00000087
00000017
000000a4
fffffd04
ffffffa4
fffffedc
ffffff58
fffffd34
000000d3
000000d5
ffffff61
000000ae
fffffd02
fffffe9f
000001a0
ffffff80
ffffffaf
00000143
000000c7
fffffefe
00000018
ffffff57
fffffe99
ffffff6a
fffffef8
ffffff92
fffffe8e
00000085
000001d6
0000006e
ffffffb8
ffffffeb
000000f6
fffffdcc
00000018
ffffff08
ffffff89
0000011d
0000010d
fffffe64
fffffe47
ffffff56
fffffff7
fffffd4d
ffffff40
fffffefc
fffffee6
00000061
0000005c
ffffffef
0000004f
ffffff7d
000000f8
000001ac
fffffe2b
fffffd56
00000013
0000004a
ffffff16
fffffd7e
fffffe83
000000b9
ffffffe8
000001b3
fffffe1c
ffffff63
ffffff80
fffffe8b
ffffff40
00000191
fffffff1
0000008d
fffffe38
fffffff6
00000137
ffffff10
fffffd86
00000006
ffffff2b
ffffff13
ffffff98
ffffff35
fffffdeb
ffffff35
fffffad8
fffffdc1
0000004d
00000188
0000005a
00000071
00000051
ffffff06
00000041
fffffd7a
fffffcbc
ffffff40
00000033
00000047
000000ae
0000019b
fffffd1a
000000bb
fffffe17
fffffe7a
fffffd70
fffffccb
fffffd51
ffffff71
fffffe36
ffffffe4
fffffdf7
ffffff7c
fffffefa
ffffffa2
fffffcc9
00000134
00000082
00000018
fffffd43
fffffff8
ffffffa9
00000184
fffffcca
00000026
fffffec2
ffffff8f
00000009
fffffea5
ffffffe7
00000021
00000128
fffffd6d
00000005
fffffe32
ffffff0d
fffffd40
000000ff
000000bc
ffffff6c
00000057
fffffce3
ffffff2a
0000019a
ffffffb3
ffffff7e
0000015d
0000017b
ffffff0c
000000a7
ffffff83
fffffe6c
ffffff90
ffffff4b
ffffffb2
fffffea1
0000009b
0000020a
000000ec
ffffffe6
ffffffc1
000000ff
fffffe0d
00000056
ffffff38
ffffffb7
000001bd
000000e4
ffffff33
ffffff1e
ffffff52
ffffffff
fffffce0
fffffe0d
ffffff25
ffffff32
0000005a
0000008f
ffffffc7
ffffff84
ffffff81
00000148
000001a4
fffffe76
fffffd87
ffffffdf
ffffffff
fffffed2
fffffdd4
fffffeac
000000f0
0000002f
000001a2
fffffe11
ffffffbb
ffffff84
fffffe46
fffffee7
000001d5
00000026
0000008d
fffffdef
00000021
00000183
fffffefb
fffffd64
ffffffbe
ffffff60
fffffeb5
ffffff97
ffffffc0
fffffe14
ffffff52
fffffa49
fffffe17
00000037
000001e8
00000016
00000014
0000006e
ffffff4a
ffffffdc
fffffdc6
fffffc92
ffffff7f
ffffffb2
00000080
0000008d
000001b3
fffffc2c
00000093
fffffe13
fffffe57
fffffdd7
fffffcfe
fffffd97
ffffff8c
fffffe63
0000001d
fffffec2
ffffff7b
ffffff4f
ffffffb1
fffffc57
0000016c
000000a0
00000107
fffffd8a
fffffef2
ffffff99
00000168
fffffca2
0000007d
fffffec1
ffffff57
fffffffa
fffffef0
0000007b
ffffffa8
000000ef
fffffd6a
0000000d
fffffe0a
fffffefc
fffffd15
000000e6
00000094
ffffff25
0000005f
fffffd6d
ffffff04
000001be
ffffff9f
ffffffc0
00000147
000000f8
fffffef8
000000ca
ffffffe3
fffffe33
ffffffbf
ffffff1f
ffffff7f
fffffe93
000000ab
00000292
000000b3
ffffff78
ffffffa3
000000b8
fffffe2f
000000af
ffffff60
fffffff0
00000188
000001d9
ffffff2a
ffffff11
00000024
ffffffe0
fffffd45
fffffe17
ffffff4c
ffffff57
00000088
0000000a
ffffff52
fffffedd
ffffffcd
00000166
000001f0
fffffe7b
fffffc78
ffffffd7
00000026
fffffed8
fffffc9c
fffffe96
000000e7
fffffff6
0000015e
fffffdf7
ffffffad
0000000b
fffffe6f
ffffff0f
000001d6
ffffff8a
00000037
fffffe2f
0000000a
00000198
fffffe76
fffffd13
fffffee5
fffffe71
fffffee7
fffffff1
ffffffb4
fffffe9a
ffffffb6
fffffb45
fffffdb8
ffffffe2
00000204
00000004
00000040
000000ba
ffffffe2
ffffffa7
fffffec3
fffffd04
ffffffb7
0000005c
000000ef
00000094
00000193
fffffd7b
00000051
fffffdc6
fffffe70
fffffd5a
fffffda0
fffffd4f
ffffff6e
fffffdf4
ffffff8a
fffffe82
ffffff76
ffffff6e
ffffffce
fffffc10
00000122
000000b6
000001ac
fffffe4e
fffffe84
ffffff72
000001d5
fffffdb2
00000031
ffffff45
ffffff2c
0000002f
ffffff29
000000e6
ffffffc2
0000010b
fffffd8a
ffffffb2
fffffec3
fffffee4
fffffd72
0000015c
00000120
ffffff84
000000d1
fffffdde
fffffeaa
000001c2
fffffea2
ffffffe0
00000184
000000df
ffffff06
000000dd
00000031
ffffff49
ffffffc1
ffffff11
ffffff50
fffffeff
00000036
000001f8
0000010f
ffffffd7
ffffff78
00000092
fffffe71
0000007c
ffffff52
ffffffa5
00000148
00000120
fffffec0
fffffefa
ffffff53
ffffffc3
fffffd16
ffffff12
ffffff04
ffffff6f
000000a5
fffffffe
ffffff67
ffffffa5
00000018
000000f6
00000110
fffffe8c
fffffcf6
ffffffef
ffffff7b
fffffec1
fffffde8
fffffee6
000000b3
ffffffb0
0000018b
fffffe03
ffffffbc
ffffffc5
fffffe90
ffffff2b
0000016e
ffffff84
0000005f
fffffec7
fffffff3
00000157
fffffed5
fffffda1
ffffffae
ffffff43
ffffff16
ffffffc1
ffffff2a
fffffecf
ffffff2f
fffffb77
fffffe58
ffffffe4
00000199
ffffffef
0000006c
0000009e
ffffff51
0000004b
fffffe54
fffffcc0
ffffff85
00000002
000000aa
0000006f
0000017b
fffffd42
00000015
fffffe45
ffffff19
fffffdac
fffffd4d
fffffdde
ffffff5f
fffffd8e
ffffffdd
fffffd92
ffffff78
ffffffae
ffffff92
fffffd09
00000131
00000024
000000a6
fffffe4d
ffffff7c
ffffff36
00000139
fffffd10
0000004d
ffffff33
ffffff55
ffffffb3
fffffef9
00000090
fffffffe
000000d0
fffffdb9
0000008c
fffffe69
ffffff10
fffffd95
000000e6
000000ce
ffffff20
000000a6
fffffd58
ffffff07
000001a6
ffffff9a
ffffffc6
00000194
000000b7
ffffff13
00000089
ffffff89
fffffe48
0000002c
fffffe66
ffffff32
ffffff33
000000d5
000001dd
00000166
00000021
0000006a
00000114
fffffe4c
000000ef
ffffffd6
ffffff10
00000113
00000105
ffffff33
ffffff32
ffffffe1
ffffff73
fffffd1b
fffffec0
fffffeb8
ffffff44
0000002b
0000005e
ffffff6b
fffffedf
ffffff1c
00000159
000000ce
fffffdf0
fffffd40
00000014
ffffffd1
fffffecc
fffffd28
fffffee3
0000012a
ffffffd5
0000017e
fffffe3a
00000023
ffffff82
fffffd95
ffffff41
00000156
ffffff8a
00000095
fffffe3e
ffffffc9
00000137
ffffff56
fffffd16
ffffff39
fffffe93
ffffff0e
ffffffdc
ffffffc9
fffffe1a
fffffef3
fffffa54
fffffe0b
fffffff4
00000244
00000000
ffffff7d
000000f7
ffffff0c
00000040
fffffefe
fffffc06
ffffffa7
ffffff7d
000000a5
000000d0
000001a6
fffffc3b
000000b9
fffffe78
fffffead
fffffdca
fffffd28
fffffdab
ffffffac
fffffdfb
ffffff79
fffffdd4
ffffff51
ffffffa5
ffffffc5
fffffcfd
0000012f
0000008a
00000139
fffffdb1
fffffefc
ffffff4c
00000196
fffffd33
00000019
ffffff76
ffffff67
0000002e
fffffee8
00000048
ffffff71
0000008c
fffffd15
ffffffef
fffffe9c
ffffff62
fffffd02
00000053
00000072
00000001
00000094
fffffd4a
ffffff36
00000200
ffffff15
ffffffeb
000001be
00000108
ffffff17
000000dd
ffffffd9
fffffee7
ffffff30
ffffff5d
ffffff7a
fffffebb
00000089
0000023b
00000101
ffffffcb
ffffff9a
000000ba
fffffe6a
00000064
ffffff5c
ffffff94
0000014b
00000154
fffffef4
fffffe72
ffffff8f
ffffffc3
fffffcb8
fffffe5a
fffffef8
fffffecd
00000051
00000074
ffffff4b
ffffffe2
ffffff3d
00000134
0000013f
fffffe67
fffffcd2
ffffffe0
ffffffd7
ffffff22
fffffdd4
fffffeaa
00000106
0000005b
0000019f
fffffdef
ffffff99
ffffffdd
fffffe5d
ffffff2b
00000178
00000083
00000080
fffffe0d
00000013
00000149
fffffebc
fffffe09
00000051
ffffff4b
ffffff06
fffffff3
0000003e
fffffe6f
ffffff5c
fffffa86
fffffe50
00000024
00000197
00000012
00000064
00000065
ffffff66
ffffffe2
fffffe48
fffffd03
ffffff89
00000005
000000cd
00000077
00000151
fffffcb8
00000004
fffffe15
fffffe96
fffffdf7
fffffd55
fffffd46
ffffff1b
fffffdc3
ffffffd8
fffffe8b
ffffff82
ffffff55
fffffff8
fffffcc9
000000cf
00000047
000000ec
fffffe0e
ffffff02
ffffff63
0000016a
fffffd0f
00000042
fffffef7
ffffff55
fffffff1
fffffed0
0000003a
ffffffd9
000000b9
fffffd9a
00000043
fffffe3a
fffffedf
fffffdd6
00000115
000000cd
ffffff28
00000088
fffffcd5
ffffff3c
0000017c
ffffff1f
ffffff8e
0000016b
000000e5
ffffff06
00000091
00000013
ffffff12
00000002
ffffff42
ffffff6b
fffffe52
000000c1
00000229
000000da
ffffff4d
ffffffd9
00000092
fffffe7e
0000009b
ffffff9f
fffffff3
00000105
00000174
fffffee4
fffffeec
00000066
ffffff99
fffffd9b
ffffff13
fffffef2
ffffff1f
00000089
ffffffde
ffffff4d
ffffff72
ffffffb4
00000156
00000145
fffffeb6
fffffcf4
0000001b
00000057
fffffeef
fffffdd2
fffffec5
000000c8
ffffffd5
0000013c
fffffe5b
fffffffd
ffffffc4
fffffe76
fffffef6
00000170
ffffffdd
0000001c
fffffeae
00000066
000000e5
ffffff21
fffffd32
ffffff4d
fffffe89
ffffff4e
ffffffd6
ffffffc1
fffffeb2
ffffff61
fffffc18
fffffe26
00000065
0000014d
0000000b
0000006a
0000007c
ffffff74
0000003b
fffffebd
fffffd66
ffffffc5
0000003a
00000080
0000009d
00000142
fffffe38
0000002e
fffffe2b
ffffff47
fffffd9a
fffffd4f
fffffe10
ffffff81
fffffd89
ffffff63
fffffe55
ffffff7c
ffffff45
ffffffe1
fffffd4a
000000d8
000000e6
000000f1
fffffe28
ffffff8b
ffffff8b
00000137
fffffe2e
00000077
ffffff5b
ffffff77
00000014
ffffff1b
000000e6
ffffffc5
000000b5
fffffdbc
ffffffdc
fffffed3
ffffff22
fffffdb9
00000135
00000094
ffffffb1
00000101
fffffdc7
fffffe7b
0000014d
fffffeff
ffffffd5
0000014e
000000bf
fffffef4
00000044
ffffffd9
fffffe60
ffffff20
ffffffe0
ffffff41
fffffec4
00000047
00000219
00000045
ffffffbb
ffffff97
000000a8
fffffe2c
0000003d
ffffff21
fffffff5
00000124
000000dc
fffffe97
fffffe49
ffffff2c
00000003
fffffcd3
fffffe17
ffffff6d
ffffffb1
00000044
0000005f
ffffffa2
00000075
ffffffe0
0000009e
00000149
fffffebc
fffffddb
ffffff98
ffffffa0
ffffff8c
fffffe1e
fffffe5d
000000e6
0000000a
00000186
fffffe1c
ffffffa6
00000001
fffffef0
ffffff37
0000017f
000000da
00000078
fffffdfa
ffffffdc
00000198
fffffe68
fffffe08
00000029
ffffff49
fffffed0
ffffffaf
00000004
fffffe78
ffffffb0
fffffae4
fffffe1f
ffffffea
00000171
00000044
000000ba
00000051
ffffff7e
00000002
fffffeca
fffffd5a
ffffff73
0000000b
000000a6
00000066
00000184
fffffce0
00000070
fffffdeb
fffffe43
fffffded
fffffd73
fffffde5
ffffff4f
fffffe4d
00000016
fffffe8f
ffffffa3
ffffffae
fffffff8
fffffc5c
00000142
ffffffaa
000000e5
fffffe49
ffffff2a
ffffff59
00000196
fffffcec
00000077
ffffff44
ffffffd5
00000011
fffffec4
00000014
00000005
000000db
fffffdf0
00000012
fffffe2d
ffffff00
fffffd97
00000154
000000f6
fffffe58
00000012
fffffd35
ffffff60
000001a2
ffffffd8
ffffffaa
0000015d
00000138
fffffecc
000000e5
ffffff83
fffffdb4
ffffffd9
fffffed9
ffffff92
fffffeaa
0000009c
00000267
0000011c
ffffffa3
ffffff85
000000d6
fffffdf1
00000094
ffffff54
ffffff76
00000189
0000014e
fffffe65
fffffe82
ffffff4e
00000049
fffffcc8
fffffe88
ffffff4c
ffffffd8
00000071
00000069
ffffff3e
ffffff0a
fffffff0
00000149
000001ce
fffffdd0
fffffc8d
ffffffc3
000000cc
fffffecb
fffffce0
fffffe70
0000012b
ffffffd8
0000016f
fffffde6
ffffffca
fffffffd
fffffe4c
fffffec8
000001f8
ffffffad
00000054
fffffdfe
ffffffa3
0000018d
fffffec8
fffffd1d
ffffff39
fffffeaf
ffffff0a
ffffff8a
ffffff9b
fffffe32
ffffffc8
fffffabe
fffffe06
fffffffd
000001e2
ffffffe6
0000004d
000000b1
ffffff4b
ffffffea
fffffed4
fffffc37
fffffff5
0000004e
000000f1
00000084
000001a1
fffffcdb
00000072
fffffdc8
fffffe00
fffffcc7
fffffcdc
fffffd41
ffffff05
fffffde7
0000003d
fffffdf2
ffffff0b
ffffff48
00000018
fffffbc8
00000155
00000056
000001b9
fffffddc
ffffff1e
fffffed9
00000191
fffffcce
00000041
ffffff63
ffffff7b
00000099
fffffeac
000000a9
fffffff0
000000bf
fffffd10
ffffffab
fffffe5a
ffffff07
fffffcb8
0000011b
000000e2
ffffff36
000000b4
fffffd1c
fffffeea
000001b8
ffffff7c
ffffff7b
00000197
0000012a
ffffff27
000000bd
ffffffed
fffffe46
ffffff7b
fffffed8
ffffff97
fffffe72
00000074
0000022a
000000c0
ffffffd5
ffffff9f
00000104
fffffdf1
00000011
ffffff49
ffffffdb
00000189
00000122
fffffeeb
fffffeed
ffffff77
ffffffa7
fffffcdc
ffffff62
ffffff3d
ffffff0f
0000001c
00000049
ffffffa9
ffffff83
ffffffc0
0000010b
000001ba
fffffe73
fffffd0c
00000047
ffffffc5
ffffff4a
fffffdbf
fffffebd
000000a2
ffffffc5
00000176
fffffe71
ffffff41
ffffff54
ffffff07
ffffff30
000001a1
ffffffc8
00000056
fffffe52
ffffffd3
0000010b
fffffecb
fffffde7
ffffffba
ffffff8b
fffffed3
0000000b
ffffff85
fffffe52
ffffffb9
fffffb66
fffffe20
ffffffe6
0000017d
0000002e
00000013
0000002d
ffffff91
00000075
fffffd7e
fffffd2e
ffffff6b
00000032
0000003f
000000a9
00000187
fffffce3
00000077
fffffe18
fffffe76
fffffdd5
fffffd18
fffffcb8
ffffff26
fffffe47
00000002
fffffe81
ffffff61
ffffff2a
ffffffc4
fffffcf2
00000132
00000037
00000047
fffffe21
ffffff1a
ffffffa5
000001ad
fffffcd6
ffffffef
fffffec6
ffffff2c
0000000f
fffffee5
000000a4
00000013
000000f5
fffffdb8
00000046
fffffe3a
ffffff16
fffffd63
000000e5
000000e3
ffffff3d
00000071
fffffcee
ffffff11
000001a1
ffffffbb
ffffff8e
00000141
000000dc
fffffea6
000000e0
00000028
fffffef7
ffffffa9
fffffece
ffffff68
fffffee9
00000097
00000209
0000011c
ffffffc1
00000006
0000010e
fffffee8
00000090
ffffff81
ffffff90
00000139
0000016e
ffffff4f
ffffff64
ffffff86
ffffffc5
fffffd43
ffffff42
fffffed9
ffffff2f
00000028
00000067
ffffff33
ffffff75
ffffff45
00000141
00000159
fffffdde
fffffd66
ffffffef
000000a1
ffffff06
fffffdca
fffffef6
00000081
ffffffc3
00000146
fffffe26
ffffff94
ffffff89
fffffe45
ffffff74
00000145
ffffffe3
00000075
fffffe94
ffffffff
000000c7
fffffedb
fffffdc7
ffffffe6
ffffffab
ffffff1c
00000015
ffffffca
fffffe7e
ffffff37
fffffbb6
fffffe96
0000004e
000001da
00000026
fffffff2
000000df
ffffffaa
0000000b
fffffe11
fffffd56
ffffff4c
00000062
000000c1
00000080
000000f0
fffffd2a
00000087
fffffe87
ffffff00
fffffdfc
fffffd31
fffffd2f
ffffff38
fffffe15
ffffff9e
fffffe57
ffffff99
ffffff1f
ffffffc2
fffffd2d
000000e3
000000fc
000000d6
fffffe97
fffffea9
ffffff98
0000018b
fffffe21
00000043
ffffff0f
ffffff0c
00000007
ffffff4e
000000ce
ffffff75
000000d6
fffffd5b
0000001d
fffffe6b
fffffed3
fffffd82
000000b0
00000089
ffffffb5
00000092
fffffdd8
ffffff1a
0000017b
ffffff08
ffffff64
000001b3
000000a8
fffffedd
000000fc
00000003
fffffe88
ffffffd2
fffffef2
ffffffae
fffffe56
00000050
00000236
00000109
00000015
ffffffe5
00000123
fffffe5c
000000b6
ffffff93
ffffff69
000001a8
00000111
ffffff97
ffffff53
0000003c
0000005c
fffffd04
fffffe9a
fffffee2
fffffe9f
0000004f
000000ac
ffffff40
fffffefb
ffffff37
00000177
0000014d
fffffe65
fffffc94
ffffffc2
0000000e
fffffeee
fffffd4b
fffffe3e
000000d7
00000014
0000011d
fffffe2d
ffffffc9
00000006
fffffe6e
ffffff2e
000001ba
ffffffd7
0000000e
fffffe32
ffffffc0
00000166
ffffff1c
fffffdbd
ffffffc2
ffffff94
ffffff05
00000028
ffffffbd
fffffe4e
ffffff33
fffffb75
fffffe0d
0000004b
000001da
ffffff91
00000043
00000096
ffffff99
ffffffe6
fffffdad
fffffd0a
ffffffb9
00000023
00000050
000000a6
00000188
fffffce9
0000006d
fffffe4d
fffffea6
fffffd99
fffffdb8
fffffd28
ffffff45
fffffe16
fffffff1
fffffe9c
ffffff64
ffffff39
ffffffcf
fffffc9a
000000c9
000000c6
000000c7
fffffe11
fffffed4
ffffff48
0000014b
fffffd38
00000020
ffffff34
ffffff2e
0000003c
fffffed7
000000b7
00000044
00000104
fffffdc2
fffffffb
fffffe93
fffffea0
fffffd58
0000010d
000000ca
ffffffb4
000000be
fffffd90
ffffff31
00000150
ffffff24
ffffff96
0000019a
0000004d
ffffff04
000000ae
fffffff2
fffffecb
0000003a
ffffff24
ffffff7f
ffffff29
00000067
00000203
000000d6
ffffffe6
ffffffb9
00000105
fffffe08
00000063
ffffff38
ffffffc7
0000010d
000000d6
fffffecf
fffffebb
ffffff6b
00000078
fffffd34
fffffe7b
fffffee3
ffffff59
00000086
0000003c
ffffff61
ffffff1c
00000001
00000129
0000016b
fffffe0c
fffffd3e
fffffff7
ffffffb8
fffffea1
fffffd97
ffffff1a
000000d6
0000000a
0000019f
fffffe13
00000048
ffffff7b
fffffe8c
ffffff43
00000148
ffffff7c
00000047
fffffe67
00000049
00000138
fffffed5
fffffd68
ffffff5d
ffffff6b
ffffff3c
ffffff91
ffffff96
fffffe63
ffffff6a
fffffab9
fffffe16
ffffffb9
000001ff
00000033
00000003
000000a0
ffffff28
00000083
fffffdf2
fffffc82
ffffffdd
0000003f
000000c8
00000057
000001b1
fffffc7b
0000007a
fffffe2c
fffffe8d
fffffe0a
fffffd20
fffffda1
ffffff90
fffffd9b
00000023
fffffe64
ffffff62
ffffff5b
ffffff8e
fffffc4e
0000016c
00000075
00000080
fffffe2f
fffffefa
ffffff4f
00000156
fffffd35
0000002a
fffffe8e
fffffef7
ffffffdb
fffffefa
00000087
ffffffa6
000000f3
fffffd5d
00000039
fffffe8e
ffffff7d
fffffd2d
000000d7
000000c1
ffffff8a
00000094
fffffd26
fffffefe
00000294
ffffffa1
ffffff90
000001ae
000000de
fffffee2
000000bd
ffffffb0
fffffdec
fffffff7
fffffed0
ffffffcc
fffffe72
000000af
00000219
000000b2
ffffffbf
ffffffcb
00000123
fffffe2c
000000ac
ffffffe3
fffffef2
00000194
000000d9
fffffe9d
fffffe69
ffffffa8
00000081
fffffcd3
fffffe49
fffffe89
fffffedb
00000049
00000096
ffffff5c
ffffff2f
ffffff24
0000019d
00000112
fffffdfe
fffffd36
00000006
fffffffc
fffffeb0
fffffd1b
fffffea8
000000ca
00000001
00000181
fffffe6f
0000002e
ffffffff
fffffe50
ffffff8d
000001ab
00000001
0000004c
fffffdd6
00000020
0000013a
ffffff0d
fffffd6e
ffffff9a
ffffff53
ffffff29
ffffffa5
00000014
fffffe3f
ffffff7c
fffffaf6
fffffe3d
00000008
000001d9
0000006b
ffffffcc
00000050
ffffff07
ffffffea
fffffdc1
fffffc69
ffffffc0
ffffffe6
00000051
00000089
00000183
fffffc81
0000008c
fffffe69
fffffe86
fffffe4b
fffffd70
fffffd2d
ffffffaa
fffffe4b
ffffffd7
fffffea2
ffffff5a
ffffff88
00000005
fffffc37
00000134
00000084
0000009e
fffffdc9
ffffff09
ffffff72
00000160
fffffd27
00000061
fffffec7
ffffff32
0000007a
fffffed9
ffffffd3
ffffffea
000000ab
fffffcf4
00000003
ffffff01
ffffff65
fffffcc1
000000e7
000000a4
ffffff78
000000b2
fffffd14
fffffeff
000001f7
ffffff91
ffffffc7
00000191
000000ec
ffffff5c
000000dc
ffffff9e
fffffd85
fffffffd
fffffeb5
ffffffa2
fffffee7
000000ec
00000236
000000bb
ffffffa8
0000002d
0000010d
fffffdc8
0000004e
ffffff2e
ffffff18
00000134
00000135
fffffee5
fffffec2
ffffff6e
00000067
fffffcf2
fffffe62
ffffff06
ffffffc9
0000002a
0000005f
ffffff55
fffffedf
ffffff6c
00000163
00000172
fffffde3
fffffd61
ffffffc5
000000c2
fffffef3
fffffdbf
fffffea1
00000124
00000011
00000156
fffffdfe
0000002b
ffffffd8
fffffe0f
fffffed7
000001a3
ffffff48
00000035
fffffe48
ffffffdf
0000014f
ffffff47
fffffd18
ffffff66
fffffed4
ffffff20
ffffffe1
ffffff69
fffffe66
ffffffea
fffffaae
fffffe18
0000006e
0000022d
00000001
fffffff6
000000a0
ffffff0c
00000038
fffffed2
fffffc60
ffffffa3
0000007f
0000009d
000000e5
000001b6
fffffd3c
0000007d
fffffe3b
fffffe8d
fffffd6a
fffffd18
fffffdbd
ffffff65
fffffe1d
00000012
fffffe03
ffffff51
ffffff5a
00000007
fffffc21
0000016d
000000bc
0000016e
fffffdcd
fffffef6
ffffff1b
0000014b
fffffd28
00000035
ffffffa2
ffffff7e
000000ba
fffffed8
00000076
ffffffa4
000000c9
fffffd22
ffffff70
fffffe8e
fffffef7
fffffcdb
000000b2
000000a2
00000015
0000008d
fffffd99
fffffe9c
000001a0
ffffff37
ffffffc9
00000154
0000010d
fffffedd
0000006d
ffffff75
fffffde7
ffffffa7
ffffff21
ffffff2c
fffffefd
000000a4
00000226
000000b7
fffffff0
00000004
0000013d
fffffdf4
000000cc
ffffff7b
ffffff90
00000167
000000cb
ffffff3b
fffffeaf
ffffff9a
fffffff9
fffffd09
fffffdf4
ffffff1e
ffffffc6
00000046
00000045
ffffffe6
ffffff97
ffffff3a
00000124
0000012d
fffffe76
fffffe09
ffffffdc
ffffffa5
ffffff35
fffffd74
fffffea3
00000121
00000049
000001c1
fffffe35
ffffffb0
ffffffb3
fffffe13
fffffee6
00000174
00000072
000000b9
fffffe03
00000049
00000179
fffffee7
fffffd73
ffffff4d
fffffe63
fffffedb
ffffff46
00000022
fffffe4a
ffffff99
fffffa43
fffffe33
0000001a
000001d7
0000004e
fffffffc
00000078
ffffff3b
00000036
fffffe9c
fffffc77
ffffff94
00000016
00000096
000000a6
000001b6
fffffc3b
000000d7
fffffdd0
fffffe55
fffffde3
fffffd95
fffffdba
ffffffce
fffffe68
ffffffb8
fffffe7a
ffffff7e
ffffffac
ffffffe2
fffffc75
00000128
00000043
00000121
fffffd42
ffffff3d
ffffff3f
0000014b
fffffcea
000000be
ffffff4a
ffffffa8
0000008a
fffffed5
fffffff1
fffffffe
000000d6
fffffd8a
00000014
fffffe5e
ffffff25
fffffd20
000000e5
00000077
ffffff14
00000078
fffffd76
fffffee9
000001f9
ffffff39
00000008
00000192
00000132
ffffff2a
fffffd8a
000000c1
0000005c
fffffca1
ffffff6d
000000b9
fffffde1
0000013f
00000134
fffffe1c
00000029
00000000
0000007a
0000000b
0000004c
fffffffc
000000ac
ffffff80
ffffff03
0000008f
ffffffff
00000105
fffffb3b
0000009e
0000000a
ffffff8f
fffffe68
0000008c
ffffffae
fffffea4
00000073
ffffff62
00000126
ffffff85
ffffffe2
ffffffbd
0000003f
0000014d
00000128
ffffffa5
000000ad
0000004a
00000032
00000031
00000150
fffffd9c
000000bd
000001b9
ffffffcc
ffffff92
000000c2
00000234
0000008f
00000032
000002c6
fffffe2f
fffffdcf
000000c2
fffffedc
ffffff26
ffffffd0
ffffffa7
0000003a
ffffff86
000000f7
0000007f
00000072
fffffe71
ffffffb9
00000019
00000170
fffffeaa
00000053
ffffff37
fffffee1
ffffff87
ffffffd4
fffffdc5
fffffc81
fffffe00
00000192
ffffff4c
fffffe9d
0000000f
ffffffbb
ffffff9d
fffffefd
ffffff48
fffffefb
fffffd56
00000198
ffffff40
00000086
000001f6
00000264
fffffe73
fffffecd
00000000
fffffe67
ffffff08
0000018a
000001d1
0000002c
00000084
000000b3
ffffff2d
0000000e
fffffde3
fffffe76
00000099
ffffff8b
0000013c
ffffff1a
00000052
fffffe58
000001d9
fffffea0
00000066
fffffdfe
fffffe4e
ffffffee
ffffff1b
fffffbc4
fffffebb
ffffffec
fffffdcc
fffffea8
ffffff73
fffffd7d
00000088
0000001a
fffffc43
ffffff73
00000076
fffffdbd
0000008a
00000126
fffffd92
00000029
0000001d
0000002e
00000027
0000005f
0000003d
0000006b
ffffff48
fffffeb3
00000066
0000003a
000000f7
fffffb8c
000000c8
00000022
ffffffbb
fffffe5b
000000ab
ffffff94
fffffefa
0000003f
ffffff6e
00000153
ffffff84
ffffffdc
fffffff7
00000016
000000f8
0000015e
ffffff88
000000a1
0000004c
0000000e
00000027
000000d5
fffffd57
000000d6
000001c0
0000002e
ffffffd1
000000a7
0000022a
00000058
ffffffe0
000002b9
fffffdd7
fffffde3
00000061
fffffee2
ffffff3d
00000038
ffffffb6
0000000b
ffffffc2
00000122
000000bd
0000002b
fffffe4e
ffffffc1
0000000a
00000129
fffffed0
fffffff2
ffffff0a
ffffff1e
ffffffc7
ffffffda
fffffd91
fffffc6a
fffffe44
0000018e
ffffff3e
fffffe74
ffffffef
0000004e
ffffffdc
fffffee6
ffffff1b
ffffff9b
fffffd9c
000001b2
ffffff61
000000b5
000001f0
00000282
fffffe4a
fffffea0
ffffffb7
fffffe98
ffffff3b
0000018e
00000200
00000021
00000097
000000a0
fffffeef
0000001b
fffffdc3
fffffe1e
00000075
ffffff80
00000137
ffffff04
00000069
fffffe69
000001cc
fffffebb
00000041
fffffde9
fffffe31
00000003
ffffff5e
fffffb6e
fffffe6a
00000056
fffffdff
fffffe71
ffffffaf
fffffd54
0000007e
00000003
fffffca4
ffffff6f
000000d0
fffffe15
000000c4
00000133
fffffde3
00000004
ffffffd5
00000062
0000004e
00000096
00000007
00000084
ffffff2e
fffffed9
00000080
00000047
000000f7
fffffb82
000000a9
ffffffd3
ffffffb0
fffffe74
00000094
ffffff7e
fffffefe
00000083
ffffffae
00000116
ffffffcc
ffffffdd
ffffffc1
00000069
00000102
00000125
ffffff6a
000000a8
000000b6
0000004d
00000017
00000101
fffffd7f
0000009f
000001b3
0000002b
ffffffaa
00000094
00000258
00000073
ffffffa8
000002fe
fffffe4d
fffffde6
000000a9
fffffede
ffffff44
fffffffe
ffffff67
00000057
ffffff74
000000e1
000000c0
00000077
fffffe6d
ffffffd0
00000045
0000012e
fffffe9a
fffffff6
ffffff30
fffffef3
ffffff24
ffffffdb
fffffdad
fffffcd0
fffffe3f
0000015f
ffffff25
fffffe75
0000005d
0000003d
ffffffba
fffffef1
ffffff54
ffffff83
fffffdd6
000001b5
ffffff77
000000cb
0000019d
00000248
fffffe1c
fffffe77
ffffff53
fffffe8d
ffffff25
000001b9
000001d1
fffffff4
0000008d
000000a3
ffffff2c
0000000c
fffffdbb
fffffe1e
00000077
ffffffbc
00000125
fffffefc
0000006e
fffffe04
000001b7
fffffec0
0000003d
fffffdfd
fffffe54
ffffffd7
ffffff2b
fffffbd7
fffffea5
00000046
fffffdb7
fffffea6
ffffffb0
fffffd58
0000009b
ffffffdf
fffffca7
ffffffd5
0000005b
fffffe3a
000000ba
0000014f
fffffd7f
0000001b
ffffffa8
00000070
fffffffd
00000014
fffffff9
000000b7
ffffff31
fffffec1
00000082
00000016
000000ab
fffffb87
00000114
ffffffa3
fffffff3
fffffe71
0000009d
ffffffa0
ffffff20
0000008c
ffffffbe
000000e2
fffffff0
0000000f
ffffffb8
00000025
000000ef
00000117
ffffffaa
000000b3
ffffffdb
0000009b
0000000f
00000114
fffffd44
00000092
000001d0
00000033
ffffff9c
0000008e
00000226
00000082
ffffffa9
000002c3
fffffdc8
fffffe0d
000000c4
fffffeed
ffffff35
ffffffc6
ffffff88
000000ba
ffffff8a
00000100
0000007b
0000005f
fffffec0
ffffffc7
00000071
000000ce
fffffe88
0000002f
ffffff2f
ffffff0a
ffffff8a
ffffffd3
fffffd9c
fffffc31
fffffe79
0000016b
ffffff46
fffffe55
fffffffd
00000028
00000011
fffffefc
ffffff70
ffffff6e
fffffde2
000001b5
ffffffb6
000000ea
0000019a
0000023f
fffffe2f
fffffe4b
ffffff74
fffffe5b
ffffff6f
0000018c
00000196
ffffffe4
00000073
00000098
ffffff1f
00000026
fffffde4
fffffe45
00000091
00000018
00000177
ffffff59
00000075
fffffe3b
00000145
fffffeaf
0000003b
fffffe0d
fffffe47
ffffffb3
ffffff06
fffffc4d
fffffea2
00000032
fffffe05
ffffff23
ffffff45
fffffd8a
0000009d
ffffffeb
fffffd04
ffffff8f
00000055
fffffe24
00000097
0000011b
fffffdbf
0000005e
ffffffaa
000000b0
00000022
0000003d
0000001a
000000d2
ffffff9c
fffffefd
000000b1
00000043
000000c4
fffffb82
000000ec
ffffffbe
ffffffc2
fffffe7a
00000074
ffffffd7
fffffeac
0000007c
ffffff76
00000100
ffffffb4
0000006d
ffffff96
0000001b
0000011f
00000144
ffffff82
000000b3
fffffff3
000000b6
0000000f
00000133
fffffdb0
000000ad
000001bb
0000003a
ffffff65
000000ce
000001ff
00000032
fffffff2
000002cb
fffffe70
fffffe48
000000c4
fffffef7
ffffff5f
ffffffac
ffffffb8
00000064
ffffff83
00000107
0000006b
0000009c
fffffee0
ffffffdf
00000076
000000f4
fffffe96
00000038
fffffeff
fffffee2
ffffff1b
00000025
fffffe0b
fffffc69
fffffe9d
00000161
ffffff45
fffffe6d
00000023
00000004
ffffffef
fffffef1
ffffffbd
ffffff32
fffffdc0
000001c3
ffffff7d
000000cf
000001a5
000001fb
fffffe09
fffffecf
ffffff78
fffffe59
ffffff46
0000016b
0000015a
ffffffb4
00000058
000000a3
fffffefb
00000032
fffffdf2
fffffec1
000000de
00000019
00000158
ffffff2c
00000039
fffffe02
0000015e
fffffead
00000049
fffffe59
fffffe7d
ffffffd7
ffffff27
fffffbf3
fffffe70
0000000a
fffffe37
ffffff12
ffffffe7
fffffd6f
000000b7
0000003c
fffffc53
ffffff43
000000b2
fffffde9
000000d0
0000011c
fffffe4f
00000036
00000015
00000074
00000036
00000080
0000002a
ffffffe1
ffffffd5
fffffee5
0000005b
0000002e
00000100
fffffb71
00000046
00000012
ffffff8c
fffffe3e
00000046
ffffffca
fffffedd
00000066
ffffff7c
00000169
ffffffc0
ffffff74
ffffff6e
00000071
00000143
000000c4
ffffff57
000000b8
00000060
00000038
00000038
0000013b
fffffdaf
0000009a
000001ca
00000044
ffffffd0
00000095
00000228
00000090
ffffffe9
000002d4
fffffe55
fffffe36
000000a0
ffffff45
ffffff3c
fffffffd
ffffffc5
0000004a
ffffffa1
000000f3
000000a3
00000032
fffffe7f
ffffffdc
ffffffbc
00000132
fffffe89
0000003f
ffffff40
fffffeba
ffffff2d
ffffffb1
fffffde5
fffffcad
fffffe07
00000129
ffffff0f
fffffed1
00000000
00000049
ffffffcb
fffffea1
fffffecd
ffffff27
fffffdd9
000001bd
ffffff81
0000008a
000001be
0000021f
fffffeb2
fffffe26
ffffff93
fffffea7
ffffff3f
00000122
000001af
ffffffe1
0000008f
000000d3
ffffff07
0000005b
fffffdb5
fffffe4f
000000dd
ffffffb7
0000010b
ffffff78
0000006c
fffffe1d
000001d7
fffffeb9
00000031
fffffe07
fffffe51
ffffff9a
ffffff33
fffffb93
fffffefc
0000003b
fffffda3
fffffeab
ffffff50
fffffdd0
000000bd
00000056
fffffc69
ffffff2c
000000cc
fffffdd3
000000fd
00000131
fffffe0c
ffffffed
00000012
00000054
ffffffd8
00000076
00000006
000000ae
ffffffec
ffffff1b
00000097
00000042
000000ac
fffffbe4
000000b0
0000001a
ffffff79
fffffeb3
00000078
ffffffdb
fffffeee
0000006b
ffffff74
00000113
fffffffc
fffffff6
ffffff7f
00000034
00000148
00000134
ffffff70
000000ac
00000085
00000017
0000002d
000000f6
fffffd98
000000c7
00000192
ffffffd7
ffffffc0
000000be
000001cf
0000005f
00000021
00000285
fffffe2e
fffffe30
000000de
ffffff25
ffffff1c
ffffffeb
ffffffb2
0000003d
fffffff4
000000f6
00000092
00000062
fffffe83
ffffffb9
00000082
00000149
fffffecb
0000003b
ffffff42
ffffff3c
ffffffa3
0000000d
fffffde3
fffffd72
fffffe58
000001a2
ffffff34
fffffe95
fffffffb
ffffffc6
ffffffab
fffffee2
ffffff2f
ffffff3b
fffffdb8
000001ae
ffffff53
0000007b
000001ba
0000023a
fffffe88
fffffedb
0000002c
fffffe65
ffffff40
000000d1
00000176
0000001b
00000086
000000cd
ffffff6d
0000005e
fffffde3
fffffeaf
000000a1
ffffffc4
0000012d
ffffff80
0000003b
fffffe4c
00000194
fffffeed
0000002f
fffffe4a
fffffe7e
ffffff9a
ffffffa5
fffffc06
fffffea6
ffffffce
fffffe2b
fffffec7
ffffff8a
fffffd9e
00000099
ffffffde
fffffd4b
00000042
000000c8
fffffe39
00000099
000000f9
fffffe22
00000033
ffffffbd
000000b0
0000006a
0000001a
ffffffcb
00000040
fffffed5
ffffff32
000000a6
0000008a
000000a9
fffffb81
000000a9
ffffffc4
ffffffca
fffffe70
00000054
ffffff89
fffffeb5
00000045
ffffff4e
000000dd
ffffff91
fffffffd
00000039
00000050
00000129
000000d9
ffffffda
000000a4
00000030
000000b0
ffffffc1
0000016f
fffffdeb
000000a7
00000152
0000000f
ffffffd9
000000c8
000001e4
00000098
ffffff96
000002c5
fffffe74
fffffdab
000000be
ffffff2f
ffffff4b
ffffffdf
ffffff90
0000007f
fffffefc
000000bd
000000c9
00000081
fffffec0
ffffffe0
0000002a
000000f4
fffffe5d
00000048
ffffff53
fffffec7
fffffef3
ffffff8f
fffffdb0
fffffc78
fffffe62
0000013e
ffffff53
fffffec1
00000002
0000002f
00000019
ffffff5b
ffffff7f
ffffff6e
fffffe2b
0000015f
ffffff8a
000000f5
00000182
0000022b
fffffe18
fffffe48
ffffff5f
fffffe99
ffffffaa
000001e9
00000176
ffffffc4
0000003d
00000089
ffffff14
0000001f
fffffe11
fffffe39
00000092
ffffff90
0000015b
ffffff1a
0000004d
fffffe06
0000015c
fffffe81
00000085
fffffe54
fffffe8c
ffffffdc
fffffef7
fffffc2c
fffffe63
0000004b
fffffde6
fffffed5
ffffffa6
fffffda7
000000ad
0000003f
fffffc97
ffffff15
000000e5
fffffe05
0000010d
00000119
fffffe33
00000020
00000064
00000062
00000013
00000075
0000000c
0000002b
ffffff79
ffffff07
00000080
0000003f
000000ed
fffffba6
0000007f
fffffff6
ffffff6c
fffffe7a
00000068
ffffffdb
fffffeab
00000056
ffffff9d
00000163
ffffffcb
ffffff9c
ffffffb0
00000069
00000191
000000f0
ffffff43
000000d7
0000009d
00000035
0000001c
0000015c
fffffde5
000000c5
000001af
ffffffce
ffffffa8
000000da
00000221
00000078
00000021
000002b1
fffffe4b
fffffe0a
000000b8
ffffff0c
ffffff41
fffffff5
ffffffb4
0000004d
ffffffdb
000000fe
00000078
0000004f
fffffe6a
ffffffe0
fffffffc
00000168
fffffea6
00000045
ffffff91
fffffee6
ffffff93
fffffff0
fffffe03
fffffce0
fffffe25
000001a7
ffffff1e
fffffea4
0000000b
00000022
ffffff95
fffffef6
ffffff0b
ffffff48
fffffda3
000001be
ffffff72
000000be
000001e3
00000222
fffffe9f
fffffe93
ffffffdb
fffffe83
ffffff20
00000123
00000188
00000068
0000007c
000000f7
ffffff3a
00000074
fffffde3
fffffe78
000000b3
ffffffa2
00000110
ffffff0f
0000006a
fffffe8d
000001c7
fffffed7
00000014
fffffe0d
fffffe5d
fffffff5
ffffff63
fffffbd1
fffffed0
00000011
fffffdc9
fffffeac
ffffffc1
fffffdbe
0000006e
00000025
fffffc36
ffffff5c
0000006d
fffffdeb
0000006a
000000f1
fffffdd2
0000001a
0000004f
00000023
0000002b
0000004c
0000003c
00000036
ffffff8f
fffffebb
00000078
00000080
00000102
fffffc08
000000ba
00000054
ffffff6d
fffffe53
00000081
ffffffd1
fffffebd
00000009
ffffff6b
00000174
ffffff54
ffffffd4
0000001d
0000002d
0000013c
0000011c
ffffffd6
00000088
00000056
00000067
0000002a
000000e3
fffffd6c
000000d3
000001a4
00000024
00000008
00000091
000001ea
00000074
ffffffc0
000002b6
fffffdf7
fffffdf7
00000098
ffffff5e
ffffff40
00000070
ffffff99
fffffffc
ffffff94
00000103
000000bd
00000006
fffffe57
ffffffb2
ffffffe0
00000120
fffffea0
ffffffe9
ffffff26
ffffff47
ffffff8a
ffffffc8
fffffdab
fffffc8a
fffffe5d
0000015a
ffffff27
fffffea2
00000005
00000049
ffffffda
fffffedf
ffffff20
ffffff57
fffffe0d
00000191
ffffff40
000000b4
000001d5
00000242
fffffe5b
fffffe62
ffffffe4
fffffeb3
ffffff8b
00000181
000001de
00000025
0000007e
000000b9
ffffff15
fffffffe
fffffe0a
fffffe4b
00000098
ffffff62
0000012b
fffffecd
0000007b
fffffe6a
000001dd
ffffff11
00000008
fffffde8
fffffe2d
0000001e
fffffef1
fffffb9c
fffffe86
0000008c
fffffe16
fffffe7e
ffffff8b
fffffdb9
000000cc
0000002c
fffffcab
ffffff3c
000000a1
fffffdcf
000000a2
00000105
fffffdc4
0000001d
00000001
00000074
00000055
0000000b
0000002d
00000088
ffffff4c
fffffed9
00000041
0000002c
00000079
fffffb5f
000000bb
ffffffe5
ffffff9d
fffffeab
00000064
ffffffc4
fffffef5
00000054
ffffff6c
00000120
ffffffa5
ffffffdd
ffffffef
0000002e
000000c9
00000112
ffffff24
000000f6
0000003d
00000018
0000001f
00000163
fffffda2
0000009f
00000197
0000003a
ffffff94
000000a6
000001ed
00000052
fffffff7
000002ba
fffffe6f
fffffe23
0000008e
fffffef8
ffffff41
00000036
ffffff88
00000073
ffffffa8
0000010b
00000052
0000006e
fffffe93
ffffffee
00000028
000000e5
fffffea8
00000051
fffffeee
ffffff41
ffffff7b
0000000c
fffffdc0
fffffca6
fffffe62
000001c4
ffffff3f
fffffe7f
00000032
00000043
ffffffbb
ffffff2f
ffffff22
ffffff67
fffffda8
000001a6
ffffff68
000000aa
0000019a
0000023f
fffffe3c
fffffecc
ffffff48
fffffead
ffffff44
0000015a
00000166
0000000f
00000048
00000067
ffffff08
00000017
fffffde1
fffffe7b
000000ad
ffffffb5
0000014d
fffffebf
00000029
fffffe62
00000188
fffffe9d
00000027
fffffe3d
fffffe84
ffffffe9
ffffff13
fffffbc3
fffffea1
0000001b
fffffe06
fffffed9
ffffff95
fffffd5c
00000058
00000018
fffffc82
ffffff4a
00000073
fffffdd8
00000112
00000105
fffffe00
0000002e
00000034
0000004b
ffffffe4
00000040
0000003d
00000023
ffffff7d
fffffed6
00000037
00000001
000000f2
fffffbde
000000c6
ffffffde
ffffff79
fffffe60
000000d2
ffffffae
fffffe9b
0000003b
ffffffbd
0000014b
ffffff8a
ffffffc4
ffffffad
00000056
0000014f
0000012a
ffffff86
000000db
00000023
00000016
00000042
0000013b
fffffde5
000000f3
000001cd
00000027
ffffffa9
000000af
00000217
00000074
ffffffee
000002f8
fffffe69
fffffde5
000000a2
fffffefc
ffffff2e
ffffffe0
ffffff9b
0000000c
ffffffa2
0000012c
000000c4
00000044
fffffe54
ffffff94
00000007
0000015a
fffffe9d
00000049
ffffff60
fffffece
ffffffc6
ffffffca
fffffdae
fffffc52
fffffe5b
00000157
ffffff34
fffffeb4
ffffffcf
00000044
ffffffc3
ffffff2a
ffffff57
ffffff4b
fffffdc7
0000019a
ffffff4b
000000fd
0000020c
00000232
fffffe68
fffffe70
ffffffb9
fffffe60
ffffff4e
00000138
000001cf
0000002b
000000b1
000000d6
ffffff0a
00000062
fffffdc0
fffffe09
000000a0
ffffffa5
00000135
ffffff52
00000080
fffffe75
000001d0
fffffe97
00000032
fffffdec
fffffe36
ffffffb9
ffffff1f
fffffbaa
fffffed5
0000002b
fffffd95
fffffea6
ffffffdd
fffffd45
000000ad
00000031
fffffc7a
ffffff62
000000d8
fffffdcb
000000ce
00000112
fffffde5
00000005
ffffffd8
00000084
00000049
00000068
fffffff3
0000007a
ffffff38
fffffebb
00000057
0000003b
000000bc
fffffb82
000000a9
ffffffe3
ffffff82
fffffe6a
00000091
ffffff7d
fffffed3
00000065
ffffff84
0000014d
ffffff9a
ffffff53
fffffffa
0000006f
000000fc
000000d5
ffffff6d
000000b4
00000077
00000033
00000033
0000013f
fffffd74
000000ad
000001b1
00000013
ffffffb1
00000099
00000257
000000bd
fffffff2
00000308
fffffe08
fffffdcb
00000086
fffffee9
ffffff4d
00000035
ffffff53
00000035
ffffff69
000000ef
000000aa
0000007d
fffffe65
ffffffd9
00000006
0000012b
fffffe7b
0000003d
fffffeee
fffffef1
ffffff49
ffffffcb
fffffd91
fffffca9
fffffdcc
00000187
ffffff09
fffffe75
0000003c
00000023
ffffff92
fffffef0
fffffee6
ffffff61
fffffd72
0000019b
ffffff57
000000b7
000001cf
00000278
fffffe52
fffffe88
ffffff78
fffffe91
ffffff4b
000001b4
000001ef
00000088
000000a1
00000078
ffffff0f
fffffff4
fffffdda
fffffe30
00000099
ffffff80
0000015a
fffffea8
00000071
fffffe6e
000001ae
fffffe76
0000003b
fffffdf2
fffffe4c
ffffffbf
fffffed7
fffffb8e
fffffeaf
00000054
fffffdc2
fffffe8e
ffffff6d
fffffdaf
000000bc
00000029
fffffc67
ffffff7e
0000009d
fffffe28
00000133
0000016c
fffffe43
fffffffb
ffffffbb
00000040
00000029
0000004f
00000033
00000068
ffffffc1
fffffef3
00000056
ffffffe0
00000101
fffffbb3
000000cb
00000026
ffffffd8
fffffe6e
00000061
ffffff71
fffffed5
00000040
ffffff68
0000013b
ffffffaf
ffffff75
ffffff8f
00000027
00000169
000000d1
ffffff48
0000009b
00000047
00000001
00000034
000000e1
fffffd1e
000000da
000001f6
00000016
ffffffa7
00000096
00000211
0000006a
ffffffed
000002d7
fffffdcb
fffffe18
00000081
ffffff59
ffffff24
fffffff3
ffffff96
0000004c
ffffffd2
000000dd
000000ac
00000017
fffffe7e
ffffff95
0000003f
0000016f
fffffeb0
ffffffcf
ffffff4a
ffffff3e
ffffffe4
ffffffb0
fffffe08
fffffc89
fffffe3d
00000199
ffffff21
fffffea0
00000020
ffffffed
ffffffaf
fffffe99
fffffeae
ffffff3a
fffffd8d
000001f9
ffffff2e
000000cb
000001db
0000026a
fffffe88
fffffec1
ffffffcf
fffffee5
ffffff25
00000142
000001e5
00000036
000000a6
000000c0
ffffff19
fffffff9
fffffde8
fffffe88
0000009c
ffffff92
000000f2
ffffff1f
00000048
fffffe59
000001a0
fffffec6
00000029
fffffe21
fffffe67
ffffffd8
ffffff4a
fffffc15
ffffff12
00000010
fffffe02
fffffee2
ffffffcd
fffffdb6
000000ac
0000000f
fffffca0
ffffff6a
000000b1
fffffde9
000000e1
00000105
fffffe03
00000027
00000018
00000085
0000003c
00000049
ffffffee
0000006e
ffffff54
fffffed1
00000091
0000006d
000000b9
fffffb43
000000a7
ffffffc4
ffffff85
fffffe56
00000085
ffffffc5
fffffec5
00000022
ffffff97
0000017c
ffffffb8
ffffff76
ffffffec
0000003a
0000015e
000000e5
ffffff74
000000ba
00000055
00000068
00000003
00000146
fffffd3f
000000ce
000001b5
0000000d
ffffffd5
00000088
0000021b
000000b0
fffffff7
000002fa
fffffdd6
fffffddb
000000ad
ffffff0a
ffffff1c
00000038
ffffff6b
0000003e
ffffff83
00000111
0000006b
00000042
fffffe76
ffffffa9
00000054
0000015f
fffffe92
00000034
ffffff49
ffffff2a
ffffff8e
ffffffe1
fffffd9c
fffffc7e
fffffdff
000001e1
ffffff22
fffffe3b
fffffff1
00000020
ffffffb1
ffffff25
ffffff01
ffffff3f
fffffd85
0000018f
ffffff5a
000000f6
000001e4
0000024e
fffffe62
fffffe59
ffffffbd
fffffea0
ffffff73
000001a9
000001dd
00000058
000000b0
000000b5
ffffff45
00000058
fffffde9
fffffe5a
00000088
ffffff85
00000139
fffffec2
0000006e
fffffe63
000001a0
fffffeb1
00000032
fffffde6
fffffe5e
fffffff1
fffffea2
fffffba1
fffffeb8
0000004e
fffffdaf
fffffe8f
ffffff52
fffffdba
000000e4
00000077
fffffc98
ffffff4b
0000009c
fffffded
0000010d
00000159
fffffe20
fffffff3
ffffffcd
00000085
00000018
00000051
ffffffff
0000010c
ffffff7c
fffffeba
000000a0
0000003e
000000c5
fffffb81
0000006d
00000004
ffffffb1
fffffeca
0000004b
ffffff9c
fffffee6
0000006e
ffffff2b
00000114
ffffffa8
ffffffbc
ffffffb6
0000002d
0000011c
000000db
ffffff85
00000082
00000020
00000019
00000022
00000110
fffffd51
000000c2
00000187
00000008
ffffff8e
0000009f
000001ff
00000080
00000036
00000278
fffffde1
fffffe28
000000a1
ffffff0c
ffffff53
fffffff0
ffffffb3
00000057
ffffffc2
0000011c
0000003e
0000009c
fffffea3
ffffffc4
00000076
0000012a
fffffef0
00000017
fffffed3
ffffff72
ffffffa8
00000011
fffffddc
fffffce8
fffffdc4
000001bc
ffffff4c
fffffe6e
00000051
ffffffa0
ffffffa7
fffffedd
ffffff0e
ffffff0d
fffffd61
00000195
ffffff2c
00000063
000001ad
0000025e
fffffe8c
fffffef9
fffffff1
fffffe9b
ffffff31
00000149
00000154
00000058
00000088
00000081
ffffff22
fffffffb
fffffe08
fffffec4
000000b8
ffffffe8
0000014c
ffffff11
0000000e
fffffe71
000001a0
fffffec6
00000063
fffffe40
fffffe6a
ffffffe0
ffffff58
fffffbe5
fffffe89
ffffffac
fffffe22
fffffeb0
ffffffbd
fffffdae
000000c3
00000042
fffffca5
ffffff48
000000cc
fffffdc8
000000cd
0000011a
fffffe10
0000001c
00000032
0000007a
0000001b
00000070
0000000f
00000054
ffffffd6
fffffee7
0000008a
00000050
000000d8
fffffbf6
000000a8
0000002d
ffffff69
fffffe7d
0000006a
ffffffd0
fffffebb
0000001b
ffffff5e
00000158
ffffffaa
ffffffec
ffffffb9
0000002b
00000158
000000f8
ffffffb8
000000ac
00000082
0000002e
0000001e
0000013a
fffffde5
000000b7
0000019c
ffffffe9
ffffffd3
00000083
00000200
00000061
00000000
00000295
fffffe3c
fffffde8
000000ac
ffffff0c
ffffff47
fffffff6
ffffff98
00000035
ffffffc7
00000100
00000083
00000066
fffffea3
ffffffbb
00000009
0000012a
fffffe9e
00000051
ffffff4c
fffffeeb
ffffffb2
ffffffac
fffffdb8
fffffcef
fffffe3c
00000195
ffffff59
fffffe9e
00000012
fffffff3
ffffffe6
fffffed9
ffffff35
ffffff6b
fffffdb9
000001ae
ffffff8f
0000007f
000001d7
00000238
fffffe7b
fffffecc
00000006
fffffe67
ffffff41
0000010e
0000017a
00000031
00000081
000000cf
ffffff32
00000054
fffffdeb
fffffe97
0000008b
ffffff73
0000013d
ffffff44
00000066
fffffe6e
00000196
fffffed0
00000020
fffffe59
fffffe85
ffffffcd
ffffff67
fffffbd6
fffffea8
0000000d
fffffe20
fffffea8
ffffffdd
fffffd35
00000043
ffffffea
fffffc65
ffffff69
00000074
fffffdd6
0000004a
000000f7
fffffdb0
0000003b
00000013
00000065
0000002c
00000086
00000002
00000077
ffffff84
fffffeda
0000009c
00000087
000000fb
fffffb8c
000000ce
ffffffcd
ffffff79
fffffe61
000000c3
ffffffb0
fffffedd
00000050
ffffffa3
0000015a
ffffff92
ffffffd8
00000002
0000006a
0000011a
0000015e
ffffffb4
000000bc
0000005b
00000092
0000002c
00000128
fffffd89
000000ca
000001a6
0000002b
ffffffc6
0000008f
00000258
0000008f
ffffffe0
000002da
fffffde0
fffffe10
000000c7
fffffeef
ffffff49
0000001e
ffffff8c
fffffff2
ffffff83
00000112
0000008b
00000059
fffffe77
ffffffea
ffffffff
00000100
fffffe5b
0000002f
ffffff03
fffffecc
ffffff20
ffffffed
fffffd89
fffffc80
fffffe63
00000172
ffffff36
fffffe44
00000006
00000090
ffffffe7
fffffee9
ffffff54
ffffff6b
fffffdb9
000001b6
ffffff62
000000e1
000001d0
00000244
fffffe30
fffffe43
ffffff7b
fffffe4f
ffffff7f
000001e2
000001ec
fffffff7
000000ad
00000096
ffffff35
00000050
fffffddb
fffffdef
00000075
ffffff7d
00000177
fffffea5
0000008c
fffffe36
000001ac
fffffedd
00000014
fffffdd7
fffffe0b
ffffffd2
fffffe82
fffffb8d
fffffe5e
000000a2
fffffdb6
fffffe8c
ffffffbf
fffffd99
000000ae
00000026
fffffc76
ffffff18
000000d1
fffffde4
000000bf
0000012c
fffffdbe
0000003f
fffffff2
0000006d
00000041
00000081
00000011
00000044
ffffff90
fffffe9e
00000047
00000056
000000e6
fffffbb1
000000ae
00000041
ffffff62
fffffe5e
00000086
ffffffb7
fffffe83
0000002d
ffffff57
00000164
ffffff85
ffffff83
ffffffb1
0000003c
00000122
0000010f
ffffffa8
000000c0
00000061
00000029
00000034
00000123
fffffd4b
000000d8
000001c5
00000003
ffffffc0
00000097
0000020e
00000069
00000001
000002e6
fffffdae
fffffdf3
000000b6
fffffefc
ffffff59
0000001c
ffffffa4
0000002f
ffffffdf
0000011d
0000007d
00000057
fffffe8c
ffffffbc
00000033
00000139
fffffe97
0000001b
ffffff25
fffffecb
ffffffae
ffffffc1
fffffdc4
fffffca0
fffffe12
000001a8
ffffff42
fffffe8f
00000045
fffffff4
ffffffad
fffffea8
fffffee8
ffffff3f
fffffd79
000001df
ffffff35
0000009e
000001fd
00000240
fffffe51
fffffed0
fffffff4
fffffe94
ffffff37
0000014c
000001a2
0000007d
0000008c
000000d6
fffffefa
0000002d
fffffdd4
fffffea3
000000b8
ffffff75
0000013a
fffffec0
00000068
fffffe92
000001b7
fffffe8e
0000003c
fffffe5a
fffffe96
ffffffed
ffffff44
fffffb93
fffffeab
00000038
fffffe15
fffffe8d
ffffffa7
fffffd91
000000d8
00000042
fffffc4d
ffffff47
000000cd
fffffdbb
000000f0
00000125
fffffdf0
00000048
00000003
00000087
fffffffb
0000007f
00000024
ffffffe1
ffffff8a
fffffed6
00000029
0000001b
000000dd
fffffba4
00000078
00000040
ffffff8d
fffffe47
00000065
ffffffd3
fffffec7
0000005e
ffffff70
0000014f
ffffffbf
ffffff7c
ffffffa4
00000052
00000142
000000fd
ffffffa3
000000c0
0000003f
fffffff6
00000028
00000121
fffffd42
000000a9
000001d2
0000001d
ffffffe0
000000a3
00000212
00000078
ffffffe7
000002ae
fffffde2
fffffe0f
000000d7
ffffff47
ffffff24
ffffffe5
ffffffaf
00000033
ffffffd1
000000fa
000000b4
0000003a
fffffe83
ffffff9c
00000003
0000014f
fffffea7
00000017
fffffef1
fffffed9
ffffff64
ffffffa2
fffffde7
fffffc96
fffffe08
00000170
ffffff1a
fffffed0
ffffffec
0000001f
ffffffeb
fffffe95
fffffec9
ffffff37
fffffda3
000001bf
ffffff69
000000af
000001e3
00000272
fffffe84
fffffe55
ffffffba
fffffeb5
ffffff27
00000141
000001b7
fffffff4
00000073
000000d1
fffffee9
0000002f
fffffdab
fffffe7e
000000db
ffffffa9
0000011e
ffffff7d
00000060
fffffe3c
000001d1
fffffe71
00000059
fffffe22
fffffe84
ffffffcf
ffffffa8
fffffb9d
ffffff05
00000023
fffffddb
fffffe89
00000025
fffffe1f
ffffff0f
fffffdd3
ffffff82
fffffec9
ffffff21
fffffe8a
00000289
000001c1
0000009e
ffffff7e
00000067
00000158
ffffff41
000001eb
ffffffd2
fffffefa
ffffff5e
ffffffc5
fffffe91
ffffffd9
ffffff41
fffffd2c
fffffc13
fffffe9e
fffffe7b
ffffffbd
00000038
ffffff59
00000090
ffffff84
fffffe55
0000014a
ffffffe9
fffffcef
00000007
000000fb
0000007b
fffffe78
fffffda8
ffffff01
00000108
000000b6
0000009b
ffffffb3
ffffff12
0000006e
fffffdac
fffffec4
00000194
00000013
0000020d
ffffffad
ffffff18
0000015c
ffffffdb
fffffc63
fffffef0
ffffffa8
fffffef7
ffffff5d
fffffe1e
ffffff59
fffffff8
fffffc89
ffffff6f
000000da
ffffff30
000000e9
0000004b
00000176
fffffe7e
ffffffe6
00000063
fffffccf
fffffdf9
fffffe23
00000003
0000011b
fffffdec
fffffd51
00000067
fffffee0
ffffffbb
fffffe2c
fffffdfc
ffffff3a
fffffe5b
ffffff1b
fffffead
fffffd44
ffffff56
0000002f
00000152
0000001c
00000161
fffffdde
ffffffd7
fffffe1c
00000022
0000019a
000003cc
fffffd58
00000036
00000052
000000c7
0000019e
fffffe13
fffffe3a
ffffff42
ffffff02
fffffca9
ffffff70
fffffec3
fffffee1
fffffe2c
ffffff5e
000000f2
fffffef6
ffffffe8
fffffebb
fffffeda
ffffff84
000000bc
00000000
fffffd37
000000da
00000095
fffffe85
fffffe8f
fffffe88
ffffffda
fffffe5f
ffffff0b
fffffeb2
000001ea
00000146
000000c4
ffffffa9
0000005b
000000c7
ffffff83
00000145
ffffff30
ffffff0f
ffffff8c
00000034
fffffde6
ffffff1d
fffffe5e
fffffca7
fffffc22
fffffe83
fffffe47
ffffffbd
00000049
ffffff76
00000077
ffffff6d
fffffeb0
0000015d
00000001
fffffd2c
ffffffd2
0000013e
00000046
fffffe18
fffffd24
fffffec2
000000df
0000009f
000000ce
ffffff65
ffffffeb
00000046
fffffdb6
fffffeec
000001e4
ffffffec
000001b3
ffffffa3
fffffef4
0000016e
0000005d
fffffc7a
ffffff1f
ffffffb2
fffffee5
ffffffba
fffffd8b
ffffffa4
00000084
fffffc45
ffffff2b
000000d1
ffffff55
00000126
000000cd
00000103
fffffed0
ffffff90
00000076
fffffce6
fffffecc
fffffe4b
000000a0
00000139
fffffe97
fffffd69
00000030
fffffed8
00000013
fffffe9a
fffffd75
ffffff88
fffffe87
ffffff00
fffffefb
fffffc49
ffffff42
0000003a
00000114
ffffffcc
000001c5
fffffe88
ffffff54
fffffe06
000000ce
0000013b
000003b2
fffffd39
ffffffbf
0000000f
00000163
00000146
fffffe3d
fffffeb3
ffffff4f
ffffff16
fffffc7b
ffffff4d
fffffe55
ffffff65
fffffdb2
ffffff7c
000000bd
fffffef5
00000043
fffffe31
ffffff00
ffffffa1
0000009e
0000000c
fffffd85
000001b6
00000095
fffffed4
fffffeb6
fffffea8
00000048
fffffe1f
ffffff53
fffffec6
000001df
000001b4
0000009b
ffffff16
000000b7
000000a9
ffffff97
000001a4
ffffff6a
fffffed3
ffffffd0
ffffffc9
fffffe01
ffffff36
ffffff23
fffffd25
fffffc2e
fffffe9b
fffffe6c
ffffff3e
00000016
ffffff7a
0000011e
ffffff20
fffffe55
0000019e
ffffffe9
fffffd25
ffffffdb
000000e3
ffffffee
fffffe90
fffffdd0
fffffe96
00000102
00000085
00000099
ffffffd3
ffffff49
00000057
fffffe09
ffffff2e
0000021d
ffffff54
00000198
ffffff74
fffffe8a
0000015c
00000002
fffffcc3
ffffff0b
ffffff27
fffffe88
00000042
fffffd92
ffffff51
0000009b
fffffc01
fffffec0
0000003c
ffffff69
000000bc
00000062
000000cd
fffffedd
ffffffb8
000000c8
fffffc4a
fffffe93
fffffdda
00000093
0000012e
fffffe6b
fffffd17
00000042
fffffede
00000029
fffffe4c
fffffd80
ffffff71
fffffeb2
ffffff16
fffffef4
fffffd3b
ffffff18
00000025
0000012f
00000001
000001e1
fffffe6b
ffffffb5
fffffe8a
000000e1
0000016f
000003a1
fffffd0a
ffffffe9
00000078
000001c8
00000185
fffffe30
fffffe94
ffffff71
fffffef7
fffffc79
ffffff8a
fffffe84
ffffff85
fffffdbf
ffffffe8
000000c3
fffffec8
00000054
fffffe4e
ffffff84
ffffff46
000001af
00000056
fffffd84
00000191
000000d8
fffffe58
fffffe82
fffffeab
ffffff62
fffffddf
ffffff80
fffffee0
00000212
00000165
0000005b
ffffff42
000000ac
000000fa
ffffff15
00000187
ffffff67
fffffeb7
ffffffab
ffffffcf
fffffe57
ffffff5a
ffffff10
fffffd05
fffffbf1
fffffeef
fffffdeb
ffffff12
0000002b
ffffffb8
000000e9
ffffff7a
fffffe75
00000185
ffffffef
fffffc73
ffffffb2
000000e4
ffffffff
fffffe69
fffffde6
fffffe61
00000103
000000af
000000c4
ffffff56
fffffee1
00000026
fffffe09
fffffead
000001f2
ffffffa9
000001f2
ffffff8a
fffffe94
00000187
ffffff70
fffffc89
ffffff82
ffffff86
fffffe97
00000032
fffffd91
ffffff72
00000094
fffffc4f
ffffff10
00000073
ffffff3f
0000006e
000000a7
00000141
fffffe93
ffffffe5
00000086
fffffc6c
fffffea3
fffffdfe
00000062
0000013c
fffffe54
fffffd8e
0000005a
fffffed4
ffffffdc
fffffe5e
fffffd18
ffffff41
fffffe49
fffffef7
fffffefb
fffffc89
ffffff63
ffffffed
00000158
ffffffed
000001b4
fffffdf5
fffffffa
fffffdce
000000da
0000012f
000003e0
fffffd1f
00000029
000000bc
0000017f
00000166
fffffe18
fffffe44
ffffff85
ffffff19
fffffc64
ffffff4c
fffffebe
ffffff70
fffffe15
ffffff81
000000c1
fffffec7
ffffffef
fffffe4f
ffffffd2
ffffffb6
00000142
00000046
fffffd8d
00000148
000000c4
fffffeda
fffffef0
fffffe7c
ffffff51
fffffe64
ffffffcb
fffffe74
00000249
00000183
0000008d
ffffff54
0000001b
000000ea
ffffffba
00000136
fffffef9
fffffed9
ffffff39
0000000e
fffffe34
ffffffed
fffffef5
fffffd35
fffffc20
fffffece
fffffeb4
ffffffd6
ffffffea
ffffffc8
000000c4
ffffff6b
fffffeb4
00000145
0000007c
fffffcc9
ffffff85
000000ed
000000c3
fffffdae
fffffdb2
fffffefa
000000ea
0000006e
00000083
ffffffd8
ffffff0e
00000062
fffffed4
ffffff3f
000001ea
ffffffcb
000001d5
ffffffc1
fffffea4
00000151
ffffffee
fffffd54
ffffff61
ffffffd3
fffffead
00000043
fffffd3b
ffffff56
0000005f
fffffce0
ffffff2a
000000bb
ffffff09
000000f8
000000f9
0000012c
fffffe9e
ffffffaa
0000006c
fffffd38
fffffe51
fffffed9
00000003
00000122
fffffe00
fffffe3f
0000000a
fffffec4
00000010
fffffe80
fffffd59
ffffff53
fffffe09
ffffff08
ffffff0f
fffffd24
ffffff6c
00000023
00000149
ffffff85
0000015e
fffffe6f
ffffffe9
fffffe3c
000000a6
0000018a
0000038b
fffffd5e
ffffffe2
00000067
0000014b
00000127
fffffe25
fffffef4
ffffff85
ffffff3c
fffffcce
ffffffd3
fffffe5c
ffffff16
fffffe4e
ffffff70
000000b9
fffffe93
fffffff8
fffffeae
ffffff7c
ffffff4b
0000012e
00000018
fffffd7b
00000154
00000065
fffffe79
fffffef8
fffffe5b
ffffff77
fffffe77
ffffffa6
fffffe5b
000001d9
000001a5
00000016
ffffff6f
00000032
00000115
ffffff1c
0000017f
ffffffb4
ffffff10
ffffffaa
ffffffc8
fffffe91
ffffff79
ffffff50
fffffd06
fffffc4d
ffffff15
fffffe46
fffffee4
00000019
ffffff9c
0000011e
ffffff36
fffffe3e
00000180
00000043
fffffd2b
ffffffd3
000000f8
ffffffea
fffffea1
fffffdcf
fffffe8f
00000100
00000076
0000006c
ffffffdc
fffffee6
00000059
fffffe5e
fffffedd
000001cd
ffffffb3
000001bc
ffffff3b
ffffff0a
00000110
ffffffa8
fffffd9f
ffffff75
ffffffa4
fffffeab
0000000d
fffffe17
ffffff22
000000b2
fffffc61
fffffe9f
00000074
ffffff4c
0000008c
000000bd
0000009a
fffffefd
ffffff99
0000001f
fffffd15
fffffec7
fffffe2f
0000001c
0000017b
fffffe2e
fffffddb
000000a1
ffffff2e
00000010
fffffe47
fffffe33
fffffefc
fffffe69
fffffeff
fffffea0
fffffd9c
ffffff0f
0000001a
0000017d
ffffffe5
00000155
fffffea9
ffffffeb
fffffdca
000000fa
00000198
00000329
fffffd37
ffffffbb
00000050
000001b3
00000151
fffffe21
fffffeb1
ffffffcf
ffffff5c
fffffcea
ffffff41
fffffede
ffffff5b
fffffe33
ffffffd3
000000b6
fffffef4
00000063
fffffe92
ffffff16
ffffff65
00000107
0000000c
fffffdda
00000188
00000001
fffffea3
fffffed2
fffffea7
00000049
ffffff3a
ffffffae
ffffff18
0000022c
000001a9
0000009b
ffffff51
0000000e
000000ea
0000002a
0000018c
00000008
ffffff27
ffffffa2
0000001d
fffffeba
ffffffbd
ffffff38
fffffcfe
fffffc4d
fffffe18
fffffe59
ffffff48
00000041
ffffff37
0000009e
ffffff5a
fffffe9a
00000175
ffffffe8
fffffd26
fffffffe
000000f7
ffffffe9
fffffe2e
fffffdaf
fffffec7
00000104
000000b3
000000b0
ffffffc4
fffffefc
0000005c
fffffdbd
ffffff4d
000001b8
ffffffe0
000001ab
ffffff22
ffffff24
0000019b
00000013
fffffd4e
ffffff33
ffffff73
fffffe6d
ffffffc3
fffffe18
ffffff68
0000002e
fffffc57
ffffff23
0000006b
ffffff73
00000119
00000045
000000da
fffffebf
ffffffc7
00000074
fffffca0
fffffe3e
fffffe5a
00000062
0000016d
fffffe13
fffffd81
00000042
ffffff22
00000036
ffffff1d
fffffdb8
ffffffbf
fffffea9
fffffef0
ffffff15
fffffceb
ffffff16
00000030
000000d4
00000015
000001b3
fffffe10
fffffff4
fffffe24
00000170
000001b5
000003c5
fffffced
fffffff5
00000030
0000017c
00000105
fffffe0c
fffffe9c
ffffff29
fffffeb9
fffffca2
ffffff6d
fffffee2
ffffff15
fffffe0b
ffffffc6
000000e1
fffffe9b
ffffffb3
fffffed2
ffffff46
ffffffc4
0000010b
ffffffe7
fffffd2e
00000118
00000068
fffffe63
fffffed1
fffffe25
ffffff9e
fffffe6a
ffffff50
fffffe81
000001e1
000001b5
ffffffba
ffffff16
00000030
000000db
ffffff42
0000015c
ffffff30
fffffeb8
ffffff10
ffffff8e
fffffdc1
ffffff27
fffffef1
fffffd42
fffffc00
fffffe4f
fffffe71
ffffffb1
00000015
ffffff98
000000ca
ffffff3c
fffffe37
00000179
00000030
fffffcee
00000035
000000a2
00000042
fffffe2e
fffffdcc
fffffee4
000000cc
0000009f
0000009e
ffffffc9
fffffec3
00000066
fffffe61
ffffff4a
000001f4
ffffffc6
0000017a
ffffff44
fffffe84
00000192
ffffff67
fffffcf5
ffffff84
ffffff75
fffffeca
ffffffd6
fffffdad
ffffff5c
00000091
fffffc13
ffffff06
0000008e
ffffff4c
000000ca
000000c9
0000009f
fffffe55
ffffff9a
000000bf
fffffcbb
fffffe5e
fffffe29
00000037
0000015d
fffffe74
fffffd59
0000005f
fffffebe
ffffffe9
fffffe51
fffffd93
ffffff5a
fffffeb2
ffffff27
ffffff19
fffffd40
ffffff92
0000003d
0000019a
ffffff37
000001cb
fffffe5d
ffffffeb
fffffe82
000000ac
00000145
000003e7
fffffcee
ffffffa9
0000006a
0000019e
00000199
fffffdff
fffffe25
ffffff5c
ffffff45
fffffc2b
ffffff93
fffffe71
ffffff46
fffffdaf
ffffff9c
0000012b
fffffe53
ffffffe6
fffffe65
0000000e
ffffff6f
00000149
0000001f
fffffd8c
000001a6
00000012
fffffe08
fffffe86
fffffe85
ffffff5f
fffffe86
ffffffc1
fffffe69
00000212
000001a1
00000061
ffffff10
0000001e
00000088
ffffffbe
0000018d
ffffff0c
ffffff4e
ffffff96
ffffffc1
fffffe61
ffffff68
fffffe6f
fffffca4
fffffc40
fffffe59
fffffe46
ffffffcf
00000029
ffffff77
000000c4
ffffffb5
fffffe2e
00000111
00000005
fffffd52
fffffffc
00000128
0000004a
fffffea3
fffffe53
fffffeb2
00000113
0000005e
000000f7
ffffff51
ffffff0f
ffffffe7
fffffdec
fffffed5
00000211
ffffffed
00000203
ffffff8e
fffffed2
000001be
ffffffd3
fffffcff
ffffff4a
ffffff8f
fffffed8
ffffffb9
fffffdc9
ffffff40
00000068
fffffbd9
fffffef5
000000b5
fffffea6
00000125
00000030
00000122
ffffff05
ffffff07
00000065
fffffceb
fffffe2a
fffffe17
fffffff8
0000011d
fffffe2c
fffffd1b
ffffffdf
fffffe87
00000059
fffffecf
fffffdd4
ffffff51
fffffe99
ffffff20
fffffec9
fffffd3d
ffffff06
0000006c
00000157
00000009
000001ae
fffffe3e
ffffffdc
fffffe2d
000000c6
000001b2
000003c6
fffffd90
00000026
00000069
00000194
00000124
fffffe2a
fffffe26
ffffff1c
fffffef0
fffffc55
ffffff8e
fffffea8
ffffff77
fffffec2
ffffff8b
000000bd
fffffe50
ffffff8e
fffffe53
ffffff55
fffffedb
000000d7
00000097
fffffcdf
0000011b
00000087
fffffea2
fffffe9f
fffffea9
ffffffcc
fffffea2
ffffffb5
fffffe4d
00000274
00000188
000000e0
ffffff48
0000003f
00000102
ffffffe6
0000018b
ffffff4f
ffffff07
ffffffa4
00000014
fffffe22
ffffff85
fffffeb6
fffffce7
fffffc4f
fffffea7
fffffe28
fffffed5
ffffffdc
ffffffa1
00000110
ffffff1d
fffffe96
00000195
0000008a
fffffd50
ffffffc7
000000fd
00000015
fffffdd0
fffffd4d
ffffff2a
000000ed
000000ac
000000b7
ffffffa4
ffffff39
00000015
fffffdfc
ffffff01
00000207
ffffffa5
000001d0
ffffff33
fffffeba
00000140
fffffff4
fffffc71
ffffff67
fffffff9
fffffe9c
ffffff8e
fffffd8a
ffffff9a
00000084
fffffc96
fffffed2
000000a1
ffffff5e
000000d6
000000a9
000000d2
ffffff5e
ffffffc6
0000001a
fffffd25
fffffe89
fffffe43
00000066
000001a6
fffffe4f
fffffd5c
00000097
ffffff3d
00000047
fffffe4d
fffffd6d
ffffff58
fffffe7d
fffffef3
ffffff1b
fffffccd
ffffff17
00000003
00000133
ffffffee
00000194
fffffea6
ffffffe0
fffffe10
000000f1
00000185
000003ef
fffffd5a
ffffff90
00000057
00000155
00000138
fffffe52
fffffedd
ffffff5e
ffffff19
fffffcc0
ffffff92
fffffe51
ffffff2a
fffffdfd
ffffffa5
000000d0
fffffef9
00000059
fffffe62
fffffefb
ffffff58
000000f5
fffffff2
fffffdcd
0000018f
0000003e
fffffe33
fffffeb4
fffffdf2
ffffff9c
fffffebb
ffffff8f
fffffe85
000001af
00000175
0000001e
ffffff4a
00000006
000000bf
fffffecb
0000014d
ffffffa2
ffffff1c
ffffff7d
ffffffbb
fffffe65
ffffff6b
ffffff2f
fffffd40
fffffc5e
fffffea2
fffffe97
ffffffcd
00000086
ffffff76
0000005b
ffffff5e
fffffe76
00000171
00000025
fffffd69
00000012
00000113
00000067
fffffe98
fffffe28
fffffe70
000000b7
000000a2
00000090
ffffffba
fffffedd
0000005f
fffffea6
fffffea5
00000202
ffffffe7
000001e2
ffffff82
fffffef2
00000161
ffffffc5
fffffdb4
ffffffad
ffffffff
fffffeec
ffffffaf
fffffe3d
fffffee5
000000bd
fffffcf2
ffffff03
00000081
ffffff03
000000f1
00000066
000000d3
fffffe84
ffffff7a
0000005d
fffffd04
fffffe69
fffffe30
00000007
0000012d
fffffeb1
fffffdd1
00000004
ffffff22
ffffff8a
fffffe6a
fffffe2c
ffffff49
fffffeb7
ffffff20
fffffede
fffffdaa
ffffff2b
0000002a
00000142
ffffffcd
0000017d
fffffe2d
00000001
fffffe31
00000115
0000012f
0000039c
fffffd38
00000013
0000006e
00000172
00000178
fffffe4b
fffffe5f
ffffffc0
ffffff08
fffffcbd
ffffff76
fffffef6
ffffff08
fffffe51
ffffffd8
00000106
fffffe6c
ffffffc4
fffffead
fffffee0
ffffff14
00000134
00000061
fffffd9a
00000120
0000009d
fffffe23
fffffec9
fffffec9
ffffff7e
fffffdc4
ffffff35
fffffe3e
00000213
00000158
00000016
ffffff32
0000009b
000000c2
fffffeb0
000001bd
ffffff32
fffffeff
ffffff84
ffffffd6
fffffe1e
ffffff1c
fffffebf
fffffcd0
fffffbfa
fffffea4
fffffe31
ffffff84
00000019
ffffff86
000000f9
ffffff4e
fffffe5c
00000189
00000030
fffffd30
0000000e
0000011c
00000012
fffffe6b
fffffd7f
fffffe7b
000000a6
0000007e
000000cf
ffffff97
ffffff17
00000029
fffffdb2
fffffee7
00000217
ffffff6f
000001ac
ffffff72
fffffef1
000001ab
ffffffa8
fffffc9d
ffffff1b
ffffffae
fffffed4
00000002
fffffdbf
ffffff7e
000000a9
fffffc63
fffffeaf
00000078
fffffedd
00000082
000000ad
000000fa
fffffed6
ffffff9c
00000061
fffffce9
fffffea3
fffffe26
00000029
000000d9
fffffe69
fffffdeb
00000051
fffffed6
0000000e
fffffe33
fffffd95
ffffff4e
fffffe6c
fffffef8
fffffece
fffffd02
ffffff55
00000018
0000019b
ffffffb9
000001ad
fffffe76
ffffffd1
fffffdd3
000000bc
0000011f
000003b6
fffffd45
fffffff3
00000084
000001bf
000001a8
fffffdfc
fffffe4e
ffffff8d
ffffff43
fffffc2b
ffffffa5
fffffe82
ffffff40
fffffe3f
ffffffbe
00000098
fffffe56
00000014
fffffe74
ffffffd6
fffffedc
0000010c
0000004b
fffffd30
00000159
0000002a
fffffeaf
fffffe99
fffffe4e
00000071
fffffe4a
ffffff9e
fffffeb4
00000234
00000172
000000d2
ffffff87
00000067
00000104
ffffff75
00000174
ffffff15
ffffff37
ffffff52
00000070
fffffe72
ffffff58
fffffe75
fffffceb
fffffc31
fffffe60
fffffe17
ffffff4f
0000001b
ffffffd8
000000d2
ffffff46
fffffe29
00000114
00000024
fffffcea
ffffffdf
00000139
0000001a
fffffddc
fffffd4f
fffffedc
00000075
000000db
00000108
ffffffd2
ffffffca
ffffffda
fffffdc4
ffffff59
000001ca
ffffffab
000001cc
ffffff2f
ffffff04
00000181
fffffff3
fffffcfd
ffffff03
fffffff4
ffffff01
00000006
fffffdf8
ffffffb7
00000026
fffffc70
fffffedb
0000008a
ffffff28
00000109
0000009c
000000e2
fffffed7
ffffffb2
00000034
fffffd41
fffffe94
fffffe7f
00000097
0000014c
fffffe73
fffffd4b
00000061
ffffff13
00000026
fffffea3
fffffdb7
ffffff4d
fffffe4a
ffffff02
fffffeee
fffffd1e
ffffff80
ffffffec
000000e9
fffffff8
0000019d
fffffeec
ffffffd2
fffffe04
00000106
00000176
00000375
fffffd73
ffffffd6
00000034
0000017c
00000148
fffffe8f
fffffe5c
ffffff0d
ffffff71
fffffca8
ffffffe4
fffffe36
ffffff82
fffffdd5
ffffffb1
000000b8
fffffe94
00000041
fffffe69
ffffff9f
ffffffb6
0000010d
ffffffeb
fffffd93
000001b4
0000001e
fffffe5b
fffffecf
fffffeca
00000006
fffffe39
ffffff63
fffffed9
0000021c
00000179
0000001b
ffffff46
00000038
00000133
fffffecb
000001be
ffffff61
ffffff03
fffffee6
ffffffa9
fffffed7
ffffff5b
ffffff27
fffffd9b
fffffc5f
fffffec6
fffffe1d
fffffeea
00000053
fffffff1
00000119
ffffff68
fffffe2f
00000129
ffffffde
fffffd6c
00000014
000000e1
ffffffb4
fffffe16
fffffdc5
ffffff0f
0000004e
000000d9
000000f5
ffffffd9
ffffff72
00000008
fffffdcb
ffffff1a
000001a4
ffffffe0
000001ca
ffffff29
fffffee2
000001bb
ffffffd0
fffffcfd
fffffef2
ffffff8f
fffffedc
ffffffca
fffffe46
ffffffd5
00000020
fffffc81
fffffef4
00000060
ffffff14
000000e4
0000006d
000000ff
fffffe4b
ffffffa9
00000089
fffffcd7
fffffe2f
fffffe13
0000002d
000000aa
fffffe7b
fffffd7d
0000003f
ffffff01
00000031
fffffec8
fffffe41
ffffff49
fffffea9
fffffef0
ffffff03
fffffda4
ffffffb1
00000044
00000176
ffffffd6
0000014f
fffffea4
0000002f
fffffe6b
00000104
00000156
00000389
fffffd64
00000037
000000a5
00000122
00000199
fffffe4b
fffffe0b
ffffff3b
ffffff90
fffffc97
ffffffb1
fffffecd
ffffff5b
fffffe4c
ffffff84
000000a5
fffffe91
00000021
fffffe7e
00000010
ffffff90
00000144
0000003d
fffffd70
0000013a
00000053
fffffe33
fffffead
fffffe90
ffffff83
fffffdf0
ffffff51
fffffe52
0000021f
00000195
00000079
ffffff50
0000004a
000000f3
ffffff3c
00000227
ffffff70
fffffee1
ffffffbe
ffffff7d
fffffe6f
ffffff40
ffffffd1
fffffcf2
fffffc1d
fffffe9f
fffffded
ffffffac
0000002d
ffffffae
000000d0
ffffff44
fffffdc3
00000183
ffffffb4
fffffce1
ffffffe4
000000da
fffffffb
fffffe33
fffffe10
fffffe87
000000e0
00000091
000000c0
ffffffa4
fffffef7
fffffffd
fffffe35
fffffec8
0000021c
00000006
00000206
ffffff4c
fffffece
00000190
ffffffa8
fffffcea
ffffff2f
ffffff31
fffffed7
00000017
fffffddb
ffffff51
00000049
fffffc3f
ffffff12
00000041
fffffecc
0000010a
00000027
0000016f
fffffe65
ffffff72
00000060
fffffd0c
fffffe49
fffffdc8
00000002
00000102
fffffdef
fffffd1d
ffffffed
fffffecc
0000003a
fffffed9
fffffdc4
ffffff2a
fffffe2f
fffffef5
fffffeac
fffffd7a
ffffff12
ffffffec
00000159
00000034
00000138
fffffe16
ffffffcc
fffffdf7
000000a9
000001b3
000003b8
fffffd38
00000085
000000a1
00000157
00000166
fffffdf6
fffffdf6
ffffff5a
fffffee1
fffffc3e
ffffff59
ffffff1e
ffffff4e
fffffe95
ffffffdd
00000096
fffffe86
ffffffec
fffffeb8
ffffffb7
ffffff02
00000121
00000088
fffffd17
000000d8
000000c3
fffffea4
ffffff02
fffffea4
ffffff01
fffffe4e
ffffffec
fffffe7d
00000235
000001b1
000000b0
ffffff57
0000007d
000000c2
ffffffbb
00000160
ffffffba
fffffeec
ffffffac
ffffff94
fffffe6e
0000002d
fffffeee
fffffd55
fffffc28
fffffedb
fffffea8
ffffffb2
ffffffd2
ffffffa4
000000db
ffffff33
fffffeb8
0000019a
00000075
fffffc97
ffffffff
000000ab
0000003b
fffffdf6
fffffdcc
ffffff4e
000000c7
00000085
00000077
00000022
ffffff86
00000067
fffffea1
ffffff59
000001ba
ffffff6d
000001ae
ffffff45
fffffe75
00000177
fffffffe
fffffdcb
ffffff35
00000032
fffffea3
00000030
fffffd98
ffffff98
000000b1
fffffd80
ffffff68
000000b1
ffffff3d
0000008f
00000078
000000e0
ffffff2e
ffffffc9
00000072
fffffdb7
fffffee0
fffffebd
0000003f
0000011c
fffffdc6
fffffdb6
00000061
fffffee0
00000027
fffffeda
fffffdc6
ffffff0a
fffffe1f
ffffff6e
fffffef4
fffffd92
ffffff63
ffffffeb
00000175
ffffffce
00000184
fffffe31
ffffffbf
fffffe5c
0000008d
0000011a
000002f6
fffffdb8
00000004
00000033
00000139
0000014a
fffffddb
fffffee6
ffffff89
ffffff09
fffffc94
ffffff76
fffffe9d
fffffefd
fffffe53
ffffff6a
00000095
fffffe81
00000007
ffffff11
ffffffd7
ffffff4a
00000182
ffffffc7
fffffd54
00000158
00000069
fffffe2c
ffffff02
fffffe9f
ffffff51
fffffe19
ffffff33
fffffe6a
000001e1
00000175
0000001f
fffffef9
0000009f
000000b4
ffffff04
00000167
ffffff50
ffffff0b
ffffff9f
0000001a
fffffdec
ffffff09
fffffe8f
fffffd24
fffffc5b
fffffea2
fffffe1f
ffffff78
00000037
ffffff6e
000000b5
ffffff6c
fffffe5e
0000016c
0000001c
fffffdb4
0000000c
000000ea
00000044
fffffec1
fffffde9
fffffecd
000000b6
0000007a
000000e1
ffffff98
ffffff4e
00000026
fffffe03
fffffef9
000001aa
ffffff9a
000001bf
ffffff84
fffffee7
00000136
ffffffb8
fffffcdf
ffffff52
ffffffc6
fffffec7
00000002
fffffdd2
ffffff18
000000ce
fffffc08
fffffee6
0000006d
ffffff1e
0000011b
00000063
000000bf
fffffea1
ffffff9e
00000086
fffffc85
fffffe42
fffffe27
00000037
00000113
fffffed4
fffffd98
0000003e
fffffebd
00000026
fffffe33
fffffdb0
ffffff68
ffffff1c
fffffedc
fffffee9
fffffd00
ffffff12
0000002d
0000017c
ffffffca
000001b2
fffffe99
ffffffb3
fffffe47
000000b2
00000133
000003d4
fffffd4e
00000018
0000007d
00000148
000001a2
fffffe6d
fffffe4a
ffffff6d
ffffff25
fffffc87
ffffff6b
fffffe94
ffffff73
fffffe3a
fffffff1
0000009a
fffffeb1
ffffffb6
fffffe36
ffffff12
fffffef3
00000104
0000007c
fffffd85
00000175
0000008b
fffffe65
fffffef8
ffffff92
ffffff40
fffffe3b
ffffff99
fffffef3
0000021d
0000015d
00000035
ffffff05
ffffffb5
00000076
ffffff44
000001b0
fffffef0
ffffff9f
ffffff73
fffffff5
fffffe07
ffffff18
fffffef1
fffffd05
fffffce3
fffffeb4
fffffe85
ffffff93
00000039
ffffff96
000000c9
ffffffe2
fffffeb9
00000143
00000082
fffffd3c
ffffffe3
000000f0
00000085
fffffde7
fffffe70
fffffee6
000000c9
000000a2
00000092
ffffffc6
ffffff5d
00000050
fffffeb8
ffffff16
00000188
00000029
000001a6
ffffffae
ffffff64
00000179
00000007
fffffd41
ffffff47
ffffffb2
fffffee7
ffffffad
fffffdab
ffffffc2
0000008b
fffffcc5
ffffff3e
000000b4
fffffec1
0000012a
000000e7
00000143
fffffebc
ffffff30
0000005d
fffffdda
fffffea1
fffffede
ffffffe2
000000a3
fffffe1d
fffffe66
ffffffb4
fffffe81
00000076
fffffe7a
fffffd4e
ffffffbd
fffffe35
fffffebf
ffffff0e
fffffd5b
ffffff5f
0000001e
00000116
0000000f
00000129
ffffff0d
ffffffdd
fffffdf9
000000e6
00000192
0000035a
fffffd7d
00000036
00000021
00000134
0000011f
fffffe2c
fffffeb4
ffffff80
ffffffad
fffffd02
ffffff95
fffffe89
ffffff6f
fffffe97
ffffffcd
0000007b
fffffe96
00000003
fffffe67
ffffff95
ffffff54
00000096
0000004e
fffffd02
0000018a
00000060
fffffec3
fffffee7
fffffe55
ffffff5e
fffffe55
0000002a
fffffe80
000001ee
000001c0
0000009a
ffffff30
000000ae
000000af
ffffffdd
00000194
ffffff67
ffffff07
ffffff6b
ffffff94
fffffeca
0000003e
fffffe83
fffffc91
fffffbed
fffffe20
fffffe69
ffffff83
ffffffed
ffffff95
000000f3
ffffff15
fffffe1e
00000191
0000005a
fffffca6
0000005d
000000c5
00000006
fffffe1f
fffffda8
fffffef9
0000014a
000000bd
000000af
ffffff76
ffffff23
00000040
fffffdef
ffffff17
000001fa
ffffff48
000001ac
ffffff4b
fffffeb5
00000183
ffffff77
fffffd91
ffffff86
00000008
fffffe7e
0000003e
fffffdf1
ffffff72
000000c7
fffffc41
ffffff0b
00000074
ffffff00
000000ce
0000004b
000000a1
ffffff4d
ffffff4f
0000009f
fffffd02
fffffec5
fffffe64
ffffffea
0000016c
fffffd9e
fffffd75
00000058
fffffea0
00000022
fffffee8
fffffdbe
fffffed8
fffffe23
ffffff6a
fffffed5
fffffd5b
ffffff3d
00000003
0000015c
00000000
000001cc
fffffe29
00000012
fffffde9
00000116
000000fe
00000360
fffffd9a
ffffffe9
00000062
000001e8
0000018c
fffffdd6
fffffeaf
ffffff3c
fffffee1
fffffc61
ffffffc6
fffffe8d
ffffff62
fffffdd6
ffffff93
000000ab
fffffe3d
fffffff9
fffffeb4
ffffffb2
ffffff37
0000014d
00000034
fffffd82
00000151
00000067
fffffe7a
fffffed3
ffffff67
ffffffbc
fffffe0d
ffffff0c
fffffebe
000001df
00000132
00000034
ffffff37
00000058
0000008d
ffffff2e
000001c9
ffffff38
ffffff42
ffffffc3
00000069
fffffdf2
ffffff2b
ffffff6b
fffffcd2
fffffcb9
ffffff46
fffffded
fffffe90
00000064
ffffffb0
00000098
ffffff6f
fffffe50
00000199
00000000
fffffd8a
ffffffc1
00000110
00000048
fffffe77
fffffdf4
ffffff0d
000000f5
0000009b
00000082
ffffffba
ffffff35
00000042
fffffe5a
ffffff0d
00000196
ffffff9d
00000197
ffffffd4
ffffff3d
00000133
ffffffbf
fffffcad
ffffffba
ffffff8e
ffffff11
00000028
fffffd92
ffffffb6
000000bc
fffffd11
fffffeba
000000b3
ffffff13
000000b5
0000008d
00000139
fffffeab
ffffffc7
00000025
fffffcc5
fffffe7b
fffffe87
00000084
0000014b
fffffe6b
fffffe4d
0000003a
ffffff0c
00000068
fffffe27
fffffd95
ffffffd5
ffffff05
fffffe6a
fffffe6f
fffffd32
fffffef2
ffffffd5
00000165
0000002c
00000159
fffffe8e
0000000c
fffffe1d
000000f0
00000163
000003a9
fffffdb3
ffffffc1
000000af
0000012d
000001d2
fffffe6c
fffffec2
ffffff7c
ffffff23
fffffcb4
ffffff88
fffffeea
ffffff8e
fffffe62
fffffffb
0000009f
ffffff2b
0000001a
fffffe82
ffffff2f
ffffff07
000000da
00000039
fffffdc4
0000014d
00000006
ffffff4f
ffffffa2
ffffffe5
fffffd51
fffffdae
ffffff5f
fffffe5c
ffffff03
0000009e
ffffff53
000000a8
00000080
ffffff42
fffffdc4
ffffff6d
fffffec2
ffffff01
0000013a
ffffff4f
fffffee1
fffffd82
ffffffb5
fffffe61
fffffed1
ffffffb7
ffffff40
ffffff59
00000062
0000002f
ffffff8b
ffffff61
00000129
000001f9
ffffffd8
fffffd31
fffffec9
ffffff0d
fffffe65
ffffffbc
fffffe9c
fffffd51
00000000
ffffff37
000000a9
fffffeef
fffffee1
00000036
00000115
fffffe17
0000025c
ffffff66
000000f2
fffffe80
0000006e
000001bb
fffffd5f
0000015d
ffffff75
fffffe91
fffffe3e
fffffff4
00000008
fffffe93
fffffff2
fffffdc7
fffffe00
fffffe18
ffffffcd
fffffd14
ffffff2d
ffffff72
0000001c
ffffffa0
0000007b
fffffd8f
00000133
ffffff17
00000000
fffffeac
00000029
0000005d
fffffe24
fffffe24
fffffc21
fffffe45
fffffc2c
fffffed7
fffffd47
ffffff27
00000000
ffffff08
fffffe92
000000ca
000000c6
ffffff2a
000000da
fffffd72
00000189
ffffff8f
ffffff19
ffffffdf
0000015b
fffffc29
ffffff47
00000079
ffffff2d
ffffffd3
fffffd13
000000d7
0000026b
fffffffb
fffffeb1
fffffe4e
fffffed9
ffffff1f
ffffff63
000001a4
ffffff26
fffffd45
ffffffb9
fffffe02
ffffffcd
fffffdb8
00000031
00000031
000000e8
ffffff12
ffffffe9
ffffff70
ffffff7f
0000002f
fffffdb6
fffffd89
ffffffb6
fffffee5
fffffef5
000000c9
ffffff5d
00000056
0000009f
ffffff18
fffffe50
ffffff53
fffffea3
ffffff98
00000127
ffffffaf
ffffff3e
fffffec2
ffffffa6
fffffe45
fffffea6
ffffffe2
ffffff61
ffffff30
00000032
0000000e
ffffff9d
ffffff3a
00000105
00000211
00000059
fffffd05
ffffff57
ffffff7e
fffffe4c
ffffffae
fffffec3
fffffda7
ffffffff
0000000e
000000af
ffffff0f
fffffeee
ffffffcd
0000014f
fffffe48
00000252
ffffff11
0000013d
fffffed0
00000064
00000183
fffffd0e
00000179
ffffff75
fffffe88
fffffdb4
00000070
ffffff22
fffffee8
00000026
fffffdea
fffffe03
fffffe4c
ffffffb0
fffffd7a
ffffff01
ffffff0b
00000026
ffffff22
0000010a
fffffe25
000000df
ffffff53
00000039
ffffff45
ffffffd6
000000ae
fffffe33
fffffe07
fffffd12
fffffea4
fffffc51
fffffe74
fffffd66
fffffec6
0000005b
fffffea3
fffffef5
0000007a
000000cd
ffffffd8
000000ec
fffffd6b
0000024f
ffffffa5
ffffff7c
00000040
000001a2
fffffc73
ffffff63
000000e0
ffffffea
ffffffea
fffffcdd
000000dd
000001ba
ffffffd4
fffffe95
fffffea8
fffffe78
ffffff12
ffffff9a
000001ec
fffffef2
fffffd4a
ffffff37
fffffe83
ffffffd4
fffffdac
00000018
00000044
000000c1
ffffff7e
fffffff6
ffffff28
ffffffc8
0000003c
fffffcee
fffffe26
ffffff22
fffffe02
fffffec5
00000156
ffffff59
000000a2
0000008d
ffffff03
fffffe5e
ffffff45
fffffe93
ffffff5b
000001dc
ffffff4b
fffffe4a
fffffded
0000000a
fffffe1f
fffffee1
ffffffbd
ffffff6d
fffffef6
00000056
00000030
ffffffc7
ffffffef
000001b3
00000216
00000040
fffffda4
fffffe4c
ffffff47
fffffde5
ffffffd1
fffffe3a
fffffd69
ffffffad
ffffff29
00000094
fffffedb
fffffe56
00000014
000001af
fffffed3
0000023d
fffffec8
00000142
fffffe98
ffffffdb
00000198
fffffd8f
0000015b
ffffff13
fffffe9b
fffffdfe
00000075
ffffff42
fffffe4c
00000046
fffffe3b
fffffdf6
fffffe29
ffffff5d
fffffd53
ffffff0b
ffffff1e
0000001c
ffffff2a
00000078
fffffe02
00000127
ffffff3a
00000052
fffffe92
ffffffaf
0000009b
fffffe44
fffffe1b
fffffc7a
fffffe56
fffffc5b
fffffe15
fffffd75
ffffff41
ffffffe0
ffffff10
fffffea9
00000088
00000116
ffffff1f
00000084
fffffd79
000001d9
ffffffcb
ffffff30
00000065
0000015e
fffffc6f
fffffecb
00000092
ffffff08
00000001
fffffca4
00000116
0000022f
ffffffec
fffffee6
fffffec3
fffffe12
ffffff40
00000022
00000176
ffffff36
fffffd50
ffffff9f
fffffe36
ffffffac
fffffcd8
ffffffcf
ffffffcb
00000055
ffffff35
00000016
ffffff3c
ffffff9f
ffffffba
fffffd4f
fffffdc5
ffffff8d
fffffdf0
ffffff3e
000000e8
ffffff8f
000000a5
000000da
ffffff0d
fffffdca
ffffff83
fffffedb
ffffff7b
000001b4
ffffffcc
fffffe3b
fffffdd2
ffffffb7
fffffe51
fffffe5a
00000032
ffffff50
ffffff36
ffffffcf
000000b0
00000014
ffffffa3
000000f8
000001d7
0000008f
fffffd9d
fffffed0
ffffffac
fffffe1c
fffffff0
fffffda3
fffffd65
00000073
ffffff2a
000000ab
ffffff58
ffffff1b
00000001
00000117
fffffeba
00000227
ffffff4e
00000151
fffffec7
00000037
00000161
fffffe5b
00000073
fffffee6
fffffe84
fffffdf5
00000040
ffffff59
fffffe34
0000004e
fffffdee
fffffde3
fffffe46
ffffff59
fffffdb8
fffffec6
ffffff83
ffffffe2
ffffffad
00000043
fffffddb
000000eb
ffffff47
00000019
ffffff35
ffffffcc
00000068
fffffea2
fffffe75
fffffc4a
fffffe56
fffffcc5
fffffdfc
fffffcfd
ffffff77
0000000a
fffffebc
fffffedc
00000038
000000d4
fffffefe
0000012e
fffffd7a
0000024f
ffffff4f
ffffff50
0000005d
000001a2
fffffc69
fffffeee
000000eb
ffffff53
0000003b
fffffce3
0000008d
00000253
ffffffdf
fffffeed
ffffff43
fffffe2c
ffffff4f
0000004b
000001c5
ffffff2d
fffffcea
ffffff64
fffffe33
00000006
fffffd85
00000083
00000003
0000000b
fffffed4
00000029
ffffff32
ffffffd7
0000004b
fffffd24
fffffe1c
ffffff81
fffffe16
fffffea9
0000013d
ffffff49
00000086
0000008b
fffffeea
fffffe48
ffffff2a
fffffecd
ffffff31
000001f0
ffffff72
fffffdba
fffffd65
00000009
fffffe7a
fffffede
00000014
ffffff5b
fffffedd
00000032
ffffffe1
ffffffbd
ffffff83
00000111
0000020f
00000051
fffffd65
fffffe2c
ffffff89
fffffded
ffffffcd
fffffe08
fffffd6f
fffffff4
ffffff03
000000c4
fffffefe
fffffea8
fffffffd
000001e4
fffffec1
0000026c
fffffe5d
0000016b
fffffee8
0000001a
000001b3
fffffdfb
000000fe
fffffedd
fffffe7c
fffffde8
0000002f
fffffefb
fffffe75
00000025
fffffdff
fffffdec
fffffe41
ffffff77
fffffd49
fffffeb7
ffffff62
00000015
ffffff5c
00000090
fffffdca
0000010a
ffffff25
00000046
fffffee9
ffffffdd
000000d0
fffffe3d
fffffe8a
fffffc78
fffffe38
fffffc5e
fffffdf0
fffffcfc
fffffeee
00000011
ffffff08
fffffeb1
00000057
000000e9
ffffff5e
000000e1
fffffd5f
0000020f
ffffffed
ffffff24
00000070
000001d2
fffffc55
fffffec9
000000b3
ffffff52
ffffffb0
fffffcb3
000000d5
0000020f
ffffffc3
fffffe81
ffffff09
fffffe20
fffffef8
0000001c
000001ba
ffffff2c
fffffd67
ffffff31
fffffe1e
ffffffd3
fffffd3f
00000062
fffffff8
00000012
ffffff2d
00000013
ffffff8d
ffffff63
00000015
fffffd96
fffffda3
00000030
fffffea2
ffffff21
0000016a
ffffffa0
00000041
000000de
fffffefb
fffffe96
ffffff51
fffffe7d
ffffff5a
00000116
ffffff77
fffffe87
fffffe4c
00000002
fffffe8f
fffffe9b
0000007c
ffffff92
ffffff3f
fffffffd
00000039
00000037
ffffff80
000000f9
000001d9
00000088
fffffceb
ffffff40
ffffffd0
fffffe4a
ffffffc6
fffffe5a
fffffdde
000000b6
fffffeeb
000000a7
fffffefa
fffffe82
ffffff8f
00000136
fffffea3
000002a4
fffffe9f
0000011e
ffffff17
ffffffe8
00000152
fffffd1a
000000ff
ffffff63
fffffe88
fffffdad
0000009d
ffffff02
fffffecb
00000045
fffffe0b
fffffe7f
fffffe37
ffffff63
fffffd73
fffffee5
ffffff36
00000050
ffffff3e
000000b0
fffffe0d
000000ed
ffffff03
00000049
ffffff6b
ffffff96
0000006e
fffffe29
fffffe6d
fffffcfd
fffffe60
fffffc12
fffffde7
fffffce5
ffffff21
00000076
fffffed1
fffffed3
00000000
0000009c
ffffff91
00000136
fffffd67
00000253
ffffffe9
ffffffba
00000099
0000018f
fffffcb0
ffffff5e
000000d7
ffffffe8
ffffffac
fffffcb7
000000d1
00000185
ffffffa2
fffffe84
fffffedc
fffffe47
ffffff3a
ffffffcf
0000017e
ffffff79
fffffd45
ffffffbd
fffffecb
00000018
fffffdc5
000000bc
0000005e
00000026
ffffff1a
00000035
ffffff64
ffffff92
ffffff94
fffffdde
fffffe92
ffffff3f
fffffe53
ffffff15
000000b6
ffffff74
000000d4
000000de
ffffff4e
fffffddd
ffffff12
fffffe76
ffffff0a
00000102
ffffffab
fffffe3a
fffffd9c
ffffff9e
fffffe87
fffffed5
ffffffc6
ffffff58
ffffff49
0000004e
0000000a
ffffff62
ffffff7d
00000104
000001db
0000001f
fffffdd0
fffffe9c
ffffff5f
fffffe72
ffffffb4
fffffe52
fffffd63
ffffff95
ffffffed
00000097
ffffff5a
ffffff71
0000003f
00000162
fffffe74
0000021c
ffffff73
00000153
fffffebf
0000003c
0000018d
fffffe70
0000012f
ffffff4a
fffffe90
fffffdf5
ffffffe3
ffffff88
fffffe86
0000003e
fffffdf1
fffffddb
fffffe95
ffffff9b
fffffd7a
ffffff32
ffffff32
ffffffe9
ffffffc3
000000cb
fffffd62
000000df
ffffff4d
00000028
fffffee1
0000000d
000000f8
fffffe8d
fffffe5e
fffffc2e
fffffe05
fffffc49
fffffed3
fffffd5a
fffffef8
00000047
fffffe53
fffffed9
000000b0
000000ea
ffffff28
00000108
fffffd94
000001ce
ffffff14
ffffff43
00000018
000001ad
fffffc2f
fffffea1
000000c1
ffffff6a
0000003d
fffffd2a
000000c6
000002bc
00000019
fffffeee
fffffef5
fffffe1a
fffffef1
ffffffb6
00000194
ffffff37
fffffd86
ffffff76
fffffdc9
ffffff5a
fffffdb1
00000044
ffffff97
00000064
ffffff78
0000000e
ffffff17
fffffff9
00000028
fffffd81
fffffdc5
ffffff72
fffffe78
ffffff28
00000080
ffffff08
00000088
0000008d
ffffff0e
fffffde1
ffffff3b
fffffefa
ffffff44
000000d4
ffffff22
fffffdce
fffffd51
ffffff2b
fffffea8
fffffef4
00000047
ffffff09
ffffff3d
ffffffdf
00000022
ffffffbd
ffffff7e
000000a5
00000226
ffffffe9
fffffd23
ffffffe9
ffffff5a
ffffff1a
ffffff87
fffffeb5
fffffd9f
ffffffef
fffffeef
0000007b
ffffff42
ffffff73
00000047
0000018b
fffffead
0000029a
ffffff90
000000ce
fffffe7f
00000085
000001ba
fffffe8a
00000152
ffffff88
fffffef0
fffffe2f
00000028
ffffff0b
fffffe8a
0000003b
fffffdda
fffffe41
fffffeb4
ffffff7e
fffffd6a
ffffff23
ffffff30
ffffff4d
ffffff76
00000090
fffffd46
000000a5
ffffff05
00000071
fffffec5
00000025
000000ef
fffffe35
fffffea4
fffffcf2
fffffe68
fffffbee
ffffff2f
fffffd5d
fffffeff
ffffffd6
fffffea9
fffffe04
00000067
000000be
ffffff4f
000000f8
fffffda5
00000172
ffffff14
ffffffdf
0000001e
000001a4
fffffc82
ffffff25
00000091
ffffff7e
ffffffe1
fffffd07
00000068
00000227
ffffff78
fffffe63
fffffe40
fffffe59
fffffe91
ffffff79
00000165
fffffedb
fffffd7e
fffffeed
fffffdc7
ffffff84
fffffd59
00000092
fffffffd
00000033
ffffff4e
ffffffaf
ffffff1c
ffffff80
00000009
fffffd44
fffffdaa
ffffff48
fffffe0c
ffffff17
00000155
ffffff44
000000c1
000000db
ffffff1a
fffffe16
ffffff1f
fffffead
ffffff61
0000016a
ffffff8a
fffffe31
fffffdbf
ffffffc1
fffffed8
fffffe8f
00000005
ffffffaf
ffffff24
00000016
000000a2
0000001b
ffffff6c
00000189
000001db
00000061
fffffd10
fffffe83
ffffff90
fffffe1b
ffffffab
fffffd9f
fffffdaa
ffffffaa
fffffedd
000000b1
ffffff1a
fffffeb7
ffffffd5
0000016b
fffffedb
00000246
fffffef5
00000136
fffffec1
00000026
00000162
fffffdb5
00000128
fffffea7
fffffedc
fffffddc
0000007c
ffffff07
fffffe45
00000000
fffffde9
fffffde9
fffffe1e
ffffffa2
fffffd52
fffffecb
ffffff48
00000003
ffffff7f
0000007b
fffffdf7
00000101
ffffff4d
0000006e
fffffeca
00000000
0000004b
fffffe11
fffffe41
fffffc0b
fffffe09
fffffbe0
fffffdfe
fffffcde
ffffff60
00000042
fffffed0
fffffeb6
0000008d
000000e6
fffffe9f
0000010a
fffffd5f
0000021d
ffffffc3
ffffff01
00000066
000001d3
fffffc66
ffffff27
000000a4
ffffff4f
fffffff0
fffffcc5
000000b1
00000252
ffffffdf
fffffe83
fffffec3
fffffe20
ffffff3f
ffffffb9
000001cc
ffffff20
fffffd25
ffffff90
fffffe7f
ffffffc2
fffffdb0
00000075
0000002e
0000003d
fffffee6
ffffffc0
ffffff33
ffffffc4
ffffffae
fffffd24
fffffe79
ffffff71
fffffe49
fffffe87
000000de
ffffff2e
000000db
00000056
ffffff67
fffffdd3
ffffff6d
fffffed5
ffffff2b
00000171
ffffff8f
fffffec0
fffffd9e
ffffffe0
fffffe72
fffffebd
fffffff4
ffffff7b
ffffff08
00000048
00000011
ffffff5f
ffffff81
000000fe
000001bf
00000004
fffffd81
fffffe96
ffffff2d
fffffe36
ffffffaa
fffffe39
fffffd6c
ffffffec
ffffff69
000000a6
ffffff17
fffffeae
0000003a
0000016d
fffffe6a
00000231
ffffff9a
0000015a
fffffe93
00000067
000001c9
fffffd5b
00000138
ffffff74
fffffe34
fffffe15
fffffffe
ffffffe1
fffffe54
00000001
fffffe40
fffffdfa
fffffe5d
ffffffb9
fffffd73
ffffff2d
ffffff61
fffffff7
ffffffc0
00000068
fffffdce
000000fb
ffffff4c
fffffff4
ffffff03
0000000b
00000050
fffffe60
fffffe23
fffffbfc
fffffe31
fffffc52
fffffe82
fffffd41
ffffff25
00000025
ffffff57
fffffecd
000000c2
000000fd
ffffff5a
000000cb
fffffd6c
0000020d
ffffff6d
fffffeed
0000003a
000001c5
fffffc8c
fffffefd
000000d7
ffffff17
ffffffda
fffffd2b
000000a6
00000281
fffffffe
fffffeca
fffffec9
fffffe9a
fffffede
ffffffb0
000001ed
ffffff33
fffffd4b
ffffff6a
fffffdeb
ffffffa9
fffffd72
00000005
0000000b
000000b8
fffffec4
00000003
ffffff39
00000001
ffffffaa
fffffcc3
fffffdb4
ffffff5e
fffffe65
fffffea7
0000008f
ffffff1b
000000a8
00000062
ffffff1d
fffffdd2
ffffffa3
fffffed3
ffffff61
00000190
ffffff2d
fffffefc
fffffe2a
0000000d
fffffe11
fffffec1
ffffffb9
ffffff6c
ffffff85
00000036
0000001f
ffffffd5
00000008
0000014d
00000215
ffffffe7
fffffd79
ffffff5b
ffffff2a
fffffebd
00000005
fffffe82
fffffd47
0000001a
ffffff83
00000066
fffffee8
fffffe6c
0000007e
0000013f
fffffe67
00000254
ffffffb6
000000b5
fffffeb3
0000007e
00000185
fffffd98
0000015a
ffffffda
fffffeb8
fffffdec
0000003d
ffffff70
fffffe23
ffffffdf
fffffe40
fffffe38
fffffe5a
ffffffa3
fffffd55
ffffff55
ffffff6f
ffffffeb
ffffff65
00000063
fffffe22
000000ba
ffffff4c
ffffffdd
fffffe9e
ffffffd4
0000008a
fffffe43
fffffe2a
fffffc41
fffffe69
fffffc87
fffffed9
fffffd59
ffffff51
ffffffe6
fffffec1
fffffe57
00000098
000000ef
ffffff24
0000006d
fffffd22
00000207
ffffff28
ffffff78
ffffffe8
000000fb
fffffc9a
ffffff34
000000f4
ffffff4e
00000018
fffffcc8
000000b7
00000296
ffffffe0
ffffff3f
fffffe9f
fffffebb
fffffecf
00000026
000001a9
ffffff28
fffffd0a
ffffff47
fffffe8f
ffffff78
fffffce5
ffffffe8
0000001d
00000081
fffffec7
0000002b
ffffff34
ffffff84
0000001f
fffffd3b
fffffd87
ffffffaf
fffffe22
ffffff56
000000f7
ffffff4a
00000060
00000120
ffffff10
fffffe05
ffffff69
fffffec7
ffffff23
00000199
ffffff83
fffffde5
fffffdb4
ffffffc7
fffffe7d
fffffeab
00000035
ffffff47
ffffff07
00000013
0000007c
00000013
ffffff93
00000130
000001e1
00000059
fffffd2b
ffffff35
ffffff96
fffffe33
fffffffb
fffffe4b
fffffd83
00000054
ffffff14
000000c6
ffffff2d
fffffeda
ffffffea
00000161
fffffed3
0000021a
ffffff16
0000013a
fffffee6
00000046
00000187
fffffdaa
000000a7
ffffff1e
fffffe76
fffffdf1
0000001f
ffffff3d
fffffe9d
0000008b
fffffde8
fffffe1e
fffffe2e
ffffff33
fffffda3
fffffede
ffffff83
ffffffe1
ffffffab
0000006d
fffffd9e
00000100
ffffff37
0000003c
ffffff0e
ffffff8e
000000dd
fffffe6b
fffffec7
fffffcab
fffffe57
fffffc33
fffffe3f
fffffcbe
ffffff08
00000027
fffffec2
fffffe8b
00000016
00000116
ffffffc2
00000139
fffffd18
00000202
ffffff64
ffffff85
0000006b
000001b0
fffffc65
ffffff2d
000000ee
ffffff85
0000002c
fffffcaf
00000083
00000232
ffffffbf
fffffea7
fffffefa
fffffe3b
ffffff5c
00000034
0000016e
ffffff04
fffffd27
ffffff3d
fffffe35
fffffffa
fffffd81
000000ad
fffffff1
fffffffa
fffffeee
ffffffc1
ffffff3d
fffffffb
00000035
fffffcdb
fffffda2
ffffff75
fffffe39
ffffff0b
00000126
ffffff15
00000018
00000035
ffffff25
fffffdf0
ffffff9d
fffffee3
ffffff4f
000001a4
ffffff69
fffffe58
fffffddc
ffffffed
fffffe11
fffffeba
0000005c
ffffff9f
ffffff04
ffffffd4
0000005a
fffffff1
ffffffd1
00000121
000001e3
fffffffb
fffffcf9
fffffecd
ffffff51
fffffdf6
0000005b
fffffe81
fffffd35
fffffff6
ffffff23
00000065
fffffebf
fffffde8
00000020
00000173
fffffe3f
00000258
ffffff54
000000c7
fffffe94
0000004d
000001cd
fffffd4e
0000016c
ffffffb4
fffffeee
fffffd9a
0000006a
ffffffd2
fffffeb8
fffffff6
fffffeba
fffffe32
fffffe15
ffffff8f
fffffd4f
ffffff10
ffffff56
0000001f
ffffff27
00000084
fffffe1c
00000082
ffffff00
00000069
fffffe7c
ffffff60
00000137
fffffe2f
fffffe3f
fffffc85
fffffe03
fffffca4
fffffdf6
fffffce1
ffffff3f
ffffff49
ffffff5d
fffffeaa
00000030
00000100
fffffff7
000000d5
fffffd75
00000238
00000039
ffffff51
0000006f
000001f1
fffffc73
ffffff46
000000c8
ffffff06
00000004
fffffce8
0000012d
00000234
ffffff9c
fffffeaf
fffffe48
fffffe83
fffffea6
00000037
00000187
ffffff33
fffffce0
ffffff69
fffffe23
fffffff1
fffffce3
0000001a
ffffffc9
00000045
fffffed5
ffffff81
fffffef8
0000000a
00000057
fffffd61
fffffde9
ffffff75
fffffe0c
fffffeeb
00000125
ffffff6c
000000d6
00000053
fffffeea
fffffe8e
ffffff5a
ffffff25
ffffff7b
0000016d
ffffff3e
fffffe30
fffffdc3
ffffffcf
fffffeb8
fffffefb
00000030
ffffff94
ffffff0c
00000059
000000c4
ffffffcc
ffffff72
00000123
0000020d
00000011
fffffda7
ffffff06
ffffff66
fffffe45
ffffffb5
fffffe22
fffffdc4
fffffff8
fffffeca
000000b9
ffffff2a
fffffe9e
ffffffd7
00000173
ffffff09
00000254
ffffff10
0000012f
fffffeb9
00000054
00000190
fffffdbf
00000156
ffffff19
fffffecd
fffffe4b
00000072
ffffff74
fffffe5d
fffffff7
fffffe1e
fffffe76
fffffe10
ffffff68
fffffd7a
fffffee7
fffffefb
ffffffeb
fffffefb
00000083
fffffddf
0000014b
fffffef1
00000060
fffffe84
0000002c
0000000b
fffffe0d
fffffe94
fffffc94
fffffe76
fffffce5
fffffe35
fffffd6a
ffffff43
0000001e
ffffff67
fffffe87
0000008e
000000f9
fffffecf
000000c3
fffffda1
00000211
ffffffb3
fffffee0
00000072
0000017f
fffffce3
ffffff87
0000009c
ffffff2e
fffffff1
fffffcba
00000072
000001cf
ffffffbb
fffffed4
ffffff08
fffffe85
ffffff45
ffffffe7
00000166
ffffff1e
fffffd30
ffffff9c
fffffe8c
ffffffc8
fffffd25
00000057
0000003d
00000018
ffffff1e
ffffffc1
fffffedd
ffffff9f
00000040
fffffd4b
fffffe00
ffffff1a
fffffe6c
fffffe75
00000089
fffffef2
000000b5
0000005a
ffffff1b
fffffd70
ffffff75
ffffff23
ffffffbc
0000018f
ffffff1c
fffffe76
fffffd4d
ffffff62
fffffe43
fffffefa
ffffffaf
ffffff3e
ffffff1a
00000034
0000008b
ffffffa9
ffffff96
000000d1
000001f3
ffffffa9
fffffdbf
ffffff03
ffffff21
fffffdef
fffffff2
fffffe75
fffffd76
ffffffc2
ffffff8d
000000e3
ffffff38
ffffff69
0000001f
00000161
fffffe7c
000001fe
ffffffa1
0000015b
fffffe6b
000000d4
000001da
fffffe01
00000131
ffffff6e
fffffe3f
fffffe2d
00000059
ffffffef
fffffe4e
fffffffc
fffffdfe
fffffdb0
fffffe48
ffffffb8
fffffd4d
ffffff31
ffffff1c
ffffffc0
ffffff9b
00000098
fffffdfe
000000d8
ffffff77
0000006b
fffffea8
fffffffc
000000ed
fffffe37
fffffe15
fffffc58
fffffe82
fffffc76
fffffeae
fffffdef
fffffed1
ffffffad
ffffff09
fffffe80
000000bd
000000f1
ffffff58
000000c4
fffffdb1
0000028a
ffffff39
ffffff11
00000045
000001af
fffffc62
ffffff09
000000a2
ffffff44
fffffff6
fffffd1c
0000008d
0000024e
ffffffa7
ffffff1f
fffffe6e
fffffe66
fffffeda
ffffffda
00000203
fffffeb0
fffffd0c
fffffebc
fffffd5e
ffffff9e
fffffd28
ffffffa0
00000018
000000a7
ffffff25
ffffffd7
ffffff33
ffffff75
00000029
fffffd61
fffffe3a
ffffff3a
fffffe80
fffffede
000000f5
ffffff69
000000cf
00000113
ffffff09
fffffe43
ffffffa7
fffffe93
ffffff4f
000001b9
ffffff77
fffffe73
fffffdea
00000000
fffffe07
ffffff1f
ffffff83
ffffff6a
ffffff16
00000034
0000007e
ffffffc6
ffffffe9
000000c4
0000017f
0000000f
fffffdb3
fffffe65
ffffff48
fffffda8
00000041
fffffede
fffffd19
ffffffee
ffffffb7
00000098
fffffed4
fffffe6c
00000014
0000011f
fffffe91
00000220
ffffff6f
00000130
fffffef0
00000027
0000019c
fffffdc9
00000110
ffffff4d
fffffe9d
fffffde7
00000086
ffffffb6
fffffee2
0000001a
fffffe03
fffffe1c
fffffe53
ffffffaf
fffffd35
ffffff15
ffffff84
00000041
ffffff53
000000a2
fffffdf6
000000e0
ffffff47
0000004e
fffffece
ffffffbe
0000003f
fffffea0
fffffe14
fffffc77
fffffe2f
fffffc74
fffffe28
fffffdb5
ffffff5d
ffffffb5
ffffff47
ffffff26
0000006d
000000bf
ffffffac
000000e8
fffffdc2
00000219
00000004
fffffee9
0000003a
000001de
fffffc5a
ffffff2e
000000a1
ffffff3a
00000028
fffffd3d
000000b6
000001f5
ffffffd7
fffffee5
ffffff00
fffffe4a
ffffff0f
00000010
000001be
ffffff31
fffffd1e
ffffff62
fffffe12
00000035
fffffda6
ffffffe2
ffffffb2
0000008a
ffffff3c
00000031
ffffff38
ffffff75
00000025
fffffd6b
fffffe10
fffffefd
fffffe0d
fffffeda
000000e3
fffffefc
00000094
00000082
ffffff30
fffffe26
ffffff3a
fffffeb7
ffffff6b
00000192
ffffff11
fffffe37
fffffdcc
ffffffb3
fffffe26
fffffec8
fffffff3
ffffff9c
fffffece
0000006f
ffffffee
ffffffb7
ffffff93
00000135
000001d0
ffffffb7
fffffd55
fffffee5
ffffff2d
fffffda0
00000088
fffffe9a
fffffd14
ffffffba
ffffff77
000000b7
ffffff0f
fffffe41
00000067
000001d0
fffffe54
000001fe
fffffedc
00000166
fffffe6e
00000040
000001b4
fffffd9f
00000151
fffffeee
fffffeb9
fffffdf4
ffffffe7
ffffff81
fffffee6
0000007a
fffffe3a
fffffe1f
fffffe56
ffffff39
fffffd0f
ffffff37
ffffff01
00000003
ffffff6d
0000007c
fffffde9
0000012b
fffffed8
00000033
fffffe75
ffffffd4
000000b4
fffffe97
fffffe8f
fffffcb9
fffffe61
fffffd30
fffffe28
fffffd01
ffffff58
ffffffb7
ffffff26
fffffece
0000007f
0000014b
ffffffbf
0000012c
fffffd02
00000135
ffffffb8
fffffeb0
00000026
000001e1
fffffcb9
ffffff51
00000059
ffffff5b
fffffffd
fffffcc0
0000009c
0000028a
fffffff7
ffffff1c
fffffe83
fffffe7b
ffffff0e
ffffffbe
00000158
fffffeea
fffffcfb
ffffff17
fffffe1e
ffffffc7
fffffd49
0000008e
ffffff9c
00000053
ffffff29
00000044
ffffff6c
ffffffd3
00000033
fffffd14
fffffdd1
ffffff56
fffffe5c
ffffff38
00000130
ffffff87
00000075
00000086
ffffff21
fffffe1d
ffffff60
fffffef2
ffffff14
000001b7
ffffff92
fffffde1
fffffd78
ffffffd8
fffffe54
fffffec1
00000059
ffffff98
ffffff45
00000012
00000075
ffffffcd
ffffffef
000001a9
000001bf
00000050
fffffd26
fffffe95
ffffff6d
fffffe41
ffffffb9
fffffe3c
fffffd90
00000001
fffffef8
0000008f
fffffec4
fffffead
00000000
0000016f
fffffec4
00000215
ffffff3e
00000110
fffffec6
0000003c
000001ab
fffffddb
0000010c
ffffff47
fffffe70
fffffe0b
00000081
ffffff6e
fffffead
00000009
fffffe6d
fffffe18
fffffe36
ffffff8c
fffffd9f
fffffef9
ffffff5f
00000004
ffffff47
00000079
fffffe47
00000108
ffffff83
00000048
fffffef2
ffffffac
00000098
fffffe6b
fffffe37
fffffc8c
fffffe26
fffffbbf
fffffe20
fffffcea
ffffff50
ffffffea
fffffef1
fffffece
0000002f
000000d9
ffffff4a
000000e7
fffffd9d
000001e9
ffffff7c
ffffff26
00000014
000001c3
fffffc9b
ffffff2c
000000a2
ffffff17
00000000
fffffcfe
000000bc
0000022e
ffffffef
fffffe87
fffffea4
fffffe59
ffffff0b
ffffffe1
00000181
ffffff2f
fffffd43
ffffff7e
fffffdf0
ffffff98
fffffd80
00000042
ffffffa9
00000047
fffffec9
00000007
ffffff99
ffffff79
00000011
fffffdd3
fffffda7
ffffff45
fffffe56
ffffff17
0000011b
ffffff74
0000006b
00000040
ffffff31
fffffe44
ffffff1e
fffffe89
ffffff45
00000188
ffffff9a
fffffe21
fffffda5
ffffffb3
fffffe79
fffffec4
0000004b
fffffff2
ffffff06
00000024
00000024
ffffffe8
ffffff45
00000141
000001e3
00000054
fffffc6f
fffffe65
ffffff77
fffffddd
ffffff98
fffffe66
fffffd82
ffffff74
ffffff0d
000000b3
fffffef1
fffffe5e
ffffffbb
000001b2
fffffec0
0000028b
fffffe93
0000012a
fffffeae
0000000c
000001c7
fffffd6c
0000014e
fffffefd
fffffe91
fffffde2
00000058
fffffeec
ffffff0f
fffffff0
fffffdfa
fffffde9
fffffdef
ffffffc9
fffffd2d
fffffee7
ffffff08
fffffffe
ffffff6c
000000ac
fffffdfa
000000a8
ffffff1b
00000091
fffffebe
fffffff9
00000086
fffffe48
fffffe33
fffffca0
fffffe38
fffffbaa
fffffdd6
fffffcc8
ffffff17
fffffff9
fffffecc
fffffeac
0000005a
000000a9
ffffff4b
0000012e
fffffdc1
000001f5
0000002b
ffffff36
00000088
00000224
fffffc58
ffffff19
00000075
ffffff39
ffffffa0
fffffcbb
00000154
00000204
ffffffd5
fffffe29
fffffe6a
fffffe3e
fffffefd
ffffff4c
000001a3
ffffff52
fffffd4a
ffffff70
fffffe13
ffffffe5
fffffdf9
00000083
00000006
000000b3
ffffff27
00000004
fffffed6
ffffff92
ffffff96
fffffd3a
fffffe07
fffffeed
fffffe18
fffffef6
00000092
ffffff2a
000000ba
00000064
ffffff0a
fffffd81
ffffff3b
ffffff11
ffffff62
0000018a
ffffff38
fffffe80
fffffd9a
ffffff84
fffffe2e
fffffed9
ffffffdf
ffffff29
ffffff67
00000055
0000005e
ffffff75
ffffffbe
0000014c
00000214
ffffffd0
fffffd62
ffffff46
ffffff81
fffffe42
00000031
fffffe3f
fffffd50
ffffffd7
ffffff6f
0000008e
ffffff31
fffffeb6
0000008f
00000144
fffffe99
0000022b
ffffffbb
00000153
fffffed5
00000065
000001a8
fffffdb2
0000017d
ffffff7b
fffffe95
fffffe1a
00000009
ffffff6c
fffffe6b
00000048
fffffe2c
fffffe4c
fffffe57
ffffff6a
fffffd40
ffffff2a
ffffff32
ffffff7c
ffffff69
000000c3
fffffda6
000000c0
ffffff62
0000003d
fffffe7a
ffffffeb
000000d6
fffffe38
fffffe55
fffffc54
fffffe45
fffffcdd
fffffeb6
fffffd38
ffffff2e
ffffffce
fffffeeb
fffffe4a
000000c9
00000136
ffffff71
000000d8
fffffd19
00000223
ffffff43
ffffff0a
fffffff6
000001c4
fffffc59
ffffff6a
00000130
ffffff6f
00000061
fffffc9c
00000085
000002a1
ffffffc2
ffffff0f
fffffe91
fffffeb1
fffffed2
ffffffd9
00000153
fffffec9
fffffcce
ffffff14
fffffdbc
ffffff81
fffffd2b
00000027
0000001c
00000064
fffffee7
fffffdf1
ffffffc8
00000124
fffffdbc
ffffff09
ffffff8b
ffffff4f
fffffebf
ffffffd3
000003c2
0000000f
fffffe9e
fffffc06
ffffff7b
fffffe08
ffffffd0
fffffef9
0000011a
00000229
000001dd
000000fe
ffffff8c
fffffdf0
fffff9da
fffffd89
fffffcb5
0000019c
00000167
000000a8
fffffe9e
fffffcba
ffffff14
ffffffe7
000000a1
00000156
fffffe93
fffffb74
ffffffd1
000001d9
fffffe55
fffffcf8
ffffff42
ffffffa3
ffffffef
00000062
fffffdbf
fffffd90
00000065
fffffd9a
ffffff23
0000014d
ffffff85
000000c3
fffffeec
fffffecd
00000443
fffffd4e
fffffb01
ffffff15
fffffdbb
00000064
ffffff41
ffffffa8
00000088
ffffff10
fffffe83
fffffe55
0000005e
0000014a
ffffffb6
00000289
0000010e
fffffceb
fffffeea
fffffe29
fffffea1
ffffffe0
000000a1
fffffe86
fffffee7
0000009b
fffffe53
ffffff39
fffffb9e
ffffff43
fffffae7
fffffeb8
fffffe4b
ffffff22
fffffe2b
fffffd2b
fffffe18
fffffe36
00000092
fffffeee
fffffe9c
ffffffd7
000000a0
000000bd
fffffdee
fffffcc8
0000017f
0000027d
fffffe3d
0000008c
fffffd19
fffffe81
0000008f
fffffeb1
000000fb
ffffff5d
ffffffa3
fffffe29
fffffd50
fffffee5
fffffe1a
fffffc9f
000000dd
00000319
ffffff52
0000012d
fffffb1f
fffffc37
fffffe55
fffffce3
ffffff10
00000048
00000149
fffffdca
fffffff9
0000014e
fffffdbb
ffffff14
ffffff90
ffffff20
ffffff14
ffffffe9
00000391
ffffffec
fffffedc
fffffc08
ffffff77
fffffdb4
00000007
ffffff1a
000000f5
00000281
000001c3
000000c4
ffffff6b
fffffe1d
fffffa54
fffffd51
fffffbae
000001a8
000001a0
0000015f
fffffea0
fffffc3d
fffffedf
ffffff7c
00000108
000000f4
fffffecf
fffffb1b
ffffff6d
0000021e
fffffe50
fffffcf4
fffffef1
ffffffae
00000089
00000055
fffffdac
fffffdd8
000000a6
fffffdca
fffffeb8
000001bb
ffffff88
000000e5
fffffea9
fffffebe
0000042a
fffffd4b
fffffb32
ffffff26
fffffd9b
000000dd
ffffff29
ffffffdb
ffffffc5
fffffef4
fffffda2
fffffe87
000000c8
0000018c
ffffff75
000002e0
000000d3
fffffc65
fffffe9e
fffffe4a
fffffe13
ffffff83
00000056
fffffeaf
ffffff30
00000167
fffffdbc
fffffee4
fffffba1
fffffef4
fffffaed
ffffff28
fffffe9e
ffffff69
fffffdc6
fffffd90
fffffe37
fffffe41
000000d2
ffffff4d
fffffd8b
ffffffbb
000000c5
00000058
fffffe1b
fffffbdf
000000c7
00000276
fffffdd4
000000ee
fffffcde
fffffeaa
0000007e
fffffeda
0000009c
ffffff9e
ffffffd1
fffffe2d
fffffd70
fffffee0
fffffdb1
fffffc4a
00000125
00000309
fffffecd
000000bd
fffffb5f
fffffba3
fffffe3d
fffffd54
ffffff47
000000cf
00000183
fffffe13
ffffffea
00000192
fffffe0c
ffffff8e
ffffffd4
ffffff2b
fffffed4
ffffff95
00000372
00000014
ffffff01
fffffbcc
ffffff75
fffffdf9
00000012
fffffef1
00000153
00000238
00000263
0000010d
ffffffab
fffffd85
fffffa4b
fffffd28
fffffbdd
0000021a
000001a8
0000013c
fffffe2d
fffffcab
fffffea5
00000033
000000e2
00000184
fffffece
fffffab5
ffffff83
00000134
fffffe12
fffffcef
ffffff23
ffffff9b
00000035
00000044
fffffdbf
fffffddb
0000007c
fffffe01
fffffec0
00000172
fffffecd
000000d8
fffffee6
fffffe5b
000003e9
fffffd2d
fffffb14
ffffff1c
fffffda2
00000102
ffffff25
ffffff5d
ffffffd6
ffffff22
fffffe0e
fffffe00
000000d9
000001b5
ffffff91
000002f8
0000004e
fffffcda
fffffef4
fffffeb0
fffffdc6
ffffff52
00000087
fffffee7
ffffff2a
00000101
fffffdf4
fffffef4
fffffbb4
ffffff01
fffffae8
ffffff57
fffffefd
ffffff8c
fffffdc4
fffffd48
fffffd60
fffffe33
000000ed
fffffee0
fffffdb0
0000001b
0000008e
00000072
fffffe9b
fffffc1a
0000010e
0000027d
fffffda3
000000fd
fffffc9a
fffffe8f
00000024
fffffe79
0000013e
ffffff1d
fffffff4
fffffe24
fffffd93
fffffe59
fffffd43
fffffc0c
0000017c
00000314
fffffe81
000000b0
fffffb82
fffffb79
fffffeb9
fffffd65
ffffff48
0000007d
00000156
fffffe3a
00000041
00000178
fffffe07
ffffffb5
ffffff93
fffffef5
ffffff96
00000026
0000039f
00000091
fffffed6
fffffc15
ffffff59
fffffeed
ffffffcb
fffffee0
00000121
00000253
000002ba
0000008e
00000058
fffffe19
fffffa87
fffffdab
fffffc93
000001ee
00000193
000000dc
fffffe5d
fffffcd0
fffffe93
fffffff4
000000de
0000014b
fffffe96
fffffa98
ffffffe0
000001ba
fffffe0e
fffffd46
ffffff2e
ffffffea
00000010
fffffff2
fffffda2
fffffdf0
00000038
fffffe1d
ffffff0e
000001b9
fffffeed
000000fa
fffffec5
fffffdd6
000003b3
fffffd77
fffffb69
fffffebd
fffffd70
0000003c
ffffff9e
fffffe9b
00000077
fffffe9d
fffffed2
fffffe76
000000b9
000001f9
ffffff7d
0000024c
000000d8
fffffd2d
fffffec8
ffffff14
fffffe4f
ffffffa9
00000054
fffffedc
fffffff7
000000fd
fffffe4e
fffffedb
fffffbf7
ffffff74
fffffb1e
fffffe48
fffffeb4
ffffff8b
fffffe53
fffffd9f
fffffdfa
fffffe3b
000000be
fffffe84
fffffe1e
00000031
000000ac
00000100
ffffff7f
fffffc4a
00000170
000002e6
fffffe01
00000047
fffffd14
fffffe9d
0000003b
fffffed3
00000175
ffffff02
ffffffaf
fffffe20
fffffd32
fffffe4d
fffffdd4
fffffbbd
0000013a
0000030b
ffffff77
000000fb
fffffbfb
fffffc52
fffffece
fffffcce
fffffed4
000000d0
00000116
fffffd6c
fffffff7
0000015c
fffffdc9
0000001f
ffffffbb
ffffff0c
ffffff84
ffffffcc
000003cd
0000002c
fffffed1
fffffb6e
ffffff73
fffffe01
ffffffdb
fffffeea
0000016e
00000223
00000236
0000018b
00000047
fffffe44
fffff9bb
fffffe1e
fffffbba
00000262
00000149
00000146
fffffe09
fffffc5a
fffffe18
ffffffac
0000009b
0000013c
fffffefe
fffffb34
ffffff7d
00000198
fffffe16
fffffd47
ffffff41
ffffffb9
0000001d
00000013
fffffdca
fffffd84
00000072
fffffddc
fffffed0
00000197
ffffff00
000000b2
ffffff0e
fffffe3c
0000048a
fffffd2c
fffffabd
fffffe84
fffffd5c
0000008e
ffffff35
ffffff66
000000c9
fffffe9b
fffffed8
fffffe86
00000062
000001e9
ffffff31
00000278
0000006d
fffffcc7
fffffea4
fffffe86
fffffe35
ffffff99
0000005d
fffffeb0
fffffeb9
0000016b
fffffdce
fffffecd
fffffbc0
ffffff48
fffffae1
ffffff72
fffffebd
fffffff3
fffffe2d
fffffd58
fffffe24
fffffe29
000000e6
fffffe6d
fffffdfc
ffffffdb
00000118
000000fb
fffffe38
fffffc47
0000018e
00000240
fffffe0c
0000008c
fffffc7a
fffffe55
00000032
fffffe97
00000112
fffffef9
ffffffee
fffffe7f
fffffd4e
fffffefd
fffffd67
fffffc02
00000134
00000356
ffffff6b
000000e7
fffffbdd
fffffc11
fffffebc
fffffc46
ffffff2c
000000aa
000000f6
fffffe2f
fffffff3
00000128
fffffdf2
ffffffc8
ffffff89
ffffff13
ffffff9c
0000006c
000003ba
00000092
fffffe7b
fffffbbc
ffffff06
fffffe42
0000004e
ffffff1a
00000111
000002a6
00000236
0000009c
ffffffa9
fffffe30
fffffa79
fffffdb1
fffffc6f
000001eb
000001ae
00000102
fffffe31
fffffc7b
fffffeba
00000017
00000071
0000015a
fffffe8c
fffffaf8
ffffff7f
0000023b
fffffe45
fffffd39
ffffff79
ffffffd7
00000056
0000003d
fffffd34
fffffda2
0000005f
fffffd8a
ffffff1b
0000012f
ffffff5b
000000fd
fffffee0
fffffe6e
00000459
fffffd3b
fffffa75
fffffe8e
fffffcfa
000000d1
fffffeb1
ffffff7d
00000069
fffffef2
fffffe72
fffffec9
00000057
000001ea
ffffffc8
00000296
0000014e
fffffcef
fffffee4
fffffe2f
fffffde3
ffffffb1
000000dc
fffffed6
ffffff51
00000169
fffffe24
ffffff30
fffffc09
ffffff5c
fffffa6c
fffffed9
fffffeca
ffffffcf
fffffde1
fffffd66
fffffdc7
fffffe42
0000008c
fffffe91
fffffe6b
00000032
000000d9
0000009d
fffffddf
fffffc8e
00000158
000002e4
fffffdeb
0000007b
fffffcb1
fffffe2b
ffffffff
fffffee2
000000fa
ffffff8a
00000007
fffffe39
fffffd4b
fffffec0
fffffdf8
fffffc4b
000000f8
0000033c
ffffff48
00000104
fffffb37
fffffbd4
ffffff17
fffffd11
fffffef7
0000006d
00000139
fffffd9f
0000008c
000001c7
fffffe05
fffffff0
ffffff88
ffffff35
ffffff4d
00000005
000003eb
00000037
fffffe27
fffffbb6
ffffff37
fffffe93
ffffffc0
ffffff07
00000102
000001e3
00000226
00000093
ffffffd4
fffffe01
fffffa28
fffffd8f
fffffc55
0000021d
00000185
00000092
fffffe50
fffffccb
fffffeaf
00000029
0000009f
0000018f
fffffe86
fffffaed
ffffffc3
0000027e
fffffde0
fffffd00
ffffff51
0000001c
ffffff9f
00000015
fffffd7a
fffffda4
000000c9
fffffde8
ffffff3a
00000133
ffffff5c
00000082
fffffeee
fffffe65
00000438
fffffd64
fffffa98
ffffff3a
fffffd81
0000008b
ffffffca
ffffff93
000000a0
fffffed8
fffffe85
fffffebb
0000011c
000001a0
ffffffc0
000002d6
000000a1
fffffcc0
fffffef3
fffffe95
fffffe44
ffffffd0
000000e1
fffffeba
ffffff0b
000000de
fffffe0e
fffffee1
fffffc1a
ffffffab
fffffb33
fffffe8c
fffffec4
fffffee4
fffffe32
fffffd75
fffffdbb
fffffdd5
00000078
fffffef5
fffffdde
fffffff4
000000f7
000000bc
fffffe21
fffffc93
00000150
00000213
fffffe4e
00000045
fffffc88
fffffeb8
00000051
fffffe7a
0000010c
ffffff42
ffffffef
fffffe4a
fffffd6c
fffffe80
fffffd3b
fffffbec
00000099
00000310
ffffff5c
00000152
fffffb5a
fffffc8c
fffffedb
fffffd30
ffffff00
00000048
00000110
fffffdcf
ffffffea
0000015f
fffffdc3
ffffff86
ffffff74
ffffff06
ffffff13
ffffff6b
000003bb
00000005
fffffe44
fffffb76
fffffeda
fffffde9
00000011
fffffe9d
0000012c
000001bc
00000258
00000060
ffffff8d
fffffda0
fffff9fc
fffffd5f
fffffc4d
00000249
000001e1
000000fa
fffffe20
fffffcef
fffffeed
ffffffae
0000009a
0000017a
ffffff14
fffffadd
ffffffbe
000001a7
fffffe28
fffffcac
ffffff50
0000001d
ffffffb5
00000042
fffffd3a
fffffdd0
00000075
fffffd2a
ffffff0a
000001cf
fffffeff
000000e5
fffffe8c
fffffdac
000003fb
fffffdcf
fffffa32
ffffff02
fffffda2
000000ef
ffffff7c
fffffec1
00000074
fffffedb
fffffe63
fffffeb6
000000d0
000001b4
ffffff3f
00000348
000000c3
fffffcb8
fffffe9b
fffffde2
fffffe6a
ffffff3c
0000002e
fffffec4
ffffff96
0000019a
fffffd95
fffffec5
fffffbfd
ffffff91
fffffab8
fffffeba
fffffe7c
ffffff9e
fffffe54
fffffd8a
fffffd85
fffffe45
00000075
fffffe67
fffffdc7
ffffff93
000000f3
00000027
fffffe5e
fffffc27
0000016b
000002b0
fffffdf5
00000021
fffffc51
fffffe88
00000042
fffffeaf
000000c2
fffffec2
ffffffdb
fffffe1c
fffffd55
fffffe9d
fffffd5f
fffffbbb
0000010d
00000361
ffffff4a
000000f4
fffffae6
fffffc16
fffffeba
fffffcdf
ffffff15
0000006a
000001b0
fffffdbb
ffffffd4
00000169
fffffe65
ffffffed
ffffff8f
fffffea8
fffffefc
ffffffc7
00000395
00000036
fffffeb1
fffffbdf
ffffff7e
fffffe49
ffffff94
fffffec8
00000173
000000f8
00000204
000000a1
ffffff5e
fffffe0b
fffffa63
fffffd83
fffffc4f
000001d4
000001a3
00000120
fffffe40
fffffc9c
fffffe7e
00000015
000000be
00000122
ffffff0c
fffffb45
ffffff3a
000001f5
fffffdf8
fffffccf
ffffffaa
ffffff80
ffffffc7
00000060
fffffe41
fffffe51
0000007c
fffffe1f
ffffff3f
0000017d
ffffff23
000000fe
fffffebe
fffffeb7
000003f8
fffffe0d
fffffba3
fffffed7
fffffd29
00000094
ffffff49
fffffed6
00000069
fffffe74
fffffe24
fffffe64
000000c4
000001a7
ffffff40
000002eb
000000aa
fffffcb4
ffffff81
fffffeae
fffffe1e
ffffff98
000000b8
fffffee4
fffffec4
0000012a
fffffe6a
fffffeee
fffffbf7
ffffff7f
fffffb12
fffffe71
ffffff57
ffffffb1
fffffd92
fffffdd2
fffffdb6
fffffe87
000000b6
ffffff29
fffffd39
ffffffa1
000000eb
00000082
fffffded
fffffc8c
0000015f
0000022b
fffffdf1
00000043
fffffcd7
ffffff16
00000002
fffffe93
000000b0
ffffff94
00000005
fffffe78
fffffd87
fffffeb8
fffffd7c
fffffc18
000000d2
00000320
ffffff11
00000110
fffffb67
fffffc5e
fffffe8a
fffffd02
fffffecc
00000078
00000176
fffffe25
ffffffc4
00000160
fffffe16
00000073
ffffff71
ffffff87
ffffff71
000000a7
000003d2
00000091
fffffee3
fffffb8f
ffffff31
fffffe0e
ffffffe2
fffffef7
00000152
0000026a
00000242
00000131
ffffffdf
fffffdd6
fffffa47
fffffdfc
fffffbdb
00000223
00000193
000000f0
fffffdd0
fffffc8b
fffffde2
ffffff85
000000d3
0000014b
fffffec3
fffffab8
ffffffd5
00000299
fffffd99
fffffcfb
ffffff6d
ffffff9b
ffffffed
00000044
fffffd88
fffffe41
0000001a
fffffda7
ffffff14
000001be
ffffff1e
000000fc
fffffee1
fffffe4d
0000048c
fffffd9a
fffffa27
fffffdff
fffffd85
00000118
fffffee7
fffffed8
0000008e
fffffed5
fffffe3e
fffffe5d
00000054
0000019a
ffffff3e
00000293
00000144
fffffcd0
fffffed0
fffffe14
fffffdb7
0000001a
ffffffec
ffffff00
fffffee7
00000162
fffffdff
fffffea5
fffffc1f
ffffff62
fffffa2f
fffffe50
fffffe9e
ffffff78
fffffe16
fffffd7a
fffffe1a
fffffdeb
00000032
fffffe4b
fffffdde
000000b5
000000dc
000000cd
fffffe1e
fffffcb2
0000018a
000002da
fffffe53
00000044
fffffc48
fffffe5c
ffffffb0
fffffee0
00000108
fffffee5
ffffffc8
fffffe37
fffffd58
fffffe75
fffffe1e
fffffbfd
000000d2
0000035a
ffffffde
0000011d
fffffae7
fffffba2
fffffecf
fffffcf6
fffffedb
00000025
0000015d
fffffd94
ffffffeb
0000019c
fffffdf6
ffffffd7
fffffedc
fffffef1
ffffff57
ffffffcd
000003ba
0000002b
fffffe30
fffffbd5
ffffffa4
fffffed4
00000012
fffffec1
000000e4
0000015d
000001b9
0000006e
00000010
fffffdc5
fffff981
fffffd41
fffffcb2
00000203
000001be
0000007d
fffffe50
fffffcd8
fffffee8
ffffff2a
00000092
000000fb
fffffe4e
fffffb21
ffffff5b
00000203
fffffe38
fffffd78
ffffff6c
ffffff23
00000063
00000039
fffffdc6
fffffd6e
0000001b
fffffd7e
ffffff79
00000141
fffffedb
0000011f
fffffecf
fffffd70
000003f1
fffffe58
fffffae8
fffffea2
fffffd7a
0000006f
ffffffa7
fffffe7b
000000e2
fffffeaf
fffffe5a
fffffeea
0000014e
0000015e
ffffff95
0000028d
0000013a
fffffd3c
fffffeea
fffffe28
fffffe64
fffffed1
000000b4
fffffebd
fffffeda
00000109
fffffe65
ffffff21
fffffbf4
0000001e
fffffa9a
fffffe62
fffffe9a
ffffff7d
fffffe2c
fffffddf
fffffdda
ffffff13
00000016
fffffef7
fffffe35
ffffffb2
00000115
00000003
fffffef3
fffffc81
00000179
000002ea
fffffdd4
0000007f
fffffd0f
fffffe99
00000041
fffffeb3
0000012b
ffffff31
0000003a
fffffe08
fffffd80
fffffe43
fffffd34
fffffc37
000000ec
00000310
ffffff80
000000ca
fffffb6a
fffffcc6
fffffe26
fffffd03
fffffebd
00000059
00000156
fffffdfa
00000076
0000018a
fffffe58
ffffff49
ffffff66
ffffff19
fffffebb
ffffffa3
000003aa
00000024
fffffeb8
fffffc34
ffffff73
fffffe29
ffffff5b
fffffed3
000000d5
00000185
000001eb
000000ba
ffffffea
fffffe03
fffffa3d
fffffd23
fffffc3c
0000021e
0000015d
00000113
fffffe63
fffffcc3
fffffe27
fffffffe
000000e0
0000014c
ffffff13
fffffae6
ffffff42
000001a4
fffffe44
fffffcdb
ffffff19
ffffff18
00000045
00000010
fffffda2
fffffe05
0000007a
fffffe3e
fffffeef
000001ac
fffffec8
000000e1
fffffe7d
fffffe1c
00000411
fffffd6d
fffffb85
fffffef4
fffffdc8
00000008
ffffff58
ffffff6b
00000021
fffffea8
fffffd68
fffffe3a
0000006d
0000016b
ffffff2b
000002ea
0000008c
fffffd49
fffffeba
fffffe66
fffffddc
00000004
00000074
fffffe47
ffffff02
0000010d
fffffe47
fffffef9
fffffbe2
ffffff3b
fffffad6
fffffe8c
fffffecd
ffffff5c
fffffe1a
fffffde1
fffffdef
fffffeaa
000000f4
ffffff45
fffffd99
ffffffc0
000000e1
000000fe
fffffe66
fffffbd8
0000016e
000002af
fffffd61
00000032
fffffc7b
fffffed0
00000038
fffffe9b
00000138
ffffff6b
0000000d
fffffe65
fffffd9e
fffffe7c
fffffda8
fffffc43
00000110
0000030f
fffffea3
000000fd
fffffad5
fffffc4e
fffffe52
fffffcad
fffffef8
000000d1
0000012d
fffffdc5
ffffff7a
0000013d
fffffe42
ffffffab
ffffffb6
fffffe92
ffffff56
ffffff83
00000357
0000005c
fffffeaa
fffffc36
ffffff38
fffffe39
fffffffd
fffffef6
000001d1
00000196
00000266
00000107
ffffffcd
fffffe38
fffff9e1
fffffd43
fffffc8c
00000188
000001d7
0000011d
fffffddf
fffffc5f
fffffed0
ffffff71
000000fc
000000e5
ffffff22
fffffbc2
ffffffc5
000001a8
fffffe0e
fffffcbf
ffffff31
00000094
ffffffdd
00000051
fffffdd8
fffffe85
000000af
fffffd69
fffffeb6
0000017e
ffffff4b
0000015a
ffffff3f
fffffed6
000003b9
fffffe03
fffffa59
ffffff05
fffffcb0
000000a1
ffffff12
ffffff1f
00000025
fffffe86
fffffe2f
fffffe07
000000d4
000001b6
ffffff79
000002ce
000000c0
fffffce4
ffffff18
fffffe8d
fffffe69
ffffff57
00000097
fffffeda
fffffff4
000000ce
fffffe32
ffffff2f
fffffbb9
ffffffa1
fffffb10
ffffff07
ffffff1d
ffffffb8
fffffd91
fffffd66
fffffd25
fffffe19
000000bc
fffffed4
fffffe00
00000002
000000ac
0000003c
fffffe78
fffffbd1
00000112
000002e9
fffffe13
00000099
fffffcd3
fffffec4
00000001
fffffea6
0000012d
fffffeed
ffffffb6
fffffe2c
fffffcfd
fffffebe
fffffd3f
fffffbef
0000018f
00000367
fffffef5
0000008c
fffffbfc
fffffb4f
fffffe85
fffffd10
ffffff3e
000000cc
00000139
fffffe0f
ffffff82
000001cf
fffffdd0
ffffff81
ffffff7f
ffffff19
ffffff2b
ffffff75
00000401
ffffff8f
fffffede
fffffba0
ffffff6d
fffffe05
ffffffeb
ffffff25
00000117
0000022f
00000202
000000a1
ffffff56
fffffdb0
fffffa97
fffffd90
fffffb99
00000226
000001e4
0000011d
fffffe58
fffffc5b
fffffeef
ffffffb7
00000073
0000013f
ffffff0b
fffffb72
ffffff80
000001b5
fffffdfd
fffffcd9
ffffff10
ffffff49
00000088
00000038
fffffdac
fffffdfa
0000009e
fffffebf
ffffff1d
00000180
ffffffbd
000000dc
fffffed0
fffffe20
00000495
fffffd51
fffffb0c
ffffff06
fffffe1f
000000a5
ffffff1c
ffffff9f
00000037
fffffeea
fffffea1
fffffeb9
000000c0
0000018f
ffffffc0
00000342
00000097
fffffcc5
fffffe8d
fffffe18
fffffe73
ffffff67
00000056
fffffe71
fffffec7
000000c2
fffffda5
fffffebb
fffffc02
ffffff2f
fffffb80
ffffff2c
fffffe47
ffffff84
fffffe02
fffffd75
fffffe37
fffffe66
00000119
ffffff09
fffffddd
ffffffd4
00000058
0000005d
ffffff25
fffffc71
00000178
00000283
fffffe3b
000000c2
fffffc29
fffffe8d
00000061
fffffece
000000b7
ffffff76
00000020
fffffe72
fffffd6a
fffffed8
fffffd7d
fffffb81
000000dc
00000362
fffffec4
000000d7
fffffb2c
fffffc31
fffffebd
fffffd3f
ffffff27
00000037
00000189
fffffe32
fffffff0
000001af
fffffdd9
ffffffd4
ffffff6b
ffffff0b
ffffff75
ffffff8b
00000385
00000031
ffffff25
fffffba4
ffffff77
fffffe29
ffffffff
ffffff13
0000014d
00000277
00000205
000000ff
ffffffd2
fffffe08
fffffa8d
fffffdba
fffffb46
000001d3
00000211
000000fb
fffffe7a
fffffc2d
fffffe87
ffffff94
000000e5
000000d7
fffffe85
fffffb2a
ffffffb3
00000200
fffffe15
fffffd0c
fffffef9
0000000e
00000023
00000020
fffffda3
fffffe99
000000e7
fffffe33
fffffecc
000001e5
ffffff59
000000a8
ffffff00
fffffe6a
00000465
fffffd93
fffffabf
fffffe9d
fffffd0f
000000cd
ffffff4d
ffffff33
fffffff9
fffffec5
fffffeb4
fffffe44
00000102
000001de
ffffff84
00000295
000000b4
fffffc64
fffffedb
fffffeb7
fffffdc7
ffffffae
0000002c
fffffecf
ffffff1f
000000ca
fffffdbe
fffffed7
fffffb7d
ffffff2a
fffffacd
fffffeb6
fffffec5
ffffffae
fffffddb
fffffd0d
fffffdc7
fffffe03
000000ca
fffffed6
fffffd7b
ffffffe9
000000d1
000000cc
fffffef1
fffffc0c
00000076
0000023b
fffffe26
000000c4
fffffca4
fffffe5f
0000006d
fffffece
0000018c
ffffff21
ffffff9c
fffffe16
fffffd37
fffffebd
fffffd7f
fffffbd7
0000012e
00000345
ffffff35
000000af
fffffbae
fffffb8d
fffffe7e
fffffcae
ffffff39
000000c9
000000f9
fffffdf8
00000028
00000111
fffffde9
fffffffb
ffffff59
fffffeb9
ffffff61
0000004a
0000039e
000000de
fffffe56
fffffbf6
ffffff49
fffffe92
ffffffad
fffffef6
000000f0
00000258
0000024a
000000b7
0000002e
fffffdf9
fffffa9b
fffffd8c
fffffc25
000001d2
000001cd
00000116
fffffdd3
fffffc46
fffffe0b
fffffffe
00000114
0000014c
fffffeab
fffffac5
ffffff8b
00000266
fffffde3
fffffd48
ffffff8a
ffffffc7
fffffff9
0000002b
fffffdc8
fffffe5e
00000081
fffffdb1
ffffff02
000001a5
fffffea8
000000cd
fffffeb2
fffffdf8
00000411
fffffde6
fffffade
fffffe64
fffffd98
000000de
ffffff2e
fffffead
0000006a
fffffeb2
fffffe8f
fffffea4
0000009e
000001e8
ffffff5a
00000243
000000e7
fffffd1b
fffffee6
fffffed5
fffffe02
00000004
00000069
fffffec6
ffffff1b
00000175
fffffe1b
ffffff10
fffffbf0
ffffff70
fffffae0
fffffe83
ffffff36
ffffffbc
fffffe37
fffffdeb
fffffd79
fffffe42
000000b8
fffffebc
fffffd67
00000008
00000136
000000c5
fffffe76
fffffc27
00000123
00000288
fffffe29
0000008e
fffffcbe
fffffe94
0000002a
fffffeca
00000127
ffffff05
ffffff96
fffffded
fffffd09
fffffecc
fffffddd
fffffbed
00000149
00000316
ffffff9e
000000ff
fffffb96
fffffbaa
fffffec2
fffffce2
ffffff08
000000d2
0000010a
fffffdea
00000033
00000163
fffffe5d
ffffff8c
ffffffa6
fffffec1
ffffff74
ffffffdc
000003df
0000006d
fffffecc
fffffc4b
ffffff2d
fffffe6a
ffffff82
fffffec0
0000012f
0000021d
0000027a
00000091
ffffff86
fffffd9c
fffffa08
fffffdbf
fffffc5d
000001ec
00000149
000000fe
fffffe45
fffffc79
fffffed2
ffffff96
00000079
0000015d
fffffead
fffffa78
ffffffad
0000013d
fffffe78
fffffce2
ffffff70
ffffff6e
00000035
ffffffcf
fffffd34
fffffdcb
00000045
fffffdaa
ffffff3a
0000018b
fffffecc
00000120
ffffff9d
fffffde4
00000400
fffffd63
fffffaf6
fffffe7d
fffffd75
000000b5
ffffff9c
ffffff33
000000d1
fffffefe
fffffe84
fffffecb
0000008e
00000205
ffffff26
00000244
000000b4
fffffd41
fffffea6
fffffe5b
fffffe70
ffffffa6
0000009a
fffffed6
ffffff01
00000122
fffffdc4
fffffee7
fffffbe0
ffffff30
fffffab1
fffffe29
fffffe4d
ffffff41
fffffdb5
fffffd36
fffffddc
fffffe91
00000086
fffffe99
fffffe2f
ffffffb7
00000108
000000d3
ffffff3a
fffffb66
0000015b
000002b3
fffffe5f
00000042
fffffca3
fffffe3a
00000016
fffffebe
0000015d
fffffea6
ffffffbf
fffffe25
fffffcfd
fffffe6a
fffffdf4
fffffc4b
00000176
0000030c
ffffff50
000000f1
fffffb02
fffffc54
fffffecd
fffffcce
fffffef1
00000110
0000012e
fffffdf1
ffffffb1
00000102
fffffe1d
ffffffc1
ffffffe8
fffffebb
ffffff2a
fffffff0
000003a9
0000002b
fffffef1
fffffb6b
fffffee7
fffffe9f
ffffff9a
fffffefa
0000013f
000001ef
00000240
000000c0
ffffffdf
fffffdd9
fffffa5f
fffffd8e
fffffc0f
0000021a
00000224
0000014f
fffffdee
fffffc4b
fffffe92
0000004d
00000094
00000133
ffffff53
fffffaed
ffffff6f
00000266
fffffe0f
fffffcfa
ffffff6e
ffffffad
00000003
00000073
fffffda1
fffffe29
00000097
fffffdb6
ffffff31
00000141
ffffff1d
00000114
fffffea7
fffffe6b
0000046e
fffffe2f
fffffadd
fffffe43
fffffda8
000000cc
fffffe70
ffffff04
0000000a
fffffed0
fffffe1b
fffffe95
000000c3
000001df
ffffffb7
00000328
00000109
fffffd12
ffffff02
fffffe93
fffffdce
ffffffe0
000000e2
fffffef5
ffffff2d
0000016e
fffffe15
fffffef6
fffffc51
ffffff77
fffffaf0
fffffe80
ffffff57
00000042
fffffde7
fffffde2
fffffdd3
fffffe1b
00000151
fffffee3
fffffd6a
0000000d
000000fb
0000009d
fffffdec
fffffc2b
00000142
000002ab
fffffe30
0000005a
fffffc8d
fffffea9
00000007
fffffece
000000ab
ffffff51
ffffffdc
fffffe52
fffffd26
fffffec6
fffffdab
fffffc10
00000110
00000344
ffffff67
000000b4
fffffb5c
fffffaff
fffffee6
fffffcd0
ffffff00
0000003c
00000158
fffffe5c
00000060
000001b4
fffffe1b
ffffffe9
ffffff7a
ffffffc9
ffffff91
00000003
000003c9
00000099
ffffff38
fffffbc7
ffffffac
fffffe3a
fffffffa
fffffedd
00000141
0000026a
0000023e
0000019f
ffffffed
fffffde2
fffffa58
fffffd33
fffffbd0
00000242
000001ff
00000082
fffffebf
fffffcfd
fffffe65
ffffffcd
000000bd
0000018b
fffffe49
fffffad8
ffffff79
000001da
fffffd00
fffffc97
ffffff3e
0000002c
00000032
fffffff0
fffffe05
fffffea0
0000003c
fffffd7b
ffffff09
000001e3
ffffff1c
00000099
fffffeaa
fffffe5e
000004b7
fffffdff
fffffb0b
fffffebe
fffffd93
0000009b
ffffff9e
ffffff8f
000000c3
fffffe3a
fffffe3c
fffffe94
000000a2
0000023b
ffffff73
00000299
00000056
fffffcd7
fffffecb
fffffeda
fffffe90
ffffff62
00000061
ffffff03
ffffff2d
000000b4
fffffd8e
fffffe99
fffffbe1
ffffff34
fffffae0
fffffe66
fffffee0
ffffff58
fffffe85
fffffd55
fffffe29
fffffe83
00000089
fffffe44
fffffd84
0000004c
000000f9
000000ed
fffffe97
fffffc7d
0000013e
00000217
fffffe4f
000000a8
fffffc69
fffffe58
ffffffe7
fffffe89
00000122
ffffff1f
ffffffd3
fffffe00
fffffd79
fffffe3f
fffffd82
fffffb80
000000d6
00000321
ffffff0b
00000186
fffffb29
fffffc83
ffffff2c
fffffd43
ffffff05
00000093
0000013e
fffffd97
00000022
00000160
fffffe66
0000004b
ffffff99
ffffff74
00000008
ffffffc0
0000040c
000000a1
ffffff20
fffffb37
ffffff30
fffffdf8
fffffff5
fffffed1
00000137
00000214
00000203
00000134
ffffffe0
fffffe99
fffffab2
fffffdee
fffffbdf
00000213
000001ea
00000154
fffffea4
fffffc73
fffffe87
00000012
0000007e
00000118
ffffff02
fffffb2e
ffffff28
00000188
fffffdbe
fffffd19
ffffff31
fffffff9
fffffff3
00000034
fffffd30
fffffe0e
00000087
fffffdc3
fffffeec
00000172
ffffff64
000000a7
fffffeb1
fffffe60
00000459
fffffd43
fffffb4f
fffffe89
fffffce4
00000068
ffffff2d
ffffffb8
000000ba
fffffe75
fffffe35
fffffec8
00000008
00000243
ffffff33
00000262
0000007b
fffffce3
fffffec5
fffffebe
fffffda3
0000000f
000000d2
fffffe84
ffffff52
00000106
fffffd64
ffffff04
fffffbda
ffffff37
fffffaea
fffffea4
ffffff2a
0000001b
fffffdf6
fffffdd7
fffffe71
fffffe5b
000000d6
fffffe62
fffffccb
ffffffb4
0000011b
0000017f
fffffe38
fffffc18
00000163
00000217
fffffdf3
0000009b
fffffc3e
fffffec8
ffffffe2
fffffe5e
0000012d
fffffefe
0000000c
fffffe8d
fffffd5b
ffffff1e
fffffe5e
fffffbf9
00000140
0000034e
ffffff50
00000135
fffffbb3
fffffc78
ffffff7d
fffffd1a
fffffef7
0000008d
00000109
ffffffb3
fffffe1a
fffffdef
ffffff8b
0000009f
fffffd97
ffffff50
fffffff2
0000017c
000000d0
00000096
0000006c
000001bf
000001f7
ffffff99
ffffff3d
fffffd1e
fffffdf0
fffffe34
0000001f
fffffd8c
fffffe07
fffffd47
fffffb6c
fffffd8f
fffffee0
fffffd3a
fffffbe7
ffffff9a
000000e8
00000010
ffffffbd
fffffefa
00000256
00000125
fffffbfe
ffffff4b
000001b1
fffffeea
ffffff61
fffffcdf
00000119
ffffffe8
00000031
0000012c
ffffffeb
ffffffa9
fffffe34
ffffff32
ffffffef
0000003e
fffffecf
00000399
00000217
000000cf
0000012c
ffffff99
fffffc72
fffffefd
ffffff36
ffffff73
0000002c
fffffcf3
fffffefb
ffffff77
fffffc3e
fffffd4e
000000d0
00000067
00000163
fffffea4
0000007e
ffffff97
00000090
00000002
fffffb18
fffffd99
000000bf
0000007b
fffffea6
fffffd6a
000000bf
0000006e
fffffe9d
fffffef6
fffffd3f
fffff8e0
ffffff43
fffffe32
fffffd26
fffffec1
fffffd21
0000000f
ffffff2d
00000140
ffffffa1
000000b5
00000078
000000c9
fffffefc
fffffea3
00000294
000004cf
fffffe54
ffffff73
0000010d
000000e9
0000015f
fffffca1
ffffffcf
fffffd65
0000002f
fffffb69
fffffeec
fffffc99
ffffff33
fffffe37
ffffff53
00000025
fffffe78
ffffff5b
fffffd0e
fffffe04
fffffe80
fffffc8d
ffffffa3
fffffd69
ffffffca
ffffffc2
fffffe05
fffffe64
fffffff7
ffffffd3
fffffd87
fffffe9a
ffffff01
0000011f
000000ee
00000044
000000b3
00000268
00000224
ffffff4d
ffffff4d
fffffd3d
fffffea3
fffffe24
ffffffe1
fffffdc5
fffffde4
fffffcc8
fffffac6
fffffd2e
fffffe5e
fffffd06
fffffbe5
ffffff78
00000189
fffffff4
ffffffde
fffffef5
00000266
00000161
fffffb8f
ffffffb4
00000170
fffffed5
ffffff30
fffffcc4
000000ac
ffffff10
00000014
0000013d
ffffffac
fffffeba
fffffe7a
fffffedd
fffffffb
00000092
fffffef8
000003c5
0000020e
000000ee
00000165
fffffee9
fffffcd0
ffffff38
ffffff9b
ffffff25
000000c9
fffffd0d
ffffff00
ffffff6c
fffffc1b
fffffd4d
0000009a
00000058
0000010f
fffffec2
00000076
ffffff8c
00000050
ffffffb8
fffffba9
fffffd8b
00000074
0000002e
fffffdf1
fffffcd4
00000100
0000003a
fffffe1b
fffffebd
fffffd15
fffff909
ffffff01
fffffd8e
fffffd2d
fffffe0a
fffffcd9
fffffff6
ffffff1a
0000016e
00000055
000000da
0000000a
000000fb
ffffff23
fffffe6e
000002c0
00000590
fffffe2d
ffffffc3
00000140
0000006a
0000018e
fffffc42
ffffff77
fffffd22
00000039
fffffb61
ffffff40
fffffc3a
fffffee9
fffffe14
ffffff75
ffffffad
fffffdda
fffffeda
fffffca3
fffffe70
fffffdcd
fffffc10
ffffffac
fffffd61
ffffff73
ffffff75
fffffe7b
fffffe5c
ffffffc7
ffffffe8
fffffe18
fffffef3
ffffff09
00000129
00000154
00000045
000000ce
0000025a
00000288
ffffff68
ffffffa1
fffffdfc
fffffd75
fffffeef
ffffffde
fffffe3b
fffffd7e
fffffe1d
fffffb82
fffffd44
fffffeb2
fffffcb4
fffffb1c
ffffffa3
0000018f
0000000c
ffffffb7
fffffe81
000002da
00000122
fffffbf5
ffffff37
00000182
fffffec3
ffffffde
fffffd02
0000011a
ffffff24
000000a2
0000017b
ffffffee
fffffe9f
fffffebe
ffffff24
ffffffea
00000000
ffffff53
000003d5
00000228
00000143
00000131
fffffeb0
fffffce0
ffffffeb
ffffff9a
fffffee0
00000061
fffffe89
fffffe84
ffffffd2
fffffc26
fffffda2
00000093
00000080
0000014d
fffffeec
0000002c
ffffff4f
000000e6
ffffff40
fffffb57
fffffd71
000000b6
ffffffe4
fffffe49
fffffcce
0000007b
00000076
fffffee8
fffffe2b
fffffd55
fffff974
fffffe10
fffffd5c
fffffcaa
fffffe27
fffffd9b
0000001a
ffffff24
00000210
000000ca
00000049
ffffff83
00000149
ffffff0b
fffffece
0000024c
000004e7
fffffdf7
00000035
00000195
00000077
00000212
fffffc50
ffffffba
fffffddd
0000002f
fffffbf4
ffffff32
fffffd07
fffffe89
fffffe20
ffffff6e
ffffffab
fffffe18
ffffff69
fffffd09
fffffdfa
fffffdab
fffffca5
ffffffc6
fffffd7c
ffffff49
ffffff9f
fffffe59
fffffe19
ffffffb7
00000046
fffffe22
ffffff69
ffffffa7
00000173
000000e6
00000082
000000ac
0000023e
0000020e
fffffeda
fffffffb
fffffdba
fffffdcc
fffffe5e
ffffffec
fffffec0
fffffe05
fffffdc5
fffffc3b
fffffd9c
fffffe9e
fffffcce
fffffbd8
ffffffab
00000180
00000079
ffffff8e
ffffff26
00000253
000000fb
fffffb87
ffffffba
000001a4
fffffe85
ffffff8e
fffffcc1
000000c4
ffffffae
0000006b
00000169
ffffff9a
ffffffa0
fffffede
fffffe3a
ffffff5c
00000002
fffffefb
0000034c
00000217
00000195
000000fa
fffffec6
fffffcc5
ffffff28
ffffffaf
ffffff12
00000050
fffffe25
fffffebc
ffffffba
fffffb9f
fffffd48
00000050
0000004c
00000156
fffffe90
0000004e
ffffffcd
00000066
00000036
fffffb8c
fffffe35
000000f1
00000020
ffffff2d
fffffc51
0000006c
000000c4
fffffeba
fffffe7b
fffffce1
fffff9d5
ffffff02
fffffd20
fffffd04
fffffea2
fffffdaa
ffffffa3
ffffff75
000001d9
00000001
000000ba
00000025
000001f8
fffffe9e
ffffff06
000001f5
000004d1
fffffe2a
0000005c
000001c8
0000012e
00000238
fffffc7f
ffffff42
fffffd85
0000004c
fffffc02
ffffff0f
fffffd2d
ffffffb9
fffffe4a
ffffff43
ffffff93
fffffe5e
ffffff87
fffffcb4
fffffdb5
fffffed0
fffffc67
ffffffeb
fffffdd9
ffffffb7
ffffff65
fffffe30
fffffe71
ffffff36
00000039
fffffdf1
ffffff6f
ffffff43
00000174
0000015a
00000078
0000006b
0000020a
0000029c
ffffff38
00000017
fffffe0c
fffffe3a
fffffe6b
00000040
fffffde3
fffffdf0
fffffdca
fffffb82
fffffdda
fffffebb
fffffd32
fffffbe9
ffffffde
00000180
0000001c
ffffff92
fffffed9
000002a5
00000142
fffffbb8
ffffff7a
000001be
fffffef1
ffffff90
fffffcbb
0000011c
ffffffa3
00000019
00000122
0000001a
fffffef7
fffffeef
fffffeb6
ffffffe4
00000008
ffffff08
00000390
00000227
0000015e
000000d9
fffffecb
fffffc99
ffffff41
ffffff48
fffffed7
ffffffd2
fffffde0
ffffff6f
ffffffbd
fffffc3e
fffffd77
000000c5
0000003a
000000f1
fffffe6d
0000007f
ffffffa6
000000f8
ffffffc7
fffffb4f
fffffdbb
000000e5
ffffffe2
fffffece
fffffc85
000000b9
000000a4
fffffe53
fffffed8
fffffce5
fffff952
fffffe75
fffffd9d
fffffcc7
fffffdec
fffffd74
ffffffbb
ffffff7a
000001b1
00000013
00000083
ffffffed
000001ee
fffffea3
fffffecc
00000264
0000050a
fffffe6e
ffffffe0
00000198
0000009f
00000242
fffffc63
ffffff80
fffffd7e
0000004c
fffffbdd
ffffff1a
fffffd87
ffffff5a
fffffe2f
ffffff34
ffffffe0
fffffe76
ffffff5a
fffffd5d
fffffd43
fffffe76
fffffca0
ffffffa2
fffffd2d
ffffff70
ffffff73
fffffde7
fffffe26
ffffffe5
00000038
fffffe3f
ffffff49
ffffffa0
00000181
0000014b
0000003b
0000004b
000001f2
00000269
ffffff6a
ffffffa0
fffffda9
fffffe56
fffffed7
0000003d
fffffe76
fffffe28
fffffda3
fffffb87
fffffe0b
fffffe64
fffffccd
fffffb88
ffffffcc
00000134
00000017
ffffff77
ffffff00
000002c5
00000116
fffffbf6
ffffff40
000001cf
ffffff14
ffffff78
fffffd06
000000dc
ffffff53
0000007c
00000178
fffffffe
ffffff4a
fffffecd
fffffeae
ffffff9a
00000030
fffffecf
0000039c
0000022c
00000161
000000e6
fffffe79
fffffcd8
ffffff3d
00000031
ffffff76
00000020
fffffe28
fffffec5
ffffff95
fffffcba
fffffd0a
000000a6
00000059
0000016b
fffffea4
0000001c
ffffff7d
000000b2
00000024
fffffb92
fffffdda
000000db
00000019
fffffe5d
fffffc95
0000011b
00000085
fffffe9f
fffffed1
fffffd38
fffff9c8
fffffec6
fffffde7
fffffc7b
fffffd93
fffffdce
ffffffbf
ffffff93
000001fe
fffffff2
000000a1
0000001d
00000211
fffffee9
ffffff6f
00000297
000004cf
fffffee7
00000004
0000017e
000000d1
00000219
fffffc93
ffffffa1
fffffd2a
0000003e
fffffc09
fffffe8f
fffffd4f
ffffff6a
fffffe2a
ffffff52
ffffffa9
fffffe7e
ffffff54
fffffd32
fffffcdf
fffffe95
fffffbbc
ffffffc0
fffffd5d
ffffffb8
fffffee8
fffffe58
fffffe99
ffffffbf
ffffffb2
fffffdf5
ffffff22
ffffffcb
0000012c
0000011d
00000006
00000086
0000017a
0000029b
ffffff7e
ffffffb4
fffffde9
fffffe5b
fffffe68
00000021
fffffe6d
fffffdee
fffffcbb
fffffb61
fffffe25
fffffe0a
fffffcc9
fffffb97
ffffff7f
000001e0
00000057
00000006
fffffe70
00000246
000000f8
fffffbe9
ffffffe5
00000149
fffffeb0
ffffffab
fffffd2b
00000159
ffffff3f
00000023
00000169
ffffffdb
fffffe8e
fffffe63
fffffe3d
ffffffc4
ffffffdc
ffffff7c
00000363
00000206
0000012c
00000126
fffffe2a
fffffcad
ffffffef
00000016
ffffff67
00000035
fffffe9b
ffffff1c
ffffff34
fffffc31
fffffd7b
000000e6
000000ee
000001db
fffffeb5
0000002e
fffffeea
000000d7
ffffff94
fffffb96
fffffd86
00000136
ffffffba
fffffde4
fffffcd8
00000064
000000d9
fffffdc9
fffffecc
fffffd54
fffff97a
ffffff37
fffffe14
fffffcbd
fffffdf6
fffffe1c
0000001f
ffffff59
000001ab
ffffffae
0000003e
000000ab
000001c5
fffffe6f
fffffe93
0000020e
00000491
fffffe72
00000035
000000f7
000000a5
000001e1
fffffd13
ffffff8a
fffffd35
00000020
fffffc05
fffffe4d
fffffd41
ffffff52
fffffdb2
ffffff26
ffffffa0
fffffe46
fffffefb
fffffd2d
fffffdbc
fffffed0
fffffbd2
ffffff83
fffffdfd
ffffff89
ffffff81
fffffe5e
fffffea5
ffffff91
ffffffdd
fffffdeb
ffffff78
ffffff71
00000216
00000179
0000001e
0000001c
00000246
00000260
ffffff86
ffffffe0
fffffe0b
fffffe87
fffffe81
00000095
fffffee6
fffffeec
fffffe02
fffffbb2
fffffe0b
fffffe7f
fffffca4
fffffbf0
ffffffd6
000000d5
ffffff9e
ffffff5a
fffffea4
0000026c
00000136
fffffb92
ffffff13
000001de
fffffeb3
ffffff95
fffffd79
0000010d
ffffff8b
000000e6
00000167
00000046
fffffecf
fffffea0
fffffef1
ffffff62
0000000e
fffffed7
00000359
0000025e
00000108
00000109
fffffe6e
fffffcc8
ffffff66
ffffff12
fffffee0
000000b2
fffffde9
ffffff26
ffffffd5
fffffd16
fffffd8a
00000104
0000005b
00000181
fffffeef
000000b2
ffffff69
000000e0
ffffffdf
fffffbbc
fffffda4
00000108
ffffffa0
ffffff44
fffffc40
0000010e
000000dc
fffffe59
fffffefe
fffffd9e
fffffa65
fffffe74
fffffda3
fffffcf4
fffffdbb
fffffdc7
00000053
ffffff71
000001e9
000000e7
00000047
00000006
00000192
ffffff3f
ffffff45
00000202
000004eb
fffffea6
00000044
00000151
000000ce
0000020f
fffffcea
ffffff63
fffffd6f
00000047
fffffc6f
fffffea8
fffffd8f
ffffff1b
fffffe91
ffffff44
ffffffbd
fffffef4
ffffffa5
fffffdc2
fffffe35
fffffe9b
fffffcab
ffffffbb
fffffde6
00000003
ffffff9d
fffffe3a
fffffe0a
ffffff6f
00000076
fffffd98
ffffff03
ffffffd1
00000158
00000127
00000083
0000004f
0000020a
0000023e
ffffff85
ffffff7f
fffffd97
fffffdba
fffffe02
00000009
fffffd91
fffffe1c
fffffcee
fffffbaa
fffffd84
fffffe5f
fffffcbb
fffffba6
ffffffd4
000000c9
00000055
ffffff87
ffffff47
00000222
000000cd
fffffb92
ffffff2c
000001ff
fffffee9
ffffff7b
fffffcc3
000000d0
fffffefd
fffffff4
00000143
fffffffb
ffffff14
fffffe7e
fffffede
ffffffda
00000003
fffffe52
00000392
00000270
000000d2
000000f9
ffffff43
fffffccc
ffffff2d
ffffffcd
ffffff67
000000ac
fffffcec
fffffef0
ffffff88
fffffc85
fffffd6a
000000f1
00000041
00000118
fffffe90
00000081
ffffffe6
000000c3
ffffffc2
fffffb88
fffffdb0
00000103
0000005c
fffffe84
fffffc73
000000d6
00000083
fffffedf
fffffeef
fffffd70
fffff8f7
ffffff39
fffffdab
fffffd0b
fffffe38
fffffcac
0000000a
ffffff37
00000199
ffffff9e
0000009f
0000000a
0000013a
fffffef2
ffffff28
000002f6
000004e6
fffffec1
ffffffd0
0000013c
000000b1
0000019e
fffffca9
ffffff84
fffffd46
00000029
fffffbcc
fffffea1
fffffccc
ffffffa7
fffffe0f
fffffed9
00000004
fffffe8d
ffffff85
fffffd32
fffffda7
fffffe89
fffffc4d
ffffffd3
fffffd60
ffffff57
ffffff6a
fffffe66
fffffe5b
ffffff7e
0000002f
fffffda8
ffffffad
0000005a
00000116
00000172
0000007a
000000a2
0000025b
0000021b
ffffff07
ffffffc2
fffffd94
fffffdc4
fffffe5b
ffffffc0
fffffd27
fffffdbf
fffffd63
fffffb9a
fffffda8
fffffe54
fffffcf3
fffffb9c
ffffffa0
0000019e
00000044
0000004d
fffffea8
00000252
000000da
fffffbd5
00000061
00000173
fffffec0
ffffffd4
fffffd77
000000b1
ffffffd8
ffffffbd
000000ef
ffffff60
ffffff0a
fffffe69
fffffe76
ffffff9f
00000008
ffffff9b
0000036b
000001fc
00000149
000000ba
fffffe7a
fffffcc6
ffffffdf
ffffff04
ffffff14
00000042
fffffdb0
ffffff65
ffffffb5
fffffbe4
fffffdc8
00000081
00000098
00000106
fffffe97
00000080
ffffff6f
00000079
00000023
fffffb99
fffffdda
000000b8
ffffffe5
ffffff3e
fffffcb4
00000048
000000c8
fffffe80
fffffeeb
fffffdc4
fffff862
ffffff3b
fffffdc8
fffffd71
fffffe10
fffffce3
ffffffcb
ffffff01
00000170
ffffff8b
0000006f
ffffffea
0000017c
fffffea6
fffffe86
000002ef
000004b0
fffffee3
ffffffa3
0000019a
000000cd
000001b5
fffffc97
ffffffa1
fffffd2f
0000002a
fffffbab
ffffff28
fffffd0e
ffffffb0
fffffe3d
ffffff23
ffffffac
fffffe23
ffffff53
fffffd8b
fffffe41
fffffe0f
fffffc32
ffffffe5
fffffd31
ffffff71
ffffff66
fffffe1b
fffffd74
ffffff0f
00000070
fffffdde
fffffeed
00000006
000001a7
00000144
000000a1
000000ce
000002a1
00000253
ffffff45
ffffffbe
fffffd91
fffffd20
fffffdf7
000000b1
fffffda5
fffffd52
fffffd61
fffffbe1
fffffd64
fffffe37
fffffcbc
fffffc10
ffffff96
000001a1
fffffff3
0000000b
ffffff2a
0000024b
00000169
fffffb1a
ffffff30
000001e3
fffffe8a
ffffff9f
fffffc6c
000000f6
ffffff76
0000003c
000001ad
0000000e
ffffff5d
fffffe56
fffffe4b
fffffff0
0000001e
ffffff5b
000003df
0000020f
000000fe
000000bc
ffffff49
fffffcfd
ffffff5f
ffffff86
ffffff00
ffffffdc
fffffe0d
fffffeb8
ffffffa4
fffffbd1
fffffd64
000000d2
000000a5
0000019c
fffffe29
00000042
ffffff7f
00000086
00000040
fffffaae
fffffd99
000000e7
0000002b
ffffff1f
fffffd00
00000014
000000b9
ffffff1f
fffffe94
fffffcd9
fffff8f6
fffffecb
fffffde8
fffffceb
fffffecc
fffffd1a
fffffff1
ffffff76
00000182
ffffffcb
0000005a
00000030
000001b2
fffffeae
fffffecc
0000028d
00000548
fffffdff
fffffff6
000001cf
000000be
00000201
fffffc4d
ffffff49
fffffd48
00000079
fffffb6e
ffffff3a
fffffce0
ffffff65
fffffe0b
ffffff5b
ffffffa7
fffffe7a
ffffff87
fffffc9e
fffffd9f
ffffff03
fffffbbe
ffffffcb
fffffd51
fffffff0
0000002a
fffffe71
fffffdf4
ffffffd6
00000035
fffffd73
fffffeda
ffffffe5
00000159
000000cc
00000090
00000074
00000257
00000252
ffffff5d
ffffff91
fffffdca
fffffe23
fffffec0
ffffffa3
fffffe12
fffffdd5
fffffd72
fffffbc9
fffffd39
fffffe28
fffffcba
fffffc89
ffffff4e
00000133
00000042
00000003
ffffff2e
0000026d
00000153
fffffb1c
0000001f
00000190
ffffff04
ffffff3b
fffffd4a
000000fc
ffffff21
00000040
0000016c
ffffffcf
ffffff58
fffffe49
fffffec8
ffffffa7
0000003b
fffffeea
0000038b
00000213
000000d5
00000100
fffffeec
fffffcb0
ffffff65
ffffffc5
ffffff41
000000d7
fffffd96
ffffff00
ffffffc0
fffffbeb
fffffd6c
00000090
000000c9
000001a1
ffffff04
00000061
ffffff3f
0000008d
0000004e
fffffbaa
fffffd9d
000000d2
00000018
fffffea6
fffffca6
0000007d
000000c3
fffffe39
fffffed7
fffffd8d
fffff88a
ffffff7b
fffffdcd
fffffd0d
fffffe55
fffffcd9
00000017
ffffff37
00000179
fffffff6
000000dd
00000004
00000135
fffffee6
fffffebe
0000022c
00000513
fffffdef
00000038
00000182
000000da
000001ca
fffffc90
ffffffa2
fffffd13
0000000e
fffffb1f
fffffe81
fffffd28
ffffff52
fffffdc0
ffffff91
ffffff97
fffffe3f
ffffff4b
fffffce5
fffffe51
fffffeee
fffffca8
fffffff3
fffffdb7
ffffffcd
ffffff8a
fffffe34
fffffdaa
fffffe9d
00000026
fffffe38
ffffff5d
ffffff88
00000170
00000118
00000098
000000b9
0000023e
00000216
ffffff77
ffffff9e
fffffde6
fffffddd
fffffe7f
00000048
fffffe78
fffffe5b
fffffdeb
fffffb81
fffffdd0
fffffece
fffffd75
fffffc64
ffffff8b
0000017b
fffffff0
ffffffa3
fffffecf
000002bb
00000172
fffffb6d
ffffff5e
000001d3
fffffea6
ffffffb8
fffffc70
0000012b
ffffff87
00000075
00000177
0000003f
fffffef8
fffffe59
ffffff21
ffffffe0
00000037
ffffff0b
000003d0
0000024d
000000f9
00000131
fffffed2
fffffc74
ffffff46
fffffef3
fffffedd
00000071
fffffe07
fffffe82
ffffffc9
fffffca8
fffffd3e
0000004a
00000064
0000019b
fffffe4b
00000074
ffffff4c
000000d7
0000000b
fffffbb4
fffffdce
00000149
fffffff5
fffffea9
fffffd24
000000ad
000000a1
fffffe94
fffffe46
fffffd7e
fffff9cb
fffffe45
fffffda7
fffffd6c
fffffe29
fffffde7
fffffff4
ffffff40
000001a3
ffffffd9
0000007b
ffffffee
00000179
fffffeaf
fffffeaa
00000284
00000548
fffffe8f
fffffff2
00000167
000000d6
00000201
fffffc89
ffffff6f
fffffd36
fffffff4
fffffbfd
fffffec4
fffffcd9
ffffff0a
fffffe7f
ffffff56
ffffff7c
fffffe41
ffffff10
fffffd87
fffffd99
fffffe41
fffffc5b
ffffffd2
fffffd99
ffffffa4
ffffff4f
fffffe41
fffffe57
ffffffee
0000006d
fffffe2e
ffffff00
ffffffca
0000016b
00000131
0000009a
0000000c
0000020a
00000232
ffffff6f
ffffffd9
fffffd96
fffffdb8
fffffe7a
00000044
fffffdca
fffffe2a
fffffd12
fffffbb9
fffffdae
fffffe8e
fffffce4
fffffbba
fffffff4
0000014e
00000098
ffffff8f
ffffff7e
000001fb
00000116
fffffc8e
ffffff23
00000184
fffffe94
ffffff5f
fffffc74
00000110
ffffffa1
00000067
0000010a
ffffffb6
ffffff3f
ffffff01
fffffe48
fffffff9
ffffffbc
fffffee4
00000322
00000220
00000110
0000008a
ffffff20
fffffce9
ffffff78
00000038
ffffff3c
ffffffd8
fffffdd2
ffffff35
ffffffb5
fffffcbf
fffffd41
00000081
00000027
00000120
fffffed6
0000001e
00000011
0000009b
00000007
fffffb78
fffffe2c
000000e9
0000005d
fffffed1
fffffca7
000000f1
000000e4
ffffff13
fffffef3
fffffced
fffff9fd
ffffff18
fffffe13
fffffce7
fffffe5c
fffffd2c
00000018
ffffff85
000001c2
ffffff6d
000000a2
00000015
000001ae
ffffff67
ffffff0c
0000024b
000004b9
fffffee6
ffffffe9
0000017e
000000d5
00000254
fffffcb9
ffffffe1
fffffd97
00000042
fffffc45
ffffff14
fffffd30
ffffffaa
fffffdda
ffffffaf
ffffffd0
fffffe6c
ffffffa1
fffffd42
fffffd30
fffffe9d
fffffc01
ffffff89
fffffd6c
ffffff4e
ffffff2d
fffffdf7
fffffe27
ffffff4b
0000003c
fffffe88
fffffee8
ffffff29
000000b1
00000124
00000018
000000c7
000001dd
000001ec
fffffec8
ffffff8b
fffffdcb
fffffe73
fffffe2c
ffffffcc
fffffdd4
fffffd82
fffffd11
fffffb1e
fffffdb7
fffffe4a
fffffcd4
fffffb36
fffffff2
000001ab
0000002c
00000053
fffffee6
00000236
00000107
fffffc9b
ffffff22
000001e3
fffffe9f
00000060
fffffc28
000000e6
ffffff3f
0000002a
0000016a
fffffffa
fffffef4
fffffeac
fffffef4
00000012
ffffffd5
ffffff6e
000003e9
000002ad
00000138
0000011d
ffffff55
fffffce5
ffffffc2
ffffff55
ffffff82
0000000a
fffffe19
fffffe87
ffffffb2
fffffc76
fffffd85
000000d1
fffffffd
000001a9
ffffff00
0000003b
ffffff4d
000000ff
ffffff29
fffffb72
fffffd81
00000127
ffffffd9
fffffe81
fffffc78
00000069
00000060
fffffe62
fffffe25
fffffd16
fffff988
fffffe98
fffffdeb
fffffcc2
fffffe11
fffffd46
ffffff6f
ffffff75
000001b9
fffffff3
00000032
00000003
000000d4
fffffe47
fffffef1
000002f1
000004c9
fffffe3d
ffffffc4
0000011b
00000107
000001f4
fffffc7f
ffffff40
fffffdb5
00000034
fffffc52
ffffff14
fffffce1
ffffff06
fffffe7a
fffffee7
ffffffff
fffffdab
fffffee2
fffffc7e
fffffd51
fffffdc0
fffffc1d
ffffffa2
fffffcff
ffffff6d
ffffff5b
fffffe73
fffffe64
ffffff60
ffffff8d
fffffd9a
ffffff42
ffffff5b
00000194
000000e4
00000082
000000e9
0000027a
00000225
fffffeb2
00000000
fffffe4d
fffffde6
fffffe76
fffffffc
fffffe3f
fffffd94
fffffdb9
fffffb93
fffffde1
fffffe4a
fffffcfc
fffffbda
ffffffb1
000001d5
0000001b
ffffffcb
fffffed2
000002c3
00000155
fffffc00
ffffff76
000001b5
fffffe98
ffffffc5
fffffc9e
000000da
fffffef1
0000001a
0000017b
ffffff96
fffffecf
fffffe5c
fffffe88
fffffff5
0000003b
ffffff87
00000387
000001d1
0000016d
000000f3
fffffeb5
fffffce6
ffffff82
ffffff53
ffffff26
00000004
fffffecc
fffffee3
ffffff90
fffffbcd
fffffdb7
00000091
000000a0
00000182
fffffe89
000000e4
ffffff4e
00000072
ffffffb6
fffffb4a
fffffdbd
0000007d
ffffff76
fffffed4
fffffd33
0000007e
00000080
fffffec6
fffffea1
fffffd11
fffff98d
fffffe72
fffffdd8
fffffd2f
fffffe08
fffffda7
00000027
ffffff57
0000018c
ffffffed
00000095
00000036
000001c9
fffffe67
fffffe68
000001cc
000004bb
fffffe64
ffffffd7
00000120
00000015
00000212
fffffcae
ffffff5a
fffffda1
0000009e
fffffc04
ffffff30
fffffd77
ffffff27
fffffed3
ffffff65
ffffff84
fffffe6c
ffffffbe
fffffcb3
fffffe9a
fffffe1c
fffffc5d
ffffff9c
fffffde7
ffffff5d
ffffff8c
fffffd9e
fffffd92
fffffffc
fffffff9
fffffde5
fffffe45
ffffff2e
000001b1
000000ac
00000082
000000ab
00000259
000001eb
ffffff6c
ffffff86
fffffdcc
fffffe2c
fffffe2d
fffffffe
fffffdbb
fffffd86
fffffd1f
fffffb8e
fffffdc2
fffffe2b
fffffc2e
fffffbd1
fffffff7
0000016e
00000050
00000008
ffffff43
00000316
000000cc
fffffc2d
ffffffc5
0000018e
fffffeed
ffffff63
fffffce1
00000116
ffffff6f
00000030
0000018b
ffffffd7
00000012
fffffed6
fffffe7d
00000023
fffffffc
ffffff15
000003f8
000001e5
00000190
00000130
ffffff53
fffffc6f
ffffff50
ffffff7e
ffffff8c
0000001a
fffffd5a
fffffe95
ffffffa9
fffffc27
fffffd3d
00000102
00000041
00000190
fffffeac
000000a3
ffffff4b
000000b7
ffffffea
fffffad3
fffffdf5
000000fa
00000005
fffffe4f
fffffc8d
0000010e
0000009b
fffffe73
fffffec4
fffffcde
fffff8be
fffffff8
fffffe35
fffffcee
fffffe39
fffffcbc
ffffff93
ffffff85
000001db
ffffffb3
0000004e
0000006b
0000017a
fffffdfe
fffffedc
000002b8
0000058d
fffffea6
0000000d
0000018f
000000e6
00000215
fffffc81
ffffff2c
fffffd3e
00000016
fffffba0
fffffec4
fffffcde
ffffff79
fffffe29
ffffff66
ffffff72
fffffe32
fffffed2
fffffcdc
fffffd1d
fffffdce
fffffb59
ffffffa8
fffffd02
ffffff6d
ffffff82
fffffea3
fffffe86
00000031
ffffffc3
fffffdb0
fffffee4
ffffff74
0000012a
00000111
00000075
0000007d
00000239
00000213
ffffff6c
ffffff85
fffffdce
fffffe96
fffffeaf
00000018
fffffe01
fffffdfb
fffffcf1
fffffb45
fffffd64
fffffe0e
fffffc9e
fffffb80
ffffffa2
0000017d
0000008f
00000013
fffffef7
0000026f
0000013c
fffffba9
ffffff59
000001c5
fffffeed
ffffffba
fffffc95
0000009c
ffffff31
ffffffcd
00000157
ffffff3e
fffffe9d
fffffeca
fffffe46
ffffffd9
00000048
ffffff86
0000038b
0000024c
00000172
000000c3
fffffe6e
fffffced
ffffff86
00000054
ffffff6e
00000097
fffffdf5
ffffff1e
fffffff1
fffffc4e
fffffd80
000000fb
00000068
000001b8
ffffff5d
00000055
ffffff75
00000099
ffffff7e
fffffc22
fffffdb7
000000f3
00000038
fffffede
fffffc4e
00000044
00000088
fffffe78
fffffed9
fffffd49
fffff899
fffffedb
fffffd63
fffffcc9
fffffdae
fffffd65
ffffff8b
ffffff0c
000001d0
ffffffce
000000be
ffffffda
00000161
fffffefa
fffffebc
0000028a
00000546
fffffefd
00000004
00000122
000000ef
000001fc
fffffc9f
ffffffdf
fffffd6a
0000001f
fffffbb7
fffffe76
fffffcf4
ffffff2b
fffffe0b
ffffff89
ffffffb7
fffffe1e
ffffff53
fffffceb
fffffd9f
fffffe70
fffffbdb
ffffff9e
fffffd66
ffffff45
fffffef5
fffffe17
fffffe8b
ffffff7c
00000050
fffffe03
ffffffb0
ffffffd0
000001b5
000001bb
0000002d
00000095
000001f8
00000227
ffffff3f
ffffffc0
fffffdcd
fffffdfd
fffffe49
00000016
fffffe3d
fffffe40
fffffd6a
fffffbbe
fffffdc2
fffffe4f
fffffd20
fffffbce
ffffff79
00000187
0000003d
ffffffac
fffffe5e
00000240
00000156
fffffb92
00000019
00000198
fffffef1
ffffffac
fffffd3e
000000db
ffffffcd
00000099
00000113
ffffffee
ffffff2d
fffffe5d
fffffe8e
ffffffc8
00000059
fffffebb
00000339
0000023e
0000011c
0000014c
fffffef9
fffffd12
ffffff66
ffffffb1
fffffeca
00000020
fffffdc8
ffffff41
ffffff5b
fffffc73
fffffd65
000000ad
00000076
00000139
fffffe37
0000002a
ffffff9c
0000004e
ffffffcf
fffffbb0
fffffd34
0000010e
00000015
fffffe4d
fffffcba
0000007d
00000060
fffffe76
fffffe7e
fffffd89
fffff9a0
fffffebc
fffffdd1
fffffcd7
fffffe5b
fffffda6
ffffffeb
ffffff3e
00000163
ffffffc7
0000007f
fffffffd
00000177
fffffef3
ffffff8f
0000028a
000004ab
fffffe19
ffffffff
00000105
000000dc
000001bc
fffffc54
ffffff8e
fffffd14
00000039
fffffbad
ffffff2a
fffffcf4
fffffecc
fffffe67
ffffff21
ffffffec
fffffe6f
ffffff53
fffffd54
fffffdf2
fffffe3e
fffffcd8
ffffffd1
fffffd8c
ffffffa7
ffffff3a
fffffeaa
fffffe99
ffffff9b
0000006e
fffffdc2
ffffff82
ffffff49
00000125
00000149
00000072
00000098
0000025b
00000260
ffffff67
ffffff54
fffffd6e
fffffe49
fffffe0a
00000006
fffffe2f
fffffdfe
fffffd1f
fffffb86
fffffdcb
fffffe63
fffffcfd
fffffc28
ffffff8c
000001b9
0000006c
ffffff89
fffffeca
00000246
00000162
fffffc48
ffffff17
000001b7
ffffff1a
ffffffcc
fffffca4
000000a6
ffffff57
00000021
00000129
ffffffe8
ffffff66
fffffe78
fffffee8
ffffff8d
00000036
fffffede
00000324
000001b6
0000013f
000000cf
ffffff4d
fffffdad
ffffff67
fffffffe
ffffff27
00000040
fffffdc0
fffffea6
ffffffa9
fffffc55
fffffd41
000000d7
fffffffb
00000128
fffffeb6
00000026
ffffffe4
0000008e
ffffffaa
fffffc00
fffffe1d
000000de
00000018
fffffeac
fffffcc5
000000ce
00000022
fffffebc
fffffea0
fffffcdd
fffff9b5
fffffe6d
fffffd8d
fffffd01
fffffe57
fffffddb
00000009
ffffff0b
0000015c
ffffffd5
00000051
00000091
00000188
fffffebc
ffffff34
00000227
00000479
fffffe95
ffffffa1
000000f8
000000ea
000001c3
fffffcaa
00000007
fffffdba
00000078
fffffc54
ffffff20
fffffc7c
ffffff77
fffffe68
ffffff5b
ffffffcd
fffffe79
ffffffcb
fffffd1e
fffffdfc
fffffe16
fffffbf3
ffffff61
fffffdc2
ffffffa5
