// fc1 membrane after update, int16
// (10, 20, 128) -> 25600 values, 4 hex digits
ff5c
fe98
fe91
ff5e
00ae
ffcf
fef6
0079
00a2
ffea
0003
0124
0094
01d5
ff3e
0082
0068
ff13
005a
fff9
00c0
feef
ff44
ff32
fdab
fd5a
fe30
fdc2
005a
0067
0010
0036
fe28
001a
fedc
fcc3
0048
0035
ff08
fea4
fede
0002
ff41
0003
00f2
0046
009b
ffce
fe6f
0044
ff70
0015
00af
00ef
0138
00e5
008c
feea
ff32
ff74
ffaf
ff66
007d
ff1c
fddb
fd72
ff08
0090
0034
009e
fee0
0050
fddf
0046
fffb
fe00
fda7
0035
ffda
ffb2
fd94
fdfa
00b2
ff7c
fe36
ff83
fdae
0001
fe49
fe4f
fe68
ff01
0017
0003
0029
fece
00ea
fe67
004b
fe63
ff4c
00d3
00f1
fe8a
008d
00ae
ff2f
0012
fe9f
fe5f
ff25
0027
fd56
ffa0
ff28
ff0f
fe9b
ff65
000f
ff66
fece
ffb3
fe8d
006f
ff78
ffaf
fe53
ff8c
fe9c
fdc8
fda2
ffdf
0081
ff9e
fd6c
0074
013b
ffa6
00bd
0203
0047
0310
fe64
00dd
00b0
fe8f
0011
0049
003a
fd81
feea
fedc
fbf7
fbbe
fbe8
fb89
0009
004d
fffd
0058
fcf2
0002
fdd1
fa98
0040
009f
fe13
fd88
fd50
0010
fe85
00c1
015f
0074
002f
ff5b
fce8
fff5
fead
002c
016d
0091
02f1
01ae
00e2
fd1c
fe26
feb4
ff68
ff45
00f8
fe41
fc3b
faf9
fdea
00cf
00c3
0015
fe1c
00af
fb5b
00df
ff6f
fbc3
fc44
ffe5
fff2
ff4f
fbef
fccd
0015
ffbc
fd19
fea7
fbf1
fff3
fc73
fc22
fcef
fdc5
ffd5
ffcc
003b
ff3b
0050
fd3a
00a7
fc39
ff07
0178
0212
fd94
00df
006a
fe0a
00d4
fdb9
fd0c
feef
0026
fbcd
ff76
fe5c
fe7e
fd8c
fee2
ffbf
fede
fde8
ff35
fd9d
0091
fe7c
ff4d
fceb
feeb
fe9a
fd30
fcdb
0029
00d6
fffc
fd00
0077
0187
ffcf
0092
0247
0079
03a3
fe4c
0031
0097
fe7e
00ab
009f
0069
fd65
fee4
fd9c
fb19
f9eb
fb02
fa5f
006f
00c4
0043
004b
fb9c
001b
fd11
f93d
006c
009c
fd5f
fcb9
fc8e
0048
feb4
0082
0114
00a8
00ac
ff88
fc78
001c
fe5f
0022
0177
0065
03d4
0224
008e
fc52
fd7c
fe39
ff3b
ff2a
005d
fdc8
fb22
f94f
fd11
00f2
0074
00e8
fdb7
00aa
fa9c
00c5
ff2a
fada
fb9f
ffd6
ff97
ff23
fa7c
fb61
0094
fedf
fc19
feaf
fab3
0009
fbda
fb36
fbc3
fdab
0031
ff9b
0029
ff19
0009
fcf5
006e
fb29
feaf
01da
029b
fc9c
013d
00b3
fd76
0016
fd20
fc6f
fe2d
0032
faf6
ff25
fdcd
fe2b
fd02
febc
ffe5
fe7e
fd4c
fef7
fcbd
00b3
fdb9
ff45
fbe0
febf
fe64
fca8
fc52
ffd8
0060
0041
fc97
00bb
0147
ffaa
0018
0297
00bb
046e
fe46
005c
0042
fe45
00a0
00b7
0041
fcd1
fe3d
fd84
fad0
f8b7
f9fc
f90b
00f8
0057
0035
007c
fb5b
0003
fcd5
f87c
007e
00db
fd64
fc43
fc87
00cf
fe23
0039
0120
00b9
000f
ff38
fbdb
003b
fe03
00a6
01e5
0066
0420
026f
0088
fb66
fd44
fe48
ff27
feda
00a9
fd54
fa85
f819
fc90
0030
0083
0095
fd65
0060
f9c9
00d5
ff4f
f9ac
fab0
fffc
ff97
feca
f9c9
fac8
006d
fed8
fbb4
fe4a
fa35
0042
fb74
fa1d
fb3d
fcfa
0052
ff9f
0044
fea2
009a
fc8e
00bf
fa38
feba
0253
02ff
fc3d
012e
0026
fd8b
00da
fcdb
fbc7
fd66
0051
fa8f
ff10
fd8e
fdad
fc1f
fe1a
ffa7
fe70
fcbc
ff09
fbb0
000e
fcd2
ff33
fb01
ff03
fe56
fc0e
fbf9
002c
0061
0078
fc5b
006f
015d
ffd7
00ee
02d8
00cf
0444
fde7
0038
009d
fe7a
001b
000a
00a5
fc48
fead
fd91
fa49
f7b9
f9e6
f879
00a5
0011
0099
00c9
faf1
00dc
fcc8
f7df
005c
0022
fcee
fbf5
fbb7
0067
feb0
00a9
010a
0072
00f3
ff51
fb1e
0056
fe09
00c4
01f6
0028
04b3
028a
00e6
fb08
fcfe
fddd
ff66
fe6c
003d
fd5d
f9ca
f756
fc48
0070
002c
0013
fd1c
009e
f973
0081
ff6d
f945
fa1c
ffcb
ffbd
ff15
f99b
fa2b
0094
feeb
fb1d
fe34
f9ad
008e
fb47
f9db
fad3
fcd0
ffee
ffcb
008f
fe6c
0045
fbc5
00ba
f99a
fe9f
02a5
030f
fc26
0137
0092
fd6d
001c
fca4
fb3a
fd72
006d
f9f8
ff8c
fd75
fd5c
fc42
fe4a
ffcd
fe53
fc5e
fea7
fb67
00e7
fc75
ff6c
fa3a
fef0
febd
fbb3
fb9b
004b
00f5
0094
fbd2
00a1
01b0
ffdd
007a
0310
001e
04a0
fd7b
0064
0090
fe30
007b
fff0
006b
fba0
ff03
fd29
f9b7
f717
f9ab
f816
0036
00ce
0098
00a7
fb14
00f2
fc97
f6d0
0067
0057
fc2c
fb8a
fbc9
003f
fe59
007b
0119
007f
0026
ff7a
fb29
0027
fdbd
0097
0271
0074
0528
02e7
00b3
fae7
fc75
fd98
ff30
fe7e
00c5
fcdf
f990
f68c
fc00
0066
002c
00bd
fd0a
0092
f8bc
0098
ff56
f8d6
f9ce
ffd6
ff80
fedc
f912
f994
00c3
fea0
fa44
fdd0
f8be
0067
fa72
f96a
fa4d
fcbe
0007
ffe9
0087
feb3
0028
fbbb
00d1
f97d
fe1a
02f7
0382
fb9a
01ba
0016
fcbd
00ab
fc2d
fb0f
fdfb
009f
f977
ff39
fd5f
fd53
fbd4
fe4b
ffc1
fe25
fc31
fe75
fb04
00b7
fbf3
ff9c
f99c
feb8
fe7a
faaa
fb18
0070
00ba
00f7
fb33
00cf
019f
ff7e
00a2
03e4
0048
0511
fcff
00c3
0083
fe76
005f
ffcd
0065
fac8
fe9e
fcdb
f984
f611
f8d4
f77a
0047
0095
00a3
00c7
fa57
008a
fbd2
f666
0091
006b
fb90
fb16
facd
0024
fdd2
0030
0163
0074
00a0
ffa8
fa75
ffda
fd8f
00c0
029f
005f
0648
035c
007e
fad4
fbef
fd87
ff8a
fe1a
0053
fc42
f8dd
f5cc
fb3a
0094
00c2
007a
fd42
0094
f77f
00a4
ff3e
f838
f961
ffa4
ff9a
fe6e
f862
f96b
00e8
fe62
f9d4
fd80
f8b3
0015
fa0b
f8c0
f9b8
fca0
ffe2
0038
005d
febb
0090
fb62
00f5
f821
fe30
031c
0392
fb43
01ff
009c
fc51
002c
fc03
fa0e
fe1d
00bb
f966
ff10
fd2c
fd5e
fbad
fe07
ffb2
fe33
fbd6
fe1c
fac5
0048
fb74
ffb9
f8f4
fe7d
fe15
fab5
fae6
fff2
0068
0024
fb01
00a3
01bd
ff57
0029
045d
0049
0564
fce1
001d
00cc
fdf8
0071
ffbb
004e
fb09
feeb
fced
f90b
f5d7
f857
f751
00c5
0099
0058
00b1
f9c5
0060
fb62
f5bf
0098
00bc
fb64
fb1c
fa64
000f
fdb8
007a
0170
00e3
000e
ffb4
fa74
ffb3
fd72
00ae
02fe
0039
067e
0353
009c
fae7
fbcf
fd5f
ff67
fe5a
002c
fbb5
f87f
f5c3
fae5
00bb
0061
0022
fd17
007b
f67c
010f
ff3e
f7ad
f8e3
ff5f
ffc2
fe1c
f7f5
f937
005c
fe72
f957
fdc5
f8c1
ffe6
f9e1
f8af
f990
fc7e
ffe3
0000
009d
fec3
0005
fb1c
00f3
f7e6
fe11
02f6
038b
fb46
0204
0048
fbe4
00e7
fbdf
f9d5
fe2d
0073
f8f0
feb1
fd32
fd10
fbdd
fe05
ff79
fe08
fbc3
fe5a
fac0
00c6
fbbd
ff7a
f8fd
fe59
fd6d
fab2
fa67
ff0f
005c
ffdf
fb03
00a2
01fe
ff51
0009
0434
0034
05e8
fce7
0050
00ef
fdd7
0044
ffb4
00de
fb06
fe4d
fcdf
f87a
f5bf
f7e1
f7ac
00a8
00cd
00b8
00dc
f8c1
0020
fae1
f515
00a4
00e9
fb54
fb04
fa0a
ffd7
fdc8
000c
015c
00ec
009c
ff58
fa4d
ffe7
fd90
00ba
0323
00e8
065f
0352
00e8
fa6e
fbba
fd36
ff30
fece
00f7
fb3a
f852
f599
fa6e
00e7
00d2
00e0
fc8e
007e
f63a
0156
ff2f
f7c5
f85f
ffc8
ffc5
fe60
f75c
f93c
00f7
fe61
f914
fe01
f821
ffc5
f95c
f92f
f9ad
fc0e
001f
ff7a
0041
fe6a
00e1
fb25
0101
f79b
fd98
032e
03f4
fb28
01c8
0081
fc00
008e
fb86
f9de
fd97
0037
f872
fe28
fcb4
fcd4
fbc8
fe5f
ff6e
fdb2
fb7f
fe8b
fb0f
0003
fbd1
fee9
f8eb
fdef
fdd3
faf0
f9d4
ff0b
003a
ffc3
faf9
0089
01ef
ff47
003a
0438
002c
0632
fcf7
00e6
009a
fd48
004c
fff1
0095
fb25
fe2e
fcd5
f7f3
f5f1
f720
f750
00ee
0060
00f4
00bb
f8e8
0031
fa91
f522
00a1
0050
fb16
fac5
f9b6
ffd7
fe1c
003d
01a9
00f0
0056
ff0e
f9be
ffa3
fd89
0069
0341
00b8
064d
033c
00f6
f99c
fbba
fd47
ff11
fefc
0064
fb23
f80b
f4ca
fa48
00f1
0071
0062
fc73
0032
f636
01a0
ff13
f714
f859
ffcd
ffba
fec0
f75e
f8a8
009f
fe48
f91a
fdb6
f7ef
fff5
f96a
f8a2
fa2b
fb44
003c
ff61
0046
fea4
005f
fb1f
0104
f70d
fdd2
0345
03e4
fa8a
01ec
007e
fc51
003e
fb55
f9b3
fda9
001a
f826
fdfa
fca8
fcef
fb67
fe24
ff49
fd90
fb83
fe3b
fb11
008c
fb6b
ff14
f8d3
fddb
fe3c
fab6
fa4a
ff0f
003a
ffcb
fb2f
0007
01fe
ff9a
00cd
03c5
00bf
0616
fc5c
004a
00bf
fd8a
0074
0046
001a
faca
fe48
fcb1
f7e3
f5c0
f730
f78d
00f4
0011
004d
00c9
f8a4
000a
fadf
f4d3
009d
00a7
fb43
fa65
f936
ffa8
fe6b
00cb
0187
00c3
00ef
ff46
f9ae
ff8f
fd8d
00be
0317
0088
0657
032f
00e9
f961
fbf7
fd5b
ff28
fef4
0014
fb6f
f842
f4e1
fa2c
0059
0008
003f
fc94
0041
f5d6
01b7
ff03
f723
f81b
ffd0
ffa1
ff37
f75c
f8b3
00ec
fe31
f8ff
fd89
f7ba
ffd5
f92c
f89a
f9da
fb34
0041
ff8d
00d9
fe6d
0024
fafe
0097
f6bc
fdf5
0301
03e6
fa9d
01da
00c0
fcae
00e8
fb1d
f98b
fdfb
004a
f844
fe24
fc7c
fcb3
fb2a
fe17
ff8b
fdd7
fba5
fdc4
fae2
00f1
fb9c
ff20
f8f0
fe00
fe2d
fa81
fa39
fef9
0007
0003
fb3e
003b
022a
ff87
0042
0401
004f
0676
fc5d
005d
00bc
fd06
0032
0014
00c3
fa63
fe60
fc99
f7c9
f584
f77c
f7f8
002d
00f7
0024
00be
f8aa
0013
fb0b
f436
00b7
00de
fb40
fa2f
f9aa
ffe9
fe10
0098
01b6
0063
0063
ff66
f9e8
ff90
fd4c
00cd
0387
0055
0682
03b9
003f
f9a6
fbe7
fcf9
feff
fed9
00f4
fb4c
f802
f493
fa66
0083
00a8
0019
fc95
0030
f4e1
0248
ff08
f6f6
f7e9
ffbc
ff39
fea8
f708
f8d2
000f
fe8f
f8d6
fdb5
f7c6
ff9e
f84c
f8a3
f9b8
fbc1
005b
ffae
009e
fec0
00de
fa9e
00f6
f693
fdba
0328
03e3
fa9c
0221
0008
fc32
0095
fafd
f96c
fe48
0032
f840
fdf8
fc79
fc6a
fb13
fe1f
ff7b
fe06
fb62
fdab
fac5
00b8
fb73
fee6
f883
fdec
fe2c
fa5b
f9fe
ff10
0022
001c
fade
0073
01d2
fef4
0014
0440
00ba
0681
fca4
006f
00a5
fcef
0073
ffcb
000f
f9c9
fd9c
fcac
f822
f57c
f75c
f753
00c8
00be
ffcc
00f8
f988
004f
fafa
f471
00c9
0016
fb3d
fa81
f992
006a
fd82
00f5
01b1
0088
0033
ff40
f9db
ffca
fd61
00ba
03ca
00a4
069f
03e0
00ba
fa45
fb9d
fdc3
ff88
fe86
0062
fb27
f80b
f4ae
fa6c
006e
003a
0029
fc83
00ae
f587
01fc
ff3b
f687
f7d7
0027
ff8d
fdfd
f6d8
f8e4
005d
fe6e
f8b0
fd44
f714
0072
f84a
f804
f9f8
fb72
0022
ffc4
0052
fe8b
00b2
faf5
0129
f6ce
fd9a
030a
03d5
fadc
023f
0004
fc3d
0057
faf1
f9ac
fe60
003b
f7f4
fd90
fc9e
fc81
fb26
fe24
ff4b
fda5
fb01
fd2d
f9f1
00c0
faf5
ff00
f839
fd82
fe8f
fa7e
fa0c
ff54
00bc
0066
faee
005f
01af
fef9
008f
0437
00f7
066a
fca2
008e
008e
fd0f
00b5
ffc1
00ee
f9ff
fd77
fc21
f7fb
f57f
f77c
f6ed
004e
006e
000c
00e1
f9f2
0065
fad6
f4a9
00bb
007e
fae8
fab2
f9c7
0051
fddc
006a
0188
00c5
00a0
ff96
fa29
ffcd
fd59
005b
03e4
00be
06c1
03f5
00d1
fa0a
fb90
fd9f
ff60
fe7c
00ae
fafc
f860
f4a7
fa4c
0079
00ca
00f3
fc90
007a
f5e8
0202
ff36
f69f
f7db
0049
ff85
fdff
f6bf
f8d7
00c3
fe1b
f83d
fd50
f720
0065
f828
f835
f9e6
fbc2
002d
ffcf
0029
febf
0098
fac6
00fe
f721
fd70
032b
040d
fa45
022d
00c2
fbef
002e
fac8
f981
fe48
0037
f7fb
fddf
fc8e
fc7d
fb5b
fe32
ff3f
fd21
faac
fd35
f9b5
00bb
fade
ff1d
f7d5
fd47
fe15
fa3d
fab3
ff45
004f
009f
fb12
0080
01f3
fef9
0014
0453
00a6
063e
fc75
0096
006a
fcc6
007b
ff61
00b6
fa1b
fd5f
fc22
f840
f552
f7bb
f73f
00b6
0047
fff5
00dc
f9c3
0020
fafb
f49b
00bd
009c
faf2
fb1d
f9a6
0075
fdb5
0023
017a
00dd
001f
ff8f
fa48
ffbe
fd02
0041
03eb
00c1
06fb
03b3
00e1
fa64
fb89
fdd6
ff7e
fdf8
0031
fb3e
f830
f476
fa76
00b0
0095
00c6
fca4
0056
f67c
01b9
ff3c
f690
f7e5
fff6
ff7b
fdb3
f6b5
f8dd
00e7
fe52
f854
fd21
f718
004b
f83a
f7f1
f9f4
fc60
003f
0002
006a
feaf
001e
fb0e
0109
f7b9
fd24
029f
0393
fa91
01bd
0032
fbc5
00a2
faca
f964
fe1d
006a
f824
fe4a
fc6c
fc7a
fb70
fdb0
ff56
fd30
faf4
fd02
fa0e
00f4
fb0c
fec3
f7e6
fd72
fdfe
f9ff
fa4a
ff3c
0072
00a3
fad6
00e3
01cf
fed5
00cc
047e
006c
0650
fc27
0024
006d
fcda
0093
ff7e
00f2
f9aa
fde6
fc58
f830
f583
f771
f68f
005d
0035
0018
00f3
f992
001f
fad5
f4cf
00c5
0001
faee
fb25
f96b
0067
fde4
00d4
0193
00e9
000a
ff56
fa10
ff79
fd16
005a
0402
006a
0719
03a0
0012
fa46
fbcf
fd31
ff84
fdb3
0001
fb34
f7fa
f401
fa49
00c7
0037
0051
fc7a
0046
f616
01d1
ff2e
f607
f7de
ff99
ffbd
fda1
f726
f8db
0043
fe9e
f877
fd37
f713
005f
f880
f7c3
fa0c
fbea
ffee
0005
0056
feac
00a3
fa99
0101
f6ca
fd91
02d5
038d
fa85
0197
00f5
fbec
0031
faf2
f93a
fe62
005b
f868
fe47
fcab
fc7d
fb63
fd9a
ff42
fd74
fae1
fd13
f9c4
0056
faa8
ff04
f7e5
fd7e
fdcd
fa4f
fad6
ff7c
0036
0075
fa90
00d3
01a5
fee2
000a
048e
0001
0600
fc12
007d
00a9
fd68
008b
ff3b
0073
f9c8
fe0b
fc8f
f82f
f564
f77e
f69a
0031
0026
0000
00ca
f961
0002
fad9
f4d1
00c2
0013
fa8d
fb29
f989
0026
fd78
0063
0178
00cb
0084
ff81
fa08
ff76
fd26
0057
0392
0023
0733
039b
002b
fa7a
fb97
fd40
ffa2
fe23
009e
fb85
f7ec
f44f
fa6a
00d5
00ea
00cb
fcba
0047
f633
0199
ff22
f67e
f833
ff7d
fffc
fd33
f71c
f8fc
0059
feaa
f8ba
fd1e
f752
00ab
f869
f7b2
f9b0
fc05
ff8e
0000
0022
fedb
0026
fab8
00ea
f720
fdad
02c6
0343
faba
01b3
005c
fbc0
0097
fb21
f967
fe64
0077
f885
fe36
fc86
fc7d
fb66
fd8b
ff40
fd94
fb3f
fd58
fa34
0088
fafd
ff10
f834
fd8c
fe03
fa71
faa4
ffa6
00d7
00bc
fa97
000f
01b9
ff35
00cb
043d
007a
0600
fc83
00c5
00f2
fd49
0091
ff96
002a
fa29
fe07
fca8
f7ff
f50b
f788
f686
00da
00de
000f
00ae
f9d8
0008
faff
f4b1
0098
004b
fa70
fab7
f9c1
0009
fd49
002f
0168
00c8
00c8
ffbd
f9b5
ff88
fcfd
001b
03a6
002f
06cf
038f
00aa
fa5a
fb97
fd47
ff5a
fe31
001c
fb4d
f84a
f4b3
fa79
0015
0072
0077
fcc3
002a
f649
019e
ff4c
f684
f7c7
ffe8
ffd6
fda1
f6c0
f923
00f6
fecf
f8a9
fd75
f795
00cf
f87c
f803
f9a8
fb65
ffe6
0035
0042
fed2
00df
fa80
0106
f742
fd65
0316
039f
faea
01ac
0002
fbc3
0073
fb1c
f969
fe64
008b
f889
fdff
fc92
fc64
fb68
fd96
ff44
fd6d
fb30
fdbc
fa26
00b3
fac8
fefb
f7d7
fda8
fda4
fa30
fb01
ff75
0096
00ce
fa92
0033
01e0
ff33
005e
0446
00f8
0654
fc3d
00d9
00e0
fd32
0067
ff52
00f8
fa5b
fe52
fc88
f80c
f50b
f7a3
f6a2
006c
00d1
ffc8
00ca
f946
00cd
fac7
f4b3
00c4
0066
fa83
fab5
fa2d
0012
fcf1
00df
010f
00cd
00de
ffee
f9cc
ff92
fcf7
0047
0373
0052
070a
0381
00a1
fabf
fba7
fd42
ff91
fde5
00b8
fb7b
f7fd
f4d4
fa6c
004e
0018
0002
fcd8
0039
f590
01c5
ff55
f6e9
f7b3
ff96
ffd9
fd7d
f640
f96b
005e
fe8e
f88f
fdc0
f772
00af
f886
f7f9
f946
fb82
0004
001b
005e
fea7
0084
faa2
0138
f79c
fd1d
0302
0358
fb1d
019c
00bb
fb65
00ed
fb35
f95b
fe3d
0064
f843
fdc7
fcc3
fca6
fb3d
fdb9
ff91
fd89
fb58
fe35
fa3b
00da
fb49
fed5
f7fd
fd90
fd58
fa15
fa96
ffa9
006f
00f7
f9ff
003b
01d0
ff0e
00dd
04b4
0059
0638
fc7e
002c
0005
fd91
005c
ff98
0079
fa39
fdf7
fc8c
f80a
f475
f759
f677
0012
00a7
0008
00f4
f913
0099
fa9c
f47e
00e9
0093
fa49
fa9b
f99c
002e
fca8
0069
0157
00bd
002c
ffe1
f950
ffcc
fcf7
006e
0379
0062
0720
03af
009a
fad3
fb2e
fd9f
ffd8
fe09
006f
fb63
f7cf
f4c1
fa21
0080
00c6
00cd
fce6
00ed
f577
019d
ff58
f6c6
f7b6
ffd4
ffee
fd71
f634
f903
00cc
fe38
f867
fdb0
f721
0010
f8b7
f7fc
f8f4
fb73
fff9
fffb
0081
fe91
00e8
fae4
015f
f799
fd13
0348
03cd
fb3d
01f7
0043
fb26
008f
fb3b
f922
fdce
0047
f7a1
fdcc
fcac
fcc4
fb0c
fdc3
ff90
fd60
fb3b
fe2a
fa61
0065
fadd
fecc
f7f5
fd66
fd3c
fddc
0055
fd8f
ff7e
00cd
00aa
ff26
fb5c
00ec
fc89
fef4
fad4
fee3
00ec
fd7d
ff94
00c8
fd66
fd55
00bd
0066
ff0f
f940
fee6
fab9
0070
0074
00b1
fc70
00af
ffa1
fed8
0005
ff9d
004c
0031
fdcf
fc8e
fef8
fd41
ffb6
fc5d
fda5
ffe0
00bb
fa69
00ee
016b
001d
0008
fead
0013
fd07
fe7d
03c8
fbde
003a
fe6a
fe3f
fd76
fe0c
ffcb
fec1
feb5
fd61
fd5a
fc4b
fe4a
fde9
0124
fd14
fd2d
fffe
ff77
fe28
0053
fe12
fde8
fa48
fe5a
fe08
ff43
fdf0
fd17
01e3
00ab
0060
ff48
0045
fee1
ff78
feb0
0297
0095
fd4f
fdb1
fd08
fdfc
fda9
0054
032d
ff70
fcf4
fd6e
fc1e
fed3
fd3e
fdbb
002c
0053
007e
00b0
ff05
ffc5
0090
fe20
fe61
01ad
fb07
0045
ffd1
0041
ff73
ff6f
ff25
fd4e
ff46
fba3
fcf2
0076
fc46
fed9
019f
0020
fe2f
f75f
018a
fa35
feba
f6a6
fe1e
0139
fb93
fedf
0169
fb61
fb6e
00ca
00ef
fea2
f4d8
fe87
f726
009f
ffbc
00af
f9a2
00a4
feea
fe11
0051
ff73
00a0
00b7
fbf4
fa05
fdc8
fc08
ff67
fa9c
fc85
ff49
01e3
f6d3
01b4
02f6
fff7
00c6
fd89
ffcf
fa9d
fd95
0680
f8d7
0099
fe12
fcb0
fb89
fccf
ffbc
fd9d
fdb9
fbda
fb2e
f92e
fda9
fc39
01ff
fa5c
fb10
003c
fe24
fcb1
00cb
fc4a
fc79
f615
fd93
fcb2
fe82
fca0
fae9
03a9
00da
001c
ff22
00c3
fdf4
ff45
fd85
04cc
003c
faa5
fc05
fa97
fc76
fbfe
0015
04d4
fe7f
fa7a
fb3e
f92c
fddc
fb34
fc29
00b5
00f0
00a4
01b7
fe61
004c
00e2
fcae
fcf0
0370
f799
00b0
ff0d
0015
ff7d
feac
fe56
fbf9
fe69
faa7
fc57
006a
fb64
fdb3
0201
0090
fdd9
f485
0199
f833
fe22
f382
fd6e
010d
fa53
fead
01cd
fab5
f958
0058
0043
fe75
f11d
fe5a
f4c5
010d
003b
0096
f78f
002a
fef9
fda1
0087
ff58
00e3
013f
fa49
f913
fda4
fbbc
ffa7
f854
fb26
feee
0231
f385
02f1
03fd
ffd8
006f
fce5
ff8c
f975
fc67
08df
f61d
0034
fdce
fb9d
fa65
fc22
ff8c
fce6
fd41
fb1c
fa3f
f74b
fcf4
fad7
032d
f8ff
f9c3
0082
fdfd
fc8e
00f2
fc0e
fb1b
f25b
fcba
fc47
fe7e
fb27
f9d5
0451
0049
00de
fee8
0024
fd2e
feb0
fc34
067e
003c
f95e
faa6
f8ed
fb91
fa5a
006a
05a6
fd3e
f90d
fa95
f7cb
fd49
f9fc
fb1d
0025
0071
00aa
02a4
fdb9
0086
0018
fbd7
fbd7
040d
f4ec
0091
ff3b
ff70
fe97
fe66
fe2f
fae2
fe08
f926
fb07
0059
fa8c
fdcd
0267
00f6
fd10
f244
017f
f6a0
fdd9
f0c1
fce8
01d5
f90a
fee5
01f6
f938
f885
005b
00b6
feb9
ee26
fdda
f2b2
00a6
0066
00ce
f641
00f3
fe78
fce1
0091
ff15
00f4
0188
f913
f854
fc33
fb0d
ffba
f652
f9db
ff33
032a
f17d
038c
0477
ffe6
003b
fc0e
ffa8
f813
fbbe
0a9e
f4c2
fff4
fd65
faad
f958
fb20
ff81
fc5c
fc1a
f978
f94c
f5bd
fbeb
f9b0
0331
f7e6
f858
00cd
fe01
fbd9
00e8
fad5
fa61
f07d
fbe7
fb01
fe53
fa3f
f8b5
0560
0083
00b1
ff13
00cd
fc5f
febe
fb99
078d
0034
f7d5
f93f
f819
fb07
f935
0097
06f7
fcf5
f70b
f9a5
f60f
fcbe
f863
fa46
ffaa
0018
0035
02ce
fde7
00dd
00e0
faca
fafc
04fc
f2c0
00e2
ff28
ffd0
feda
fe2a
fda2
f9e5
fdad
f873
fa81
0017
f9ed
fd4f
029b
000e
fd02
f09f
0229
f550
fd9d
ee8c
fc78
0195
f823
fec1
0246
f82e
f79e
0015
00d9
fe7d
ebcc
fdc1
f0f4
00e5
0020
00f2
f4fb
0039
fe56
fcf8
0098
ff50
006b
01a7
f858
f700
fc0f
fa63
ffff
f59f
f8cc
ff16
02d3
efa9
03bd
0545
003b
0049
fbba
ff9d
f7b8
fb33
0c46
f2e7
ffd9
fcf7
f994
f875
fabb
ffa0
fbb6
fba8
f8d8
f885
f412
fb86
f8e1
0390
f6bb
f7bd
00e0
fd6f
fb6d
004f
fa71
f94a
eea2
fba3
fa31
fdfe
f986
f7aa
05d3
00da
00c6
fecf
0040
fc13
fe85
fadc
0874
0023
f657
f87d
f74b
fa78
f8c1
0052
07e1
fce9
f65e
f8b4
f434
fc42
f76b
f9b4
0011
0071
0012
0315
fdb9
000f
00fb
fa31
fa60
05ff
f10b
0029
fede
ff80
fe8c
fde6
fd8e
f930
fd12
f757
fa6a
001a
f9ac
fcf1
031f
0022
fc75
ef23
026e
f4ec
fd70
eda2
fc53
0202
f808
febb
024e
f7d9
f744
00ca
001f
fea8
ea6d
fd7d
efb1
0103
ff99
00e0
f44d
00c9
fe3e
fc6d
00bb
ff6c
00a0
01a4
f7f3
f6f4
fbe9
fa17
0092
f5cd
f822
ff0c
0323
ee71
03d6
05d2
0060
0042
fb27
ffb4
f707
fb23
0d14
f24a
ff59
fcad
f909
f7d6
fa6f
ff60
fb50
fac4
f829
f852
f349
fb6f
f86e
0366
f69e
f6be
0039
fd27
fb43
005a
f9e1
f8b1
ed87
fbcf
f961
fdca
f909
f74e
0639
0070
00de
fecd
002e
fbdc
fea0
fa94
08ae
00b0
f5cf
f81f
f667
f9f8
f8b6
001d
07ed
fc7e
f56a
f896
f331
fbc5
f6c5
f982
003c
0066
00b7
0357
fdfd
004c
0085
f9a8
f9f5
065d
efaa
0070
fef0
ff7d
fe9c
fe3a
fd81
f8a2
fce4
f73c
fa34
0047
f98d
fc90
0375
00b6
fc0a
ee44
02fd
f43a
fd45
ec9b
fc4a
021b
f7ae
fe82
0211
f7f8
f687
00d0
00f8
fe95
e957
fd89
eeed
0133
ffb0
00e4
f443
004e
fd89
fd08
00d6
ff90
0089
0166
f782
f6cd
fb2b
f8e5
0025
f4d9
f811
ff0c
036c
edb1
03d3
0616
0099
003c
fa24
ff98
f6d8
fae4
0db9
f154
fedf
fc4e
f944
f753
fa74
ff12
fb5d
fa67
f83b
f80f
f2d5
fb53
f84e
035b
f682
f701
000d
fcd4
fb75
001a
f9f5
f863
ec46
fb61
f922
fd55
f8ca
f719
05c9
009b
00cc
feaa
00d8
fb4a
ff1b
fa81
0917
005c
f599
f7a1
f601
f9aa
f8d8
ffd8
0843
fc93
f515
f83e
f2b1
fae5
f64b
f904
003c
007c
0042
03cf
fe14
0048
0026
f91e
f9c6
0682
ef78
003e
fe54
ff71
fdfa
fdc3
fd83
f889
fcbe
f6c7
f9a8
0013
f966
fc4c
0361
0081
fbe4
ee11
0307
f3fd
fcfe
ebc8
fc22
022c
f72f
fe6a
0235
f806
f655
0054
000c
fe69
e8e5
fdd2
eebe
00ff
ffb2
00f1
f385
002d
fd8b
fce6
00e6
ff87
00c6
0161
f74a
f624
fb0b
f8b8
005f
f4c0
f79f
ff52
0369
ed06
0400
0648
0095
003f
fa2a
ff96
f631
faea
0e34
f087
ff07
fc53
f94a
f6f4
f9ac
ff0f
fb1e
fa77
f807
f7d6
f228
fb4b
f7f4
0362
f5fd
f681
0026
fc50
faee
00bf
f976
f809
ebcd
fb6d
f84c
fd58
f8e7
f692
0625
007d
00a6
febb
0017
fb53
ff03
f9f7
095a
0031
f4ee
f752
f5d1
f97b
f7dc
0045
089c
fc58
f4cf
f7bc
f1f9
fb04
f614
f8b5
ffcb
00b6
00c2
03f9
fe25
008c
006d
f928
f963
06d8
ef34
00c7
fe4a
ff68
fe8f
fdd9
fd50
f86d
fd23
f6b0
f958
001e
f90e
fb61
0316
00b6
fc4c
ed4e
0305
f2ec
fc61
ea9d
fb94
0248
f656
fe01
027c
f793
f5dd
00bc
00a6
fe4a
e80f
fe56
edcf
00f7
0086
00f4
f258
005a
fd31
fd11
0003
ff8d
005b
01c8
f6e0
f5d9
fb0a
f8b7
0019
f44c
f759
ff35
0308
ebb6
04e6
0660
0019
0012
f9ee
ffa4
f5c0
f9f1
0ecf
eef1
ff04
fc14
f913
f686
f990
ff07
fb02
fb21
f825
f786
f1cc
fb0d
f746
0389
f532
f662
0028
fc75
fa98
0078
f92d
f759
eb18
fb38
f8a4
fd70
f7fc
f62e
05f2
0092
0049
fecd
008f
fb18
feb2
f98d
09df
0050
f487
f6a9
f5f7
f968
f7ad
003c
089a
fc28
f467
f755
f160
fb00
f5f9
f837
0051
000e
007c
0409
fd53
00dc
0087
f8b3
f948
0719
ee43
0011
fea9
ff1c
fe8f
fdb0
fd0d
f8a8
fcd0
f6af
f98a
006b
f971
fb60
02f8
0063
fbfe
ed4d
0334
f254
fc08
e9e3
fb4d
0259
f62b
fe12
0214
f7ba
f559
0063
003a
ff2e
e7ba
fe20
ee93
00ff
0063
0150
f19c
00ed
fcdd
fd41
007e
ffb1
0035
01d5
f6b0
f593
fad5
f8d2
0030
f39b
f6ef
ff48
038d
eb36
04ea
06c5
001c
00da
f977
ff88
f57b
fa00
0f14
ee04
fe3b
fcaf
f90b
f5f9
f9c4
fee9
fae5
faf7
f7d5
f787
f14c
fade
f6d3
0388
f4e1
f685
0052
fb81
fac8
0034
f907
f71e
ead5
fae5
f917
fd6c
f827
f64d
0644
00dc
ffe8
feba
00d7
fabd
ff0e
f957
0a0a
008d
f4b6
f669
f59a
f8df
f7bc
ffd1
08ab
fc39
f3c6
f71e
f126
fae2
f58f
f7f7
002a
0051
001f
0433
fdc2
008c
00ad
f8be
f906
072d
ee26
00d0
fe2d
ff76
fea7
fd48
fcce
f857
fc81
f5f0
f934
00f8
f914
fc34
0324
0016
fbda
ece3
02ec
f254
fbf6
e9c1
fb5a
0253
f61d
fddb
028e
f765
f542
008e
0022
ff03
e742
fddf
ee09
0147
0095
013e
f1c9
0083
fd14
fcdf
005c
ff98
00ab
0198
f6bd
f541
fae7
f819
008e
f30b
f748
ff6b
0418
eaf6
04d0
0640
002f
0051
f999
ff66
f566
f973
0f18
eea3
fdfc
fc96
f959
f5e2
f93e
ff13
fb14
fa5e
f78e
f76c
f17c
fb01
f733
03b6
f493
f6a2
0089
fbd9
fac6
003e
f945
f738
ea44
fa90
f8d1
fd8b
f7cd
f64e
06a8
00f4
00d1
ff56
0073
fac5
fe90
f9b5
0a22
0058
f4d0
f670
f59f
f8e4
f76d
008d
091c
fbed
f370
f701
f0eb
fb44
f54e
f7d0
ffcd
0023
00e2
0449
fdbc
006d
0041
f884
f893
0734
ee0c
003b
fdf5
001e
fe92
fd2b
fcdd
f7ea
fcb1
f59a
f90f
00ef
f884
fbfe
0378
00ae
fbea
ecc0
02cf
f231
fbdd
e933
fb1c
0269
f565
fde8
0364
f770
f571
0045
008e
fea2
e723
fd57
edaf
016c
0040
0141
f117
00d8
fd83
fcef
005f
ffcc
0052
01b7
f68e
f51c
fb52
f804
0001
f2d8
f709
ff59
03da
eb0a
052d
05f4
ffc9
000b
fa2b
ffa5
f4de
f8db
0f63
ee4b
fdba
fcd2
f957
f56f
f92e
ff85
fa80
fa96
f729
f6b9
f140
fb17
f714
0460
f430
f696
00b5
fc3e
fabd
0056
f976
f728
eabf
fa5e
f880
fe27
f6fd
f5ed
065a
0091
0084
ffb4
00c1
fb2c
fdd7
f9d7
0a39
00f8
f3ed
f66a
f574
f92c
f74f
0034
0906
fba5
f2f4
f6dd
f0ae
fbbb
f580
f7ff
003e
004f
007c
04aa
fd8d
0079
00dc
f81d
f910
0763
ecaa
006b
fe15
ffe0
fecc
fd7e
fca6
f85a
fd1c
f564
f909
007d
f883
fbcf
0392
009b
fbb3
ecca
0333
f1e9
fbe4
e945
fb1a
02fe
f56c
fdc1
031e
f777
f509
0007
000c
feea
e68e
fd9b
ed8b
012b
ffc7
0150
f165
001b
fd55
fcb7
00cc
ffa4
005f
01c2
f663
f502
fb3e
f832
0049
f2d9
f6ef
ff11
042e
ea47
0500
06be
0006
0050
f985
ffce
f4ab
f969
0fd9
ede7
fd82
fcbd
f90b
f50d
f951
ff5f
faa2
fa6a
f74e
f6a7
f0f6
fab7
f6af
0406
f449
f5c9
00e0
fbd2
fa42
00ce
f8e5
f728
ea0b
fa4d
f88e
fe0e
f706
f5e1
068a
00df
0026
ff3f
0019
facd
fe98
f974
0a07
0087
f442
f62a
f50d
f8e8
f717
0033
0989
fc51
f32e
f6fe
f071
fb33
f511
f79e
0025
0033
00c2
047e
fd80
00dd
0110
f878
f8e6
074c
ec81
00df
fe13
ff88
fee8
fda9
fca4
f7cb
fca7
f4cd
f852
002f
f837
fbb3
03a3
0033
fb65
ec86
02d3
f18a
fbb4
e902
fb41
0334
f556
fe0d
02ea
f6a4
f50e
00f2
007e
fedb
e5d0
fd89
ed06
0111
ffc0
014a
f13e
004a
fd54
fcbc
00c4
ff96
00f3
01ac
f695
f51e
faeb
f793
00b7
f2ee
f684
ff0b
0449
ead1
0567
06d6
0033
00b6
fa25
ff92
f474
f9d8
1065
ee44
fd36
fc87
f8b2
f53e
f8d8
ff85
fa8f
fa00
f6bb
f6ae
f139
fa3e
f683
0417
f3e4
f516
00ee
fbc6
f9f6
00d6
f8d7
f6fa
e9db
fa3f
f852
fde0
f715
f5cb
06cd
0061
001f
ffa0
00a9
fabe
fecc
f987
0a53
0057
f3dd
f5ec
f570
f8b7
f6a1
0010
0959
fc69
f2eb
f6cb
f071
faf0
f4f0
f797
ffdf
0060
005f
04a8
fda9
0028
00b1
f872
f8c2
078a
ec08
0038
fd98
ff7d
fe99
fd8a
fc6d
f767
fcbc
f4ca
f88d
00f3
f779
fb72
03a7
001a
fb0c
ec5a
02f4
f1e2
fbd8
e95e
fb4a
0300
f600
fe50
028d
f61e
f50c
00cc
0033
ff27
e62d
fd47
ec95
00ed
ffbf
0154
f1b9
003c
fdaa
fc64
00ef
ffb1
0039
01c0
f6c1
f451
fb10
f7d9
0023
f28c
f719
ff34
03d9
ea71
0514
066c
ffcd
0101
fa52
ff30
f3de
f99d
0ff8
edc6
fe23
fd1f
f965
f50a
f8e0
ffbb
fa8a
f9d9
f5e8
f6c6
f0fa
fa6c
f668
042f
f424
f533
007f
fbcf
fa12
00e3
f8d0
f6fe
ea03
fa12
f7c6
fde4
f6ba
f5bf
06ea
00ad
008d
ffd4
0021
faba
fece
fa13
0a0d
0041
f3cd
f5aa
f55d
f8ef
f69a
0045
0938
fcb9
f277
f6f8
f0b4
fb30
f50a
f7c4
ffbd
0051
00f0
047c
fe00
00b5
00d5
f8d3
f8e5
07c2
ebf8
00e0
fdd5
fff4
ff37
fd62
fc96
f788
fce8
f50a
f8c1
0098
f7c2
fae6
0379
00c3
fabc
ebe1
032e
f156
fbe9
e8ed
fb35
0230
f677
fec0
023a
f65f
f465
0103
0027
ff48
e633
fd6b
ecb2
00a0
ffec
017b
f1ef
00a8
fd5f
fc4b
0050
ffa4
00d1
0223
f62b
f454
faae
f830
0081
f27c
f77d
ff19
0407
ea54
0520
070f
0022
00c4
fa4b
ff48
f424
f9c8
1056
ed7a
fe02
fd49
f920
f503
f8c8
ffc4
faa8
f9fd
f5f1
f730
f0e2
fa30
f61a
03c1
f41a
f4cb
0098
fac5
f9d9
003a
f8ac
f673
e912
fa63
f7af
fd94
f673
f5a4
0754
0121
0041
fffd
009f
fafb
fed1
f9ec
0a6a
004f
f3e1
f593
f51f
f879
f656
0010
08f6
fcd3
f258
f725
f064
fa67
f4f8
f7cd
ffce
008b
0060
0476
fe38
005c
00d8
f8ce
f8a3
07ec
ec20
0020
fd45
ff85
ff50
fd6a
fcd6
f791
fc5a
f509
f883
0054
f76d
fa9f
0316
004a
faad
ebc8
03d7
f11c
fbe6
e88e
fb3f
0254
f661
fe67
0222
f643
f496
00f7
0074
ff53
e60e
fdd0
ed63
00d1
ffae
016e
f227
000b
fd9e
fc88
0047
fff9
0019
018f
f698
f3e2
fb6a
f7f6
005a
f2a3
f73d
ff30
0392
e95a
04eb
0736
0042
00a1
fa21
ff5a
f40e
f941
1055
ecf2
fe44
fcf8
f957
f501
f8f0
ff84
fb1b
fa72
f695
f70e
f0c5
fa1d
f64c
039b
f446
f4e7
0072
fb22
f9b8
009b
f8da
f6b9
e8da
fa42
f7f5
fda8
f6a0
f5be
06dd
012f
ffc0
ffa8
0024
fade
ff35
f99c
0a05
007b
f3d8
f575
f55e
f88e
f6e1
003f
0967
fd3c
f2f9
f6c0
f0a8
fa99
f526
f782
ffe5
00d7
000b
0484
fdb2
00a1
00db
f919
f86e
07f5
ec42
0073
fd9f
ff96
fed3
fd73
fcbc
f78b
fc9c
f4f1
f8e3
0090
f7d2
fb17
02e7
000a
fb35
eb9c
0397
f1fa
fbed
e7f1
fb80
02b4
f654
fe8d
0220
f67b
f4d7
00ec
00f2
ffb2
e5e3
fdbe
ed94
00e6
0000
0170
f1e3
0028
fd47
fc3c
00a1
0009
006e
00f4
f68c
f414
fb0e
f76b
0085
f294
f715
ff3e
0411
e982
051c
0705
0027
0025
fa08
fedf
f3f2
f93b
1020
ed3c
fe3a
fca2
f929
f527
f8d3
ffdb
fb1e
fa73
f637
f745
f0fc
fa4f
f64d
0352
f45e
f51a
00c4
fb42
f9d0
00e7
f88e
f70d
e8f1
fa19
f755
fdcf
f6c4
f5af
06ef
0111
005c
ffe9
003b
fad7
ff23
f977
0a0d
003d
f39b
f56d
f595
f888
f652
0091
08e0
fc02
f261
f68a
f056
fa68
f542
f7b7
0051
00de
0045
046b
fdce
00b1
00c1
f8ea
f7d6
0801
ec95
005b
fd57
fff5
ff34
fd7d
fc67
f7fa
fcac
f562
f91f
0057
f7f7
fb8b
0307
0082
fb92
ebdf
036c
f246
fbf6
e816
fb95
02fe
f60a
fe5a
0263
f714
f4bb
0109
00c3
ffc9
e5a4
fd8d
edb9
00ef
008e
014a
f163
0091
fd34
fc45
00e3
000c
0090
0148
f629
f3fe
faa5
f806
005c
f21c
f746
ff29
0470
ea00
056f
072b
0011
00de
f995
fee3
f407
f8fe
1016
ed49
fe4e
fca4
f8fa
f4f2
f96b
ffa4
fb45
fab6
f654
f72c
f10d
fa50
f631
0390
f459
f548
00e5
fbe6
f9c9
002b
f8d0
f709
e973
f986
f79c
fdf5
f60a
f5cf
06e9
0166
00e4
ffca
0091
fa91
fee6
f985
0a6b
004e
f3cd
f583
f555
f8c5
f659
00de
0907
fbc2
f177
f656
f0b3
faa6
f53d
f77e
0077
00ed
0016
0452
fdfa
00ed
00b8
f874
f7ae
081a
ec7d
0031
fd66
fff6
ffa4
fd88
fc2b
f7c8
fcde
f494
f8ed
0057
f81d
fbc9
02f0
0073
fb7a
ec08
033d
f1ce
fbe2
e806
fb4d
033f
f52b
fe78
02b5
f6f7
f4dd
0079
000d
ff5d
e53c
fd9c
ed25
0128
00b3
0156
f0ee
003b
fd20
fc36
00d9
ffd0
0079
0101
f604
f403
fb05
f7aa
0054
f165
f6df
ff0b
04d8
ea23
0595
0725
003b
0016
f9ad
ff34
f39d
f877
10a8
ee46
fe71
fba6
f900
f501
f8eb
ffc2
fad9
fa82
f722
f6d9
f143
fa54
f634
03b0
f3de
f52c
0043
fc1e
f998
0029
f8b6
f70e
e8e1
f9c9
f854
fdd9
f69c
f56d
072b
0151
0097
0004
0031
fac2
fea7
f9aa
0abf
0033
f3b2
f555
f585
f8cd
f684
000c
092a
fb7c
f1af
f613
f02d
fa8d
f50d
f75f
007a
00c7
00d4
0451
fd53
00ea
0083
f866
f7cb
081f
ebe7
0055
fdc8
004f
ff54
fd59
fb92
f753
fccf
ffbb
fe27
009e
0051
fd15
ffbd
007a
fec5
0008
0001
fdfc
0028
ff54
003a
0060
0044
ffc9
0095
ff9b
fef6
0083
0063
006f
fc7b
00da
0005
ffdf
fe84
0065
ffc5
ff4d
002f
ff54
00b7
fff9
0039
ff92
0010
00b9
00b4
ffc2
0084
0025
0028
0015
0091
fd65
00f5
002b
004d
0029
00ab
0013
0018
ffd7
0115
fdf8
fed8
0088
ffd4
ff9e
0003
ffa7
0097
ffca
0009
0092
0047
ff1a
ffc5
00ba
0092
ff3b
ffad
ff7c
ffa4
ff65
002c
fe88
fd88
feeb
0060
ff4c
ff14
00a7
001d
0032
ff3c
ff90
ff96
fe5f
0096
ff51
00b1
005b
009c
fe75
ff71
0003
feef
ff90
0034
00e0
0067
0026
0056
ff7e
fff1
fe85
feaf
0072
fffe
0060
ff5a
0032
fe4f
005f
ff36
0059
ff32
ff13
ffab
ffd5
fd0f
fe0e
000a
fe9c
ff16
ff54
fd32
00f5
0032
fb5a
ffa7
00ce
fdd2
006c
00f5
fcef
0017
ff50
0085
0061
0029
ff84
00e5
ff16
feaa
0005
00a0
0081
f9db
0084
ff4d
ffbd
fdf3
0091
ffb3
fe73
005f
ff03
0032
0023
0080
ff9e
003c
00f5
0032
ff70
00df
003b
0072
0033
0032
fc1f
00c2
00ed
0027
fff6
007e
0020
003b
ffd6
019f
fd2e
fde1
000e
0004
ff1d
0018
ffd0
00f0
ffc6
00ed
00e4
00dd
fe99
ffb4
0060
001f
fea2
ffd5
ff27
ff8b
feda
00b7
fd53
fba3
fe1a
00d1
ff14
fe21
00e5
ffea
0062
ff19
ff74
ff4b
fd59
00a3
ff46
0064
007e
00f3
fd51
ff5f
ffff
fdca
ff20
0058
0078
00ac
003e
0088
ff6f
0050
fd8d
fdee
00a2
ffd6
00a4
fec7
0054
fd19
0054
fe9e
00ab
fe7a
fe6d
ff6c
ffae
fb2c
fcb2
000b
fd89
fe87
fef0
fc96
0074
004e
f9f0
ff5c
00e6
fd06
009f
0095
fc20
0018
ff4f
0098
008c
fff2
ffbf
00c7
ff0b
fe44
003a
0099
00a5
f803
0012
ff41
ff60
fd58
0099
ffd0
fdfb
0076
fe8f
00ef
ffff
008d
ff74
0021
0121
008f
fee3
0058
fff8
004e
0055
0012
fb6e
009d
009f
0045
ffdc
0045
00f4
003c
ffd5
01f9
fcbc
fcf5
0099
003d
fed1
002e
ffb9
0027
ffe8
00b7
0019
0049
fe0f
ff9a
00a8
009f
fe4d
fff4
fe9f
ff74
fea5
0014
fccc
fa1f
fda9
00f9
fec4
fdb5
00f5
fff6
009c
feb9
ff56
ff17
fc9d
00b3
ff01
00eb
009d
0120
fca0
ff2d
ffbc
fd09
fef4
003a
00f2
00e7
0023
00bf
ff1d
0083
fce1
fd75
00ea
ffd8
00af
fe84
0058
fc75
0074
fe20
00c6
fe04
fde1
ff53
ffaa
f9a8
fbfd
0004
fcbe
fe43
feba
fb97
0031
0071
f800
fec6
0098
fc1d
0008
007d
fb4c
000c
ff79
00ac
005d
0059
ffc5
00df
ff1b
fdad
00af
00d1
0020
f614
00ae
ff72
fee6
fcc2
00aa
ffe8
fd8c
0099
fe90
00b2
0001
0056
ff11
0024
0120
0016
fe98
00c9
0062
0062
004b
00d4
fa58
0088
00d6
001f
ffec
0009
011a
0049
ffb5
02f3
fbf3
fbf5
0057
ffc9
fe5a
005c
ffa4
006d
ffe2
008b
0096
008e
fd31
ff6f
00e9
0083
fde0
fffd
fe68
ff22
fe97
0061
fbd6
f918
fcc8
0147
fe6f
fcf6
0001
000f
0058
fe41
fe8a
fecf
fba3
0110
feb5
0066
0103
0194
fc1c
fe7d
000c
fc6d
fe7a
0005
00c7
00ee
005e
006b
fede
00db
fbbb
fcd1
0069
ffb4
00c1
fe3a
007a
fbd0
00f7
fdc1
00d6
fd39
fd2d
fefc
ff9b
f7c1
fb66
ffe8
fbe0
fd81
fe33
fb0a
0009
00b5
f784
febb
0008
fb9b
005c
004b
fab2
ffe2
ff12
00c3
007e
001d
ffdb
0033
fec5
fd40
0009
00c8
0087
f520
008e
ffd8
fed6
fc79
00ab
ffcb
fd3b
0081
fded
002a
ffb5
00be
ff4b
ffcd
017c
00b7
fe73
003a
0012
0019
0046
0093
f9ee
004f
00d9
0051
ffb6
00c8
00cd
0031
ffaa
031f
fc05
fb48
00c3
ffcb
fe3e
0033
ff68
00a3
ffcf
0044
00f0
00f6
fcc5
fef9
0001
0006
fd99
0027
fdec
feee
fe7a
0057
fb9b
f80d
fcc0
015e
fe51
fcf7
005f
0002
00c5
fdfc
fef7
feae
fb41
013f
fe7f
00bf
0105
01e4
fb91
fe63
ffba
fbfb
fe91
00bc
0034
00d0
002c
00a9
fe98
008c
fb6b
fc7a
00e6
ffdd
00fc
fe8b
0073
fb39
010d
fd75
00f0
fd2b
fcc7
fefa
ff94
f6ca
fad7
ffbc
fba4
fd5b
fe06
fa98
001c
00f0
f69b
fe54
0099
faaf
00d3
0054
fa16
ffba
ff4f
00de
0046
0059
ffc8
007c
fe8a
fce0
0030
00b3
009f
f47c
0007
ffbe
fe7c
fc5d
00ac
ffca
fd69
00ab
fde3
00bb
ffd9
00a9
ff44
fffb
00f4
008a
fe4b
0070
0020
ffeb
0068
0058
f91e
0019
0099
0012
ffe1
002d
00d3
002b
ffc2
030f
fbb1
fb8a
009a
ffd5
fde0
0043
ff5a
00cc
ffe8
0032
004a
008a
fc73
fefc
0044
0098
fdd3
004f
fd98
fec1
fe4d
003d
fb59
f77e
fc3e
0175
fdfd
fd10
00ad
000a
009a
fdd0
feab
fe6e
facd
0114
fe75
00d7
0160
020b
fb5b
fe0e
ffd3
fbd4
fe68
0024
00c3
0007
0019
00ee
fedc
00a6
faf2
fc3b
008a
ffca
011c
fea3
0081
fae0
0155
fcf1
000b
fcf8
fc90
fecc
0017
f601
fa4a
ff81
fb5b
fd28
fdc1
fa4d
0087
0065
f711
fea4
00ec
fb02
00cb
0021
f9a1
ffa5
fef1
00f3
0049
0030
ff70
00ee
fdd4
fcf6
005e
0085
0085
f439
0015
ff00
fe9b
fc60
000a
ffa0
fd44
00d5
fde7
00ca
fff2
0012
ff84
002c
00e5
007d
fe81
00ae
ffe4
0038
0069
00f2
f8fc
00eb
0034
0013
ff7d
00ee
00c4
002b
ff78
02fe
fb85
fb9c
0031
ffea
fdd9
0008
ff5a
0032
ffda
00e2
00f6
0039
fc97
fef4
002b
00ca
fd7c
0058
fdcd
fe6c
fe28
0093
fb1a
f6eb
fc67
0162
fe15
fd12
0011
ffb1
00b4
fe38
ff30
fe85
fadc
0110
feab
0050
0136
01fd
fada
fe41
ffec
fb8b
fe85
003c
003f
004d
0020
0010
ff06
00d7
faf7
fbf4
00c1
000d
014c
fe83
00a7
faaa
00e3
fcb8
0082
fd1f
fc98
fee6
0024
f630
f9e0
ff91
fb30
fd64
fdd0
f9fb
0040
00a1
f5fd
fe23
0056
fa74
000e
0023
f92d
ff9a
ff04
00f0
005d
0048
ff93
00d9
fdf3
fc73
00b8
00a1
00c0
f305
00f1
ff06
fe86
fc41
0048
ff9f
fd03
0098
fdd8
0096
ffb7
000e
ffb6
ffff
013f
00e2
fe6d
0031
ffcf
0005
0071
0092
f826
00e5
005f
002a
ff82
005d
00d4
0030
ff3c
036a
faea
fb5c
00bf
0016
fdbb
0015
ff5d
0095
ffeb
00db
005c
0078
fc36
fea8
0071
0072
fd5d
0031
fdbd
fe61
fe4b
0088
fa8a
f5c2
fc00
01c8
fde5
fce8
0098
ffc2
00c6
fe12
fede
fe6f
fa7d
0154
fe6e
00e8
01b1
024f
fa92
fe14
0002
fb50
fe40
0034
001e
00a9
0054
00b5
feca
00e2
fa76
fba2
002a
ffd0
016b
fe35
00ec
fa82
013c
fc87
00a5
fcd4
fc45
ff0e
0011
f506
f994
ffb3
fabf
fcd9
fdbc
f9ba
00c6
00b1
f508
fdd7
00a6
f9da
0049
0050
f8e9
ff74
fefa
0087
0040
0091
ffca
00ad
fdfa
fc1b
00ad
00b9
0018
f2a4
006b
ff70
fe7d
fc13
0093
ff99
fce8
007a
fdf2
002f
ff8f
0018
ffab
ffe7
014b
00a9
fe50
0089
ffaa
ffd0
008e
0009
f788
00c4
0061
006b
ff93
00d1
00cf
000b
feda
03a3
fa64
fb50
0018
002e
fdb8
0013
ff5e
00b0
0002
00c2
0025
009c
fbd8
fe79
00e4
0028
fd5e
ffca
fd8e
fe89
fe6c
0083
fa22
f553
fbf1
01d2
fd97
fd07
00c5
fff0
00e2
fdb5
fe68
fe99
fa84
0198
fe1a
0070
01f5
028b
fa6e
fdcf
0000
fb44
fe13
002d
00ec
00a7
0076
0040
fea7
00e7
fa11
fb29
00c4
ffab
016d
fe14
00ea
fa49
0168
fc6f
00d5
fc87
fc05
fef5
0068
f449
f95e
ffba
fa55
fc90
fdef
f967
0051
00f2
f4d2
fe03
006d
f9e2
00c8
0054
f8df
ff7b
fef2
009b
0059
00c7
ffc5
0012
fde7
fc4a
00f7
00d3
0069
f293
0040
ff16
fe9b
fbfc
00bd
ff64
fcc9
0084
fdee
00d1
ffd0
0039
ffbc
0002
014c
0001
fe1f
0021
0048
fffe
007b
00dc
f7e2
009c
0074
0061
ff9a
0086
00db
0001
ff11
03f4
fa64
fb1f
00aa
ffce
fdb6
ffec
ff4d
0020
ffb9
005f
0008
00e5
fbe9
fe8a
0067
0008
fd08
ffc2
fd93
fe6a
fe38
007b
f9d3
f5ad
fbd6
01f2
fd64
fcc8
0016
0007
0096
fdeb
fe65
fe9e
fa1f
01b4
fe18
0020
01d6
02bf
fa1f
fdb0
ffe9
fb34
fde9
002a
00b4
00d3
0077
00a6
fe90
00ab
f9e0
faed
0032
ff85
0155
fe02
00d2
fa0d
013d
fc32
00e6
fc64
fbf9
feb0
0055
f445
f93a
ffa7
fa10
fc7a
fe34
f932
00e2
00ab
f49d
fe20
008e
f9fb
0007
000f
f8f5
ff74
ff08
0083
0052
0094
ffb6
0054
fdfd
fc45
001e
00a8
005c
f28b
00e6
feeb
feac
fbdb
00ee
ff85
fce3
00af
fe74
004c
0006
0076
ff3f
0027
00f9
00cd
fdfa
00a6
fffc
003b
0080
004a
f80b
0040
0042
009f
ff83
001e
00f1
0012
fec7
042d
fa86
fb16
0004
0003
fdcc
0000
ff1c
0087
ffca
002d
00b9
0014
fbbf
feb7
00c9
009e
fd0f
ffe0
fddd
fe80
fe4f
00a5
f9bb
f587
fbd4
01b9
fd47
fc7d
0046
0012
00ae
fdf8
fe7b
ff15
faa4
0198
fe99
00e7
017d
02bb
fa53
fd51
ff9e
fb3e
fdb1
0008
006a
0090
00aa
00ec
fe59
001e
f9c9
fab0
008b
ffbe
0157
fe08
00d7
fa18
0113
fc81
00b3
fc0a
fbf0
fe4c
005e
f45c
f97a
ffd9
f9c8
fc95
fe38
f924
0050
00db
f4ba
fdf8
00d4
f9c1
00a5
00ef
f91b
ff9c
ff29
00a4
005a
009d
ffc5
0074
fe33
fc6e
0039
008b
0083
f278
004f
fee6
fe87
fbe8
0003
ff7f
fce0
00c9
fe87
00c2
0000
007b
ff15
0070
00e4
007f
fde4
002d
fff3
0008
00a9
006f
f83c
0003
0024
0087
ff60
00b8
00e7
0034
ff29
03f4
faf2
fb38
0097
001e
fdd2
ffd2
ff11
00ae
ffc6
001d
000d
00b3
fbae
ff0e
00e9
0027
fd28
001b
fdd7
fe31
fe10
008e
f9ee
f5bf
fba3
0192
fd33
fccd
00a0
003e
00a0
fe16
fe8b
fef6
fa7b
0175
fe6c
0068
0179
027d
fa85
fd4c
ff6b
fb21
fdaf
0013
0007
00a3
0099
000e
fe6f
0043
f9c7
fabd
0006
ff8a
014b
fde8
00ef
fa38
0113
fc79
00ca
fc06
fc0f
fe4e
0005
f476
f98d
ffce
f98b
fc8b
fe25
f925
0040
0002
f4a2
fe14
003c
f9ba
00ea
00d1
f8eb
ffb6
fedc
00d2
0071
00b0
ff98
00c5
fe41
fc45
0057
0047
0061
f23f
00f5
fef7
feb8
fbab
002d
ff65
fd10
00f5
fe52
0009
0030
0079
fef0
0068
0070
001c
fd9c
009e
fff0
ffe9
00c1
0025
f7a6
00d0
0031
007f
ff70
0045
00e9
002f
ff53
03e4
facc
fb58
0020
001b
fdbb
ffc1
ff24
0006
ffb7
00ef
009e
004f
fbce
ff2e
003b
00ac
fd46
001f
fd9f
fe3f
fdd8
005b
fa13
f5b6
fbb0
0161
fd1c
fcd5
001c
0030
00b9
fde6
fe75
fed8
fa5a
0182
fe5b
00d4
0172
0294
fa85
fd5a
ff28
fb4b
fd99
00e7
00ab
009f
0076
0047
fe5d
001e
f9d4
facd
00ac
ffaa
0168
fe29
00a8
f9ed
010b
fc40
00d9
fc10
fc32
fe06
0036
f4a1
f995
ffaa
f9ac
fcda
fe8a
f900
0077
003a
f492
fdee
009c
f9fb
00d0
0096
f8e5
ff98
ff11
00bc
009a
00d7
ff88
00dc
fe21
fc50
009c
00d5
00ce
f258
0044
ff10
febb
fc14
006f
ff41
fd38
00e0
fea1
00a8
ffec
009f
ff0c
0074
004e
0023
fe1f
00d4
0027
0026
00aa
00eb
f7f2
0076
00ba
007b
ff82
0096
00cf
0018
feff
03ce
faba
fb16
007e
0007
fdea
0003
fef2
0079
ffae
00a8
0029
0088
fbba
ff35
0098
0013
fd61
0003
fdf2
fe0f
fde7
007a
f9e8
f62d
fb85
0160
fd48
fcba
00ba
0074
009f
fe26
febb
ff5d
fa6e
0134
fe55
0067
0130
0252
fa62
fd63
ff43
fb3d
fdc5
010c
006a
00ad
0072
00b9
fe60
0063
f9ca
faaf
00f1
ff70
014f
fda2
00f3
fa44
0111
fc77
00e5
fc06
fc41
fe4e
fff7
f475
f92f
ffe4
f9b3
fc69
fe1c
f90d
00eb
0042
f489
fdd9
00a2
f9ec
0007
0080
f90d
ffac
fed9
0057
0095
00b0
ffce
00dd
fecd
fc49
00a4
006e
0018
f229
0014
ff5e
fee8
fc36
00bf
ff34
fcf5
00dd
fefd
00f8
ffe8
00d7
fedb
002a
0088
0013
fdf0
005d
ffa2
ffb4
00e1
007d
f7af
0058
00b5
00c9
ff67
0007
00d1
0012
ff12
0427
fabe
fa8b
0087
0007
fdd2
ffc9
ff1c
00a9
ffe3
0068
009c
0080
fbc1
fee8
00e0
00d6
fd6d
000c
fe06
fe2a
fe34
00bc
fa0f
f5a4
fbe0
013b
fd6b
fcc0
00b9
005a
00d9
fdef
fecd
ff5c
fa95
0153
fdf6
0011
0136
0249
faa0
fd72
ff67
faed
fdbd
00f1
0037
008e
007f
0025
fe5a
0072
f99d
fa69
0017
ff78
016a
fd8c
00eb
fa65
00f9
fc88
00e0
fc05
fc43
fe33
ffea
f47f
f97b
ffcf
f982
fc8f
fe4b
f8e5
00a1
0096
f4bd
fe14
001d
f9a9
0035
00a8
f8fb
ffdd
fea6
0080
00c2
00b8
ffb3
003f
fe9d
fc4b
00b2
004c
006b
f22b
00dd
ff4e
fef8
fbff
00c7
fefe
fcf2
00ca
fec3
0025
0002
00df
fecd
0042
0045
00cf
fdce
00be
ffcc
ff75
00d2
0047
f76c
0013
0095
00b9
ffa4
0089
00fb
003b
ff39
0414
fac8
fa9e
009e
ffd0
fe06
ffb2
ff01
0003
ffb8
002d
0010
00d9
fbe4
ff01
000a
0031
fd51
ffe5
fde6
fe1e
fe36
007d
fa32
f59e
fbb4
016b
fd48
fd01
0021
0068
00cc
fdba
fe8c
ff3e
fa43
017c
fdee
00a9
014e
0255
fa97
fdb8
ff54
fb09
fda8
00f0
00cf
0007
0051
006a
fe52
0026
f98e
fa52
0095
ff7e
01a7
fda7
00d2
fa66
0100
fc4e
00f7
fc6b
fc68
fe2b
0012
f465
f912
ff9b
f995
fc89
fe62
f8ab
002c
008e
f4f1
fe44
0078
f9bd
0060
006b
f8bd
ffe9
fed0
00b7
00c3
006d
ff87
00bf
fe64
fc4f
00eb
0045
006e
f210
009d
ff0e
fefd
fc0f
00f7
ff16
fd0b
00e2
fee5
00a7
ffe9
0046
fec7
003c
003d
00ae
fe2e
0008
ffa6
ffc7
00c0
004c
f7de
00b3
005e
00bf
ff8c
00d2
0121
002c
ff19
0423
fb1a
fa7e
00ee
ffda
fe05
ffd3
feb6
007b
ff84
0014
00a3
0049
fbea
feff
006a
008a
fd2e
0040
fdee
fded
fe27
0099
fa24
f545
fbb8
016f
fd6b
fcc1
008b
004e
00d8
fdf0
ff0a
ff80
fa5f
0150
fe6d
0018
0105
026a
fa7a
fda4
ff39
fad0
fdbf
00da
007b
001c
0052
00a9
fe40
005b
f995
fa45
00c7
ff9e
01c8
fdd1
00e6
fa3f
00f6
fc57
00e2
fc4f
fc2d
fe1b
ffda
f45a
f903
ffaf
f9a2
fc99
fe3b
f8e0
00b3
008e
f5b7
feb7
00dc
fa38
00ef
0043
f937
ffed
fec7
00cc
00d8
0049
ff62
00f2
fe27
fca7
00ee
0037
00a3
f270
0069
feb8
ff22
fc57
00e2
fef4
fce2
00e9
ff01
00a2
fff2
00c9
ff26
0041
004c
0051
fe4a
008c
ffc7
ffd5
009a
0034
f882
004b
0025
0094
ff4c
0054
00d3
0031
ff42
03cb
fba4
fab4
0001
ffdf
fe20
ff9a
fefa
0011
ff85
00b8
0011
00c6
fc46
ff26
00b9
00e8
fd41
005b
fe5e
fdfd
fe0a
0095
fa7d
f59d
fbf7
016e
fd8d
fd0c
00c4
0039
00d1
fe88
ff39
ff60
fa7a
012e
fe68
00e0
00de
0206
fa95
fe04
ff75
faea
fddd
00c5
00ca
0072
0000
00d4
fe7d
0072
f9df
fa65
002d
ff96
0190
fd92
00ef
fa91
00aa
fc31
002a
fcb6
fc71
fe91
ffd7
f51d
f91c
ff89
f9b9
fcbf
fdf8
f953
008a
0098
f587
fe58
00e1
f9d3
00be
0028
f951
ffea
ff1a
00c9
00cc
0044
ffb0
00f0
fe6b
fcca
0019
0059
00a6
f289
00a7
ff36
fee0
fc4f
00ab
ff57
fd2a
00da
fe56
0051
ffe5
00d5
fed7
0012
0061
00ce
fe0d
00b7
ff96
ffd7
0098
00f3
f8b2
00f4
00d4
00ae
ff8d
00f7
009c
0000
ff39
0354
fbf1
fb0b
004f
0033
fe15
ffee
ff2d
0031
ffb8
0042
007d
00f2
fc1e
ff2a
00c2
003e
fdaf
005b
fde4
fe14
fe1c
00b3
fab2
f5e5
fbff
0153
fd82
fd18
00d2
0023
00de
fe03
ff0d
ff23
facf
00f2
fe9c
00c5
00db
01f4
fae0
fdfd
ff6f
fb16
fdd3
00f3
003f
005b
ffff
000c
fe82
00a7
fa22
facd
00c5
ffa5
0160
fe4d
0098
fa75
00d7
fc90
0073
fce4
fc79
fe4b
002b
f4d4
f92b
ff75
fa16
fcd8
fdf5
f962
0058
00bd
f57c
fe52
0082
f9cd
0026
0024
f978
ffde
ff25
00f4
00c3
008b
ffb4
00ef
fecf
fcc6
005f
004f
0001
f288
003a
ff28
fea7
fc67
0077
ff4f
fce9
00c9
fe3c
00f5
ffeb
00b1
feef
000f
00ac
00ec
fdec
001f
fffe
ffb1
0097
009b
f895
00a3
00ac
007b
ff5f
0066
00ae
0023
ff6c
035c
fc0a
fadd
00b7
0013
fe19
ffcf
ff4a
0075
ffcc
00de
00b7
003b
fc16
ff23
00dd
0013
fd64
005e
fdcc
fe32
fe33
009a
fab0
f633
fbbe
0183
fd9f
fcfc
002a
0007
00da
fdfb
fe98
fee0
fa7b
0124
fe81
0034
00f0
01f0
fafe
fe19
ff93
fb19
fdba
0090
00c6
009e
0013
009a
fe7c
00a0
fa05
fb24
002e
ff86
0140
fe2b
00b3
faae
00ef
fc8d
0080
fd02
fc79
fe82
fff0
f4b2
f965
ff6c
f9fe
fc9f
fd63
fefd
0071
fed2
00a5
ffa8
0061
01a7
febc
00a8
0033
007e
fc32
00c1
ffb6
fe3f
ff6f
ff2b
feb4
fd87
fdc3
fe1f
fe70
fea1
ff44
faf0
0043
fe7a
0054
009c
fe71
ff81
ff19
0107
00f6
fe17
00b9
ffba
fe27
fdc9
fd05
006c
fc79
fea7
003e
0089
001a
ff7e
ffd7
0140
00ea
fff9
00f8
ffaf
0052
024b
ff9c
ff02
fcde
ffe2
0025
fd9b
ff5e
ff1c
fd46
fd1a
ff00
fee4
0180
fdbb
fdd1
fdf8
fe5c
fef1
fdad
fb32
ff5a
ffb9
ff67
fcff
ff90
fb26
ff3e
ff8d
fdb2
0030
fa49
006f
0035
ff3b
00d9
fe17
fed3
004d
fe4a
f9f1
ff83
0008
fdf2
ff76
fbac
017c
ff62
fdc3
fde1
fc10
fd48
feef
fc57
0060
fd41
0017
fc7e
00ad
fe41
0089
fd2e
fe75
0052
ff92
004b
fda6
fe80
008e
fe1f
feea
fe33
fff8
fbbd
fdc9
0094
fddd
0170
ffb7
008c
02cc
fd92
016c
002d
00d4
f96e
0059
ff2e
fd6f
ff41
fe48
fda5
fbfe
fc7a
fcd4
fddd
fd25
feb1
f69d
0097
fd56
00cd
009b
fd82
feaf
feef
01f9
00bb
fd0a
008e
ffac
fcf7
fc3b
fac6
00c6
fa12
fdac
004b
005f
ff8f
ff76
ff8d
01df
00b3
ff4f
0201
ffac
00ba
03cb
ff08
fdc7
fa25
ffa1
0077
faf6
fe8e
fe9f
fb64
fa6d
fe2d
fddd
02b6
fc62
fc19
fd1a
fcf0
fe3a
fc95
f6d2
fef0
ff36
fecf
fa82
ff51
f809
ff26
ff4b
fc03
004a
f6c5
0011
00af
fead
002b
fcbd
fdba
00aa
fd96
f554
ff32
0009
fc63
fed9
f8be
02c9
ff44
fc0a
fc81
f978
fb8b
fe59
f9ad
0006
fb47
0029
f9bd
000e
fd59
001c
fb1e
fd1c
00d8
ffa7
0067
fc09
fc70
011f
fcc3
fe4d
fca4
0033
fa7f
fd4c
00d9
fcf4
01c8
ff52
00b6
038c
fd0a
01ea
0000
0163
f75a
00c3
fea8
fc61
ff16
fd57
fd0d
fae5
fabc
fb5f
fccb
fc4d
fe26
f3cd
0088
fd1d
00b5
000b
fca0
fe2a
fe46
028e
00cb
fb99
0094
ffd8
fc45
fb7b
f939
00ff
f85e
fc33
00b1
0037
ff04
feda
ffed
02c3
0103
feed
02d8
ff6b
0039
0542
fec3
fd44
f854
ffb3
00d3
f9c7
fe2c
fe0a
f9e6
f94a
fd6a
fd9e
03d4
fb6e
faad
fc2b
fc14
fdd7
fb2b
f43a
fe21
fefe
febf
f911
ff80
f5d4
fe76
fefe
fa12
0048
f347
007e
006c
fea4
00ba
fc1a
fce0
00a1
fc37
f1d4
ff72
004e
fb55
fe6f
f615
03e3
ff49
faaf
fb73
f681
fa12
fd30
f7ae
000b
f9bc
0031
f71e
005b
fc20
ffc6
f9cf
fc48
0153
ff2c
0071
fae3
fb09
013e
fc29
fde4
fb82
fff7
f911
fcb4
006e
fc5f
0209
ff5c
0085
03f0
fc9a
0238
ffa5
017a
f5c1
0072
fe94
fc15
feec
fd1d
fc6f
fa54
fa77
fb27
fc5b
fba6
fe21
f1a8
000a
fcc9
0028
00ac
fc80
fdb8
fdc8
02ca
0080
fb94
0072
ffd0
fb9e
faef
f7e8
0100
f74e
fc58
00e2
00ba
ff4b
fee4
ff8e
0338
008c
fefd
0366
ff6f
0023
05b6
ff35
fc9b
f6f3
ff3b
00ef
f83f
fded
fdcf
f8d0
f818
fd19
fdeb
0458
faad
fa2c
fb64
fb8a
fd6a
facb
f1e9
fdc1
ff01
fe56
f858
ffea
f418
fe78
ff0b
f955
001b
f1a5
006b
0152
fe62
0079
fb35
fc68
0117
fbbb
ef1f
ff06
005d
fafd
fda3
f483
0476
ff0c
f9b3
fab5
f540
f946
fd46
f6a7
ffb0
f8f2
0097
f605
006e
fb72
ff97
f889
fb9a
0141
fefb
006c
f9e3
fa0f
0135
fb07
fd8a
fb4c
0041
f8eb
fc89
00ba
fc5e
01fd
ff3a
00bb
0415
fc25
0232
ff99
01cf
f557
00e9
fe40
fb33
feba
fd09
fc69
f97a
f976
f9ff
fc03
fbc1
fdb0
f02a
00c3
fc86
0091
00b0
fba5
fd6f
fe34
0314
009f
fad5
0042
ffd5
fb86
fa66
f73d
0132
f62d
fb9f
0017
0061
ff1a
fea7
0001
0397
003a
feb1
03ab
ffc3
0065
0678
ff12
fc92
f5f8
fea7
0017
f748
fdcf
fd77
f872
f716
fca5
fd75
048b
fa4e
f971
fb08
faa3
fd7b
fa4d
f064
fe0c
ff09
fe5d
f72d
ff83
f343
fe00
ff13
f856
005f
ef6f
00de
00b1
fe18
009e
fadc
fb88
0108
fb83
ed73
ffa8
0024
faa0
fd7e
f30f
04bb
feba
f977
fa99
f3bb
f83e
fca7
f59b
ffd9
f8b7
0071
f4d2
0071
fb27
0069
f831
fb06
0135
fec7
007b
f980
f968
0112
fb28
fd27
facb
0001
f7cd
fc1c
007d
fc18
0239
ff28
00f3
04f9
fc2d
029d
ffaf
01a4
f4b7
005a
feae
fb2d
fe66
fba9
fb19
f93f
f842
f990
fbea
fb45
fd48
ef2a
00c2
fc24
0074
00e4
fb92
fe1e
fd8d
02e7
009e
f9da
00ad
fffa
fafe
fa26
f643
019c
f5a1
fae3
0066
0040
ff10
fe59
fffb
041d
000b
feab
0425
002e
0071
068c
ff96
fbf9
f5b5
fe37
004c
f674
fcde
fd26
f784
f604
fc68
fdf7
04c5
f9d0
f8cb
fa89
fa69
fd78
fa47
ef1d
fce6
fed6
febd
f758
ff77
f1ee
fdfc
ff92
f800
0012
ee02
00d2
00d0
fdb4
003e
f9b0
fb65
013b
fb69
eb8e
ff1d
ffd6
f97a
fd61
f263
0546
ff02
f90a
f9cc
f33f
f807
fc33
f45c
ffb3
f7e3
0082
f36f
0067
fa5b
0034
f7d0
fa2a
0140
fe7f
009b
f91e
f8f9
0192
fa96
fcba
f9f5
0069
f707
fbcc
00cc
fbb8
01e9
ff1c
00cb
04aa
fb41
027a
ff0c
0219
f443
00d0
fe11
fb28
fe87
fbed
fa79
f894
f7e1
f8a8
fbaa
faa7
fd1b
ee00
0004
fbad
00b1
0041
fbb0
fe75
fc8d
02f5
008c
fa09
0036
ffb7
f979
fa3c
f573
01b1
f526
fa72
00ae
000a
fed5
fe5f
ffef
0488
0018
ff1d
040d
ff75
00ec
06c3
ff4b
fcaa
f55f
fe1c
009c
f621
fd52
fc9e
f6ba
f483
fbf3
fd7b
0530
f93c
f87e
f9c5
fa43
fd58
f96b
eeab
fcc2
fe8e
fe55
f6c1
ffe3
f0d3
fd83
ff11
f76d
00d1
ed82
0036
0135
fd63
00be
f980
fb0a
016e
fb1d
ea4d
feb3
0013
f89d
fd01
f118
053c
fe5c
f7f4
f926
f22f
f770
fb85
f3c2
ff21
f7f2
00fa
f364
002d
f9e8
0088
f7a4
f9f6
0160
fde3
00b2
f85f
f939
01f8
f9c3
fc88
fa10
0071
f712
fb60
00a4
fc5c
024a
feaf
00be
0576
fb9d
029c
ff46
022c
f463
0035
fe65
fae8
fdf7
faff
fa44
f869
f6ea
f7bb
fb85
f9cf
fcd6
edec
ffd9
fabb
00b6
0069
fb3e
fed6
fc6a
02f2
0036
f972
0064
ff66
f933
f9ad
f59a
01f4
f4e3
fa88
0009
000e
ff32
fe12
0032
0451
008c
fef4
0486
ff60
00e5
06f5
ffd3
fbd4
f5dc
fe0b
00be
f56f
fcc4
fcfc
f639
f396
fbc7
fde7
055c
f969
f7c7
fa30
f9c2
fd67
f964
ed82
fc88
fe40
fed2
f592
ff97
f077
fd7a
ff17
f7e7
00eb
ec93
009d
00e4
fc9c
0039
f923
faf6
0174
fb3b
ea79
fea4
0027
f84d
fc54
f13e
05a0
fecc
f7a3
f8ff
f23d
f76b
fb3f
f308
ff18
f7a3
00ef
f2cc
0088
f92e
00ee
f7cd
f99c
0145
fdd2
00d2
f7ba
f914
0214
f980
fc22
f90e
0001
f6a3
fb58
00ea
fc43
029d
fe8a
00a1
05d4
fbb8
02b1
ff86
0273
f3f8
002a
fe21
fb0f
fe3a
fa82
fa2c
f818
f720
f73f
fb54
f9fa
fd02
ed92
ffe9
fa77
00b2
0070
fb3f
fe7e
fc1c
0331
00c5
f905
0057
ff60
f943
f922
f52b
01d2
f44b
fa6f
0074
00de
ff39
fdc7
ffec
045b
005b
ff3c
0477
ff75
0024
073c
ff76
fbcb
f574
fe39
000e
f56e
fd73
fd1e
f5a1
f3b0
fba3
fd76
05c9
f914
f751
fa30
f929
fd48
f8f4
ed25
fc8c
fe08
fe78
f51a
ff44
efae
fd4a
ff2b
f784
0005
ec18
00e7
00ea
fcbc
0041
f939
fb0e
016d
facd
e9ef
fe7f
0046
f870
fc8d
f092
0581
fe92
f7c0
f8db
f1c0
f6d1
fb35
f2f0
ffa0
f761
00d6
f272
00cb
f98e
001c
f760
f9bf
011e
fe53
0026
f731
f8f5
01fb
f953
fbfe
f939
ffe5
f69c
fb9c
0037
fbbf
0298
fe9c
00ab
05f7
fad5
02a8
ff7c
029b
f38f
00eb
fdec
faeb
fe48
fab1
fa35
f801
f76f
f768
fb09
f9a0
fd15
ecf8
0037
fafa
00de
00eb
faf9
fe86
fbeb
033a
0073
f959
0097
ff62
f877
f911
f4ff
01a1
f462
fafb
00ab
0087
ff45
fdcd
ffdf
0441
0060
ff3f
043e
ffb5
00bc
073e
ff45
fbf9
f54a
fe41
009b
f532
fdd8
fd32
f569
f380
fb9d
fd33
061d
f8f7
f6fd
f9bf
f8d7
fd8f
f8db
ed11
fc9c
fdfe
fe76
f54e
ff5f
eef5
fd89
fef1
f71b
0064
ec17
0065
013e
fcc8
00f2
f907
fb2d
017f
fa7f
e955
fe9e
0039
f87e
fcb5
f02a
04f7
fe0f
f775
f8de
f186
f6df
fb8c
f2c0
ffb0
f782
0100
f26e
009b
f9a7
0088
f707
f9d5
012a
fe43
0085
f6d4
f8dc
020b
f954
fc29
f982
0029
f64f
fb23
fff6
fb79
0256
fe95
00ce
05f7
faa2
028d
ff84
02a5
f376
0064
fdbf
fb0d
fe46
fadc
f9fe
f828
f6fc
f71e
fb28
f9d8
fd20
ec3e
007c
fabd
00e9
009d
faf8
feaf
fb88
0355
0017
f92b
00da
ff8f
f8cb
f914
f4a8
0173
f4a3
fabe
00eb
0036
ff83
fe0a
ffb0
0486
0070
ffc3
0466
ff40
0031
074a
ff23
fbed
f545
fe06
00df
f4c3
fd89
fcda
f515
f302
fbca
fcdb
05f6
f898
f70b
f9e2
f912
fd45
f8c1
ec6f
fd0b
fdc7
fe19
f515
ffbf
ee7c
fda4
ff1a
f6c6
00bf
eb8c
0002
01a9
fce2
0095
f89e
fac7
0141
fa58
e8d7
fe6d
0012
f84b
fc9a
f048
0509
fdfc
f769
f8a3
f1b1
f6eb
fba0
f25f
ff55
f776
010e
f220
0080
f98e
00e6
f6a5
f9f6
014d
fddb
0059
f698
f8f0
0249
f8e9
fc1d
f99a
005d
f5ed
fb43
fff2
fade
02c6
fe9a
00bc
05f2
fab3
02fe
0039
0286
f338
0009
fdd8
fb14
fe4a
fafd
fab5
f82c
f6e1
f79e
fb59
fa49
fd11
ec75
0093
fa93
00ca
0018
fac7
fe45
fb80
03bd
0048
f90d
00c1
ffb1
f867
f8f5
f467
01a2
f4aa
fa84
001c
00a2
ff9e
fdaf
ff99
04c3
0086
ff66
0466
ff53
002f
0719
fee4
fb4b
f47e
fd97
00ed
f51c
fd3f
fc75
f51a
f2fe
fb54
fccf
066c
f88e
f669
f9e4
f970
fd2b
f84e
ec13
fca5
fdf9
fe2d
f5eb
fffa
eda5
fd7c
febf
f673
00b2
eb29
ffe5
01c9
fcd9
00f6
f883
fae4
012d
f9fc
e862
fec5
0074
f854
fcf3
ef27
0591
fe7c
f704
f850
f15d
f687
fb6a
f23a
ffdc
f685
00e2
f188
0037
f978
00ed
f660
fa59
0121
fe5c
00bc
f708
f8d7
0288
f8dc
fc39
f977
0041
f59a
fb0a
0009
fb30
0324
fec5
00cd
060b
faa1
031a
0024
0286
f298
00c0
fe24
fb0d
fe37
face
fa6b
f742
f6be
f776
fb5d
fa20
fd14
ec22
00aa
fa25
001a
002b
faf6
fe2b
fba6
0397
0019
f8cc
0022
ff7d
f842
f8af
f432
016d
f413
fa09
0094
0065
ff61
fdc2
ff99
04d3
0075
fece
047c
ff3e
00d9
078a
ff22
fb2e
f3ec
fdbf
0034
f47c
fce2
fc79
f53d
f2b6
fb8c
fccc
0666
f804
f675
f988
f946
fcca
f800
ebbe
fcd3
fdb1
fe61
f53e
ffbb
ed23
fd88
ff11
f690
00e5
eb4e
0043
01ee
fcfa
0062
f8c1
fa5f
011c
fa38
e806
fe9f
007a
f7d2
fcc1
efa1
05e4
fe81
f726
f848
f0d4
f6ac
fb02
f20f
ff86
f676
00d6
f150
000b
f94b
0035
f635
f9a8
019d
fea3
0021
f737
f887
02c1
f8d3
fbfd
f921
008a
f5fa
faf1
0050
fb1e
0309
feec
00cf
0636
fb15
033c
0048
02da
f2f1
005e
fda5
fae4
fe27
fa55
fae4
f71e
f644
f6a1
fb1d
fa0e
fc88
ec05
00bd
fa03
004d
001e
fae9
fe7c
fbbc
039d
0038
f842
005d
ffb9
f80d
f8ae
f4c7
014f
f426
f9fe
00e9
00e8
ff62
fd8d
ff4f
04b0
0063
feee
04ba
ff35
0070
07a1
ff2b
fba0
f44b
fdb7
009e
f487
fd42
fc49
f4f3
f228
fba9
fcf0
0685
f814
f639
f990
f95b
fcb6
f837
eb93
fc65
fd73
fe7b
f57e
ffa8
ecdf
fd0c
ff0c
f664
0011
ea96
0062
015a
fcdf
00c6
f8d3
faa7
0100
fa05
e81b
feef
0009
f7c3
fcbe
ef21
05aa
feb4
f69d
f879
f0d3
f68b
fb0b
f1c1
ff66
f64a
00d0
f0cc
00bd
f962
0051
f60d
f98a
016e
fe5e
0084
f6ed
f8aa
02cb
f8c8
fc11
f8b0
0091
f62a
fb37
0071
fb1e
02b6
feb5
001a
0620
fb24
0304
000f
02bc
f2cf
00c4
fde6
faa4
fdbf
fb01
fb0f
f770
f62c
f6ea
fade
fa74
fc99
eb43
00d8
fa97
0055
00c2
fb1c
fe76
fb37
03a2
0092
f83a
0024
ffcd
f7ce
f8c0
f459
0178
f46f
f9b8
004f
0077
ff79
fd4b
ff3d
04e8
00f1
feea
045c
ff23
0067
07c6
fed1
fbec
f3cf
fd8f
00cd
f4f1
fd08
fc31
f52e
f1c1
fae0
fcd2
066d
f831
f644
f921
f960
fc4a
f833
ebca
fc87
fdb5
fef2
f608
0018
ed4f
fcd4
fe9a
f646
00a3
ea3f
0016
0160
fd0f
005a
f8b3
fadb
00e7
f995
e75f
ff1c
0062
f7f6
fcae
eeb6
0579
fe77
f6be
f86f
f05a
f6a4
faba
f194
ffdd
f5f7
00e5
f0e2
0069
f8f6
00b3
f64c
f9f8
015a
fe27
00d7
f71c
f8af
0336
f895
fc22
f8fc
009c
f630
fb1e
00aa
fb20
02c6
fe83
009d
05ed
fafe
02ce
fffa
02ca
f28d
0054
fd85
fa7a
fd19
fb1f
fae5
f74a
f5f4
f67b
fa88
f9f7
fcce
eb5e
009d
fa93
00a2
00cf
fa97
fe8e
fb7c
03c5
0099
f825
0050
ffde
f80d
f885
f420
013c
f47e
f9d3
00d2
003e
ff72
fd20
ff6d
047c
0118
fedb
0471
ff48
0025
0849
febb
fb41
f3a4
fd6b
0061
f4a4
fc63
fbd8
f530
f15f
fb13
fc89
0656
f822
f690
f9b3
f8b2
fc8a
f801
eaf4
fcb9
fd47
ff2f
f5a7
0053
ed2a
fcda
febb
f654
004e
ea18
00d4
0152
fcc2
00b8
f83b
fa8f
00c2
f953
e7a1
ff7d
0042
f789
fc51
ef7e
055f
fe84
f691
f7fc
f087
f6f5
faa4
f13e
ffd3
f626
00d3
f0b2
007b
f89d
001d
f59c
f951
0147
fe4f
0004
f65a
f8cc
02f4
f931
fc2e
f8b2
0021
f5ca
fb92
00e3
fb0d
02aa
fe66
0002
0606
fb01
0305
000c
025a
f281
0021
fdc9
fac6
fd2f
fa81
faff
f72e
f5ec
f683
fa67
fa47
fc98
eb87
002c
fa78
0075
003d
fb4f
fe91
fb65
03be
00a7
f7bd
00a2
ffad
f892
f82d
f3a4
012c
f44d
f953
002f
0099
ff46
fd1f
ff60
0487
0111
fee6
0433
ff45
0085
080a
ff1b
fb45
f3ef
fdf7
0034
f4e3
fc8e
fbd6
f534
f142
fb60
fcd5
0684
f824
f6ac
f951
f912
fc47
f7dc
eb7c
fc7f
fd97
feef
f60a
003a
ece6
fd1a
ff12
f68a
fff7
ea39
00a2
0119
fcd0
0071
f821
fa87
0055
f982
e721
ff26
0020
f774
fc3f
ef94
0525
fe5b
f6e8
f811
f09a
f750
faf5
f147
000d
f5de
00f7
f063
00af
f89e
0005
f52a
f91f
014d
fe90
00c6
f666
f8d0
02ff
f8ef
fbfa
f8f5
001a
f620
fb69
00ab
fb2d
0309
fe6f
0016
0643
fb22
0326
0062
0281
f286
00e9
fdef
fa7f
fd4a
fa95
faed
f6ee
f659
f68d
fa90
fa06
fcb2
eb58
0059
fab0
00d0
00d8
fb0c
fe53
fc08
03f7
0062
f7b3
007a
ffeb
f8ba
f81b
f400
00d4
f40d
f9df
0076
0040
ffec
fd1b
ff8a
049a
00ab
fe75
049a
ffbd
0016
07de
ff68
fb68
f3de
fe17
008e
f51d
fc49
fc3a
f567
f1d5
fb4a
fce5
066a
f849
f670
f95c
f8d6
fc57
f88f
eb82
fcb1
fde3
fee6
f584
ff60
ed5f
fd57
febd
f690
000d
ea6f
0019
00e9
fca5
00df
f830
fa7e
008f
f9dc
e76a
ff19
fff9
f82f
fc8d
eff7
0598
feb1
f731
f874
f0f8
f770
fb4a
f151
ffeb
f625
0083
f078
00d8
f8e7
009a
f55e
f92b
012b
fe54
000b
f640
f841
02c7
f915
fc4c
f8a3
005c
f639
fbcc
0006
fb7b
030d
fe13
0041
062a
fb05
033b
0063
025b
f27a
0060
fdb7
fa7a
fd66
fb0a
fab5
f739
f6f6
f6f1
fa8a
f9ca
fc7a
eb6b
00ae
faf7
00cf
0008
fb7b
fe7e
fbf3
03b9
00a7
f752
fffd
fff8
f846
f801
f433
007c
f416
fa03
00e4
0051
ff63
fd3f
ff22
046e
009c
fe0d
049b
ff97
0095
07aa
ff7c
fb8f
f3d6
fe39
00e7
f57d
fc2a
fc9d
f532
f1cb
fb7f
fd2d
0680
f874
f6a5
f99f
f902
fc62
f80f
ec27
fc8f
fe0f
fecf
f595
ff34
ed5a
fd5a
fe92
f674
0026
e9f4
0039
0090
fcbc
003f
f846
fae9
0058
f9a8
e784
ff23
003c
f842
fcb2
efbe
054e
fec7
f70f
f8cc
f07e
f701
fafb
f1bf
0035
f663
00d5
f056
007b
f8bc
009e
f53e
f967
0198
fe36
0072
f630
f8d1
0314
f923
fc0f
f94b
0037
f5e9
fbd9
0055
fa88
02ff
fe5c
00aa
0606
fa95
0372
0050
0278
f265
0017
fda5
fac5
fdc9
fa94
fa55
f770
f6cf
f6fa
fab4
f9f5
fc3d
eb03
0005
fb51
00ad
0049
fb63
fe08
fbaf
0411
0070
f7a5
fff9
0019
f8bb
f847
f416
0078
f44f
f9ca
0019
0010
ff49
fd9a
ff71
04b4
00a8
fde5
04c9
ff72
0096
0745
ffe0
fba9
f3af
fe5c
0026
f527
fc43
fc3f
f50f
f0fa
fb46
fd5a
065f
f831
f678
f9c8
f948
fc70
f7ff
ebdb
fc53
fdbb
fe97
f589
ff78
ec6d
fd62
feaa
f5fb
0077
ea74
000b
0071
fcd8
00f6
f8ba
fae5
00a6
f9f0
e6e6
ff24
ffa8
f7f4
fc8f
ef29
052a
fe69
f691
f882
f006
f716
faaa
f1ba
ffe4
f69a
00ee
f058
00c7
f8d8
0043
f596
f960
0196
fdcf
0080
f677
f876
0316
f955
fbfc
f915
0051
fe8f
00cf
ffd3
fe4b
0028
feeb
ff89
fee9
00d3
010a
002b
ffc3
ff8d
001d
fe37
00a0
ffa1
ff76
00ab
0036
ff27
fefa
ff52
0087
fd06
fe44
ff1b
ff2b
007f
0069
ff1b
fea9
ffdc
006e
0099
fe01
fcc7
ff60
0043
fea0
fd6a
fedb
00f0
fffe
0053
fe04
000c
ffea
fe19
ff0f
00c2
ff96
0029
fdf0
001f
006e
feee
fd80
ff25
ff6d
fefe
ff8f
000a
fe53
ff73
faf1
fe18
fffa
0102
0002
ffcb
0079
ff90
ffd9
fecb
fc13
ffcc
0029
001a
0058
0052
fc9b
00b0
fe66
fe74
fd9d
fdcb
fdb4
ff99
fdd2
0007
fe84
ff9b
ff75
000c
fbf8
00c9
0057
00b7
fe2d
ff00
fed5
0065
fda3
0063
ff64
ff1a
009f
fee8
00a8
ff6d
00df
fd1e
ffe2
fea5
ff15
fc9e
001b
00b2
ff8d
0082
fdd7
fedd
014b
ffa0
ff92
00a6
00dc
fe09
0027
ff45
fd47
002f
fdf8
fe9d
fe1f
0088
0187
00d5
ff7a
ffbd
001a
fced
00f7
ff29
ff40
007a
003e
fdc2
fda0
ff33
008b
fb0b
fd73
fe24
fec7
00d5
0071
fe93
fe7d
ffa4
007f
00d6
fc98
fb6f
ff8e
0065
fde1
fbc1
fe08
007e
ffc6
00c7
fcd6
002d
ff6e
fcf4
fe6d
00ee
ffe5
00a7
fcb4
009e
0055
fe52
fb20
fec0
fe04
fe7f
ff63
ffca
fd24
ff13
f731
fc8a
0066
015f
0044
ffd2
00c9
ff0d
004e
fd84
f9e3
ffaf
0047
00ca
00dc
00e2
fad0
0057
fd10
fded
fc14
fb49
fc33
ff50
fc7a
ffcb
fcc3
ff0b
feda
ffe6
f9a3
00a3
0031
0038
fc5a
fe5e
fe94
00e3
fbc4
00de
febe
febc
00c8
fe1a
00b3
ff4b
006c
faf8
ffa0
fd89
febb
fab6
0033
00ce
ff68
0015
fbcd
fda3
01fb
fec7
ff7a
0113
00e3
fcfc
003c
ffb1
fc47
fff2
fd8a
fe49
fd44
0081
02c7
00af
ffbe
ffb3
00de
fc4d
00ba
ff07
ff61
0170
0052
fe0f
fd85
ff40
0011
f965
fcd5
fe21
fe66
008d
0003
fe93
fe56
feb5
0079
00e6
fb9c
f971
ffba
006c
fd86
fa14
fd31
0064
ffc2
00dd
fb86
ff84
ff32
fbdb
fe66
015d
fff9
00c2
fbf6
0087
0067
fd82
f9b9
fe9c
fd08
fe40
ffa8
0050
fc78
fe38
f490
fc2d
003a
01e0
007f
ff8d
0063
fe75
0020
fb83
f86c
ff4c
008c
00e7
0021
00fb
f86c
00a3
fb65
fcb5
faf0
f9a6
f9ba
fe7d
fbd0
ff3e
fc5d
fec0
fe31
ff40
f822
0093
00eb
00d9
fb70
fd81
fe8a
00d5
fa09
0039
fd54
fe03
00a5
fd91
0034
fef6
0021
f9a0
ffe2
fc8c
fde8
f93a
002e
0043
ff1d
00ba
fa3d
fdbb
0268
feae
ff4a
01b9
004c
fd2c
0035
ff5a
fbb6
003a
fcec
fdf8
fcc8
0016
02d2
00b8
ff83
ff4d
0069
fb77
0007
fecf
ff16
0154
006e
fd0b
fc78
feeb
003f
f7c0
fc41
fd76
fe08
00e8
0000
fe04
fe0c
feef
00c1
0106
faf9
f891
ff9f
0031
fce7
f920
fcdb
0067
ffda
014d
fac3
ffe8
ff24
fb32
fdd6
01a8
ffd7
00ed
fb47
0071
00b2
fd73
f7fb
fe8b
fc95
fdc9
ff91
ffb7
fbbf
fe4d
f21e
fb90
0069
0223
004a
fff2
00e1
fe0d
0083
fab4
f6a8
ff19
007e
0090
00bb
017b
f6c8
00ea
faf0
fc67
f9e7
f845
f92a
fe59
fab1
ffb9
fad1
fdeb
fde3
ff60
f692
00bc
0046
005f
fa76
fd07
fe4f
0146
f905
0086
fcf3
fddc
00a4
fd06
00ae
ff50
00bd
f83c
ff8e
fc45
fdc6
f820
00f6
0010
feb7
0042
f8b0
fcec
0276
fe83
ff27
0196
0008
fcdf
0040
fedb
fb62
ff96
fca9
fe0c
fc24
0096
02fc
00f8
ff5b
ff65
004d
fa66
001e
fe24
feda
0124
0068
fc2d
fba1
fe87
0027
f71d
fc71
fd15
fd6c
0017
005c
fe72
fed8
feb1
0091
0179
fa66
f7c3
ffcb
006f
fcc4
f856
fc28
000f
ffcc
01b5
fa2f
ff51
fedb
faf1
fda1
01d7
ffd3
0047
faae
004b
00c5
fd27
f783
feef
fc9b
fd6a
ff45
feff
fabb
fdef
f06f
fa6d
009c
022b
0092
0067
0002
fd90
00a4
f981
f5ba
fe93
0092
00b3
0043
01c0
f630
0073
fa4b
fbc8
f8de
f6ff
f831
fe34
fa3b
ffaf
fa14
fded
fd65
ff2a
f5b7
00c9
00b7
0060
f91c
fdbe
fe65
0181
f78e
008b
fc79
fdf4
0084
fc6a
006a
ff9d
00be
f79a
ffb0
fb66
fd62
f758
00c0
00c8
fe76
0089
f767
fcdb
027b
fe96
fedc
0196
0089
fcb4
00d7
fea8
faf6
ff41
fcca
fe3b
fbbc
0014
034f
00ae
ff6b
ff4d
0041
f9da
006d
fdd3
fedb
01a0
003a
fc55
fbd7
fe38
001d
f636
fb62
fcf5
fd43
006c
00d4
fe9d
fea6
fe86
00bd
01c7
fa43
f75a
ffb8
0053
fc65
f815
fbca
0004
0008
01f2
f9b5
ff38
fea9
fa7b
fd20
023f
0005
00c3
f9f2
005a
011f
fcd9
f707
fef2
fcd5
fcc5
ff0b
ff00
fa21
fdc6
ee9d
f9e9
00ac
0291
0084
0062
0070
fd76
0057
f8e7
f4de
fe6e
0020
000f
00c0
020b
f4d0
00ea
f9cc
fb2d
f87e
f63e
f7bc
fe33
fa10
ffe1
fa51
fded
fd5b
ff11
f4a1
010b
0032
0057
f85f
fd41
fe65
0191
f64d
00e6
fc1c
fdce
005d
fc40
00cb
ff5e
0086
f71e
ffd1
fa97
fd06
f697
007e
0032
fdfe
00c6
f6fb
fca9
02a3
fe90
fee5
0180
0067
fc7f
0074
fee1
fa6c
ff30
fcb7
fe2c
fb60
00ba
0416
003e
ff09
ff1d
00e9
f993
0009
fdbf
ff15
01c8
010d
fc6a
fbf3
fece
fff6
f5ee
faa1
fd04
fd4a
00d9
00a9
fe48
fdda
feb2
00fc
024e
fa2e
f5fc
ffa1
0065
fc24
f6ac
fb6e
00ea
fffc
01dc
f93f
ff17
ff0a
fa4c
fce7
028e
ff8e
00ca
f9a5
004e
0178
fc19
f659
fe1b
fc11
fc7b
ff3a
fef4
fa33
fe0b
ee3b
f927
0063
02f9
0067
008a
0016
fdfb
ffe9
f971
f4ab
fe8a
0074
0003
002c
0224
f517
0009
f91f
fad2
f7b9
f64f
f71c
fe15
f980
ff73
fa3f
fde8
fd73
ff1b
f389
00f3
00dc
00f6
f896
fc75
fe3e
020a
f66c
00de
fc5a
fd87
0075
fc59
0087
ff49
0078
f6e1
ff8f
fab5
fca9
f664
00c3
004e
fe03
006e
f71b
fc29
02c5
fd8e
ff0c
01ac
0035
fc66
003c
ff5a
fb1a
ff25
fc9b
fdf1
fb87
00c2
0411
0046
ff1e
fece
0049
f9a0
0083
fda2
fef5
01a6
00f2
fc10
fbf1
fe6e
ffbc
f589
fb0b
fcc7
fd67
0050
007d
fe1d
fe09
ff1e
00bb
01d3
fa2f
f573
ffa8
ffc7
fbdc
f6e9
fb79
006b
ffad
01f8
f8f3
ff0e
ff0d
fa49
fcd9
0261
ff2f
00f7
fa03
002e
0179
fbe8
f664
fe43
fc50
fc73
ff2d
fe61
fa76
fdb8
ee24
f936
002f
02dc
003d
00d4
00af
fdce
003a
f969
f441
fe6d
0059
00ad
0090
021e
f514
001c
f91d
fb37
f777
f609
f733
fdef
f8ae
ff74
f942
fde6
fdc5
fee7
f3b0
00f0
00c9
0067
f8be
fcd4
fde5
01c9
f5e1
00f4
fc77
fd7b
000b
fc3c
00f6
ff75
0032
f6e2
0038
fa71
fc8f
f660
0081
0011
fda3
0001
f6ad
fc26
02c2
fdc5
ff0f
01dd
00df
fc60
00b6
ff0d
fa9c
ff88
fbdb
fda7
fbd9
006f
03f2
00a3
ff78
ff85
0053
f984
005a
fe10
fe48
0158
00c3
fc3f
fc27
feb4
ff40
f542
fb09
fc4e
fd52
0067
00bc
fe01
fd66
fe73
00ee
0135
f994
f557
ffd2
ffa7
fbb1
f657
fb7e
0083
ff97
0200
f8f1
ff6e
fecc
f94c
fce4
0227
feee
0057
f9c1
ffec
015a
fc44
f5e1
fdec
fbcf
fc65
ff3e
fe92
f9f3
fd3d
ecef
f8f4
0018
0371
002e
001c
0083
fd67
006c
fa0d
f337
fe79
ffc0
002f
0044
0245
f40a
00ce
f94e
fb17
f764
f5af
f712
fe20
f87e
ff10
f8c6
fdbe
fdf9
fef3
f3c1
00eb
0029
008f
f840
fc9b
fdb8
01f5
f59c
00d0
fcd0
fd84
0037
fc15
0009
ff09
00b2
f63f
0019
fa71
fcce
f5ca
00b4
007f
fe3c
0095
f64c
fc53
031a
fd69
ff37
022c
00b8
fc5f
006e
ff23
fadc
fed6
fc42
fdb8
fb9e
00dd
0439
0084
ff65
ff3e
0001
f98d
00a8
fde8
fe4a
0155
00ef
fc24
fb90
fe96
ff33
f4aa
faa1
fc33
fccb
009f
0009
fdcc
fdef
fe14
00ef
012f
f996
f4d4
ffbe
ff95
fbe7
f696
fb49
0071
000d
0227
f8a4
ff2c
fef6
f956
fcd6
021e
ffb6
00c2
f95e
0004
0155
fbef
f672
fec2
fc27
fc52
ff62
ff2c
f9e6
fd4a
ec3a
f907
0036
0334
0035
0079
00c8
fd74
0033
f9d2
f36d
fe64
ffd5
00f1
00aa
020d
f3c0
009f
f910
fae8
f782
f599
f694
fdb3
f822
ff24
f920
fdd1
fdd0
ff2f
f39a
0088
0066
0060
f83e
fc77
fdad
01ea
f544
00de
fc93
fd78
001b
fbe0
0041
ff20
0047
f64a
0056
fa0f
fc7a
f62e
00a4
0035
fdd5
00f8
f58e
fc7b
02d8
fd2e
fef8
0214
0077
fc4e
00e4
ff6e
fb37
ff23
fc74
fdb5
fb09
006f
045c
0045
fed9
ff48
0093
f9a8
0021
fe0d
feab
010d
0130
fbff
fb98
ff57
ff00
f51b
fb0c
fc19
fcb8
0009
ffe5
fda6
fde6
fe43
0112
0131
f9e7
f493
ffea
0007
fbdd
f6c3
fb3c
0025
ffdf
01e2
f8d6
ff5e
fefd
f977
fc97
020f
ffa6
00ae
f9b5
0069
00ed
fc15
f608
fe5f
fba7
fc8c
ff60
ff22
fa1f
fd59
ed44
f8ec
008e
02bc
0033
00c5
001a
fd8b
0062
fa1b
f3f8
fe90
001a
003d
0025
01d4
f508
00a6
f8f7
fb75
f73c
f582
f6ff
fdc8
f7a3
febe
f92d
fdd9
fda1
ff45
f3fe
0046
003b
0041
f857
fce5
fdcd
01af
f621
0026
fcca
fd91
0029
fc03
001f
ff1d
00eb
f674
001d
fa5f
fc7e
f65c
00b8
00bc
fe11
00c3
f5f2
fbd8
0277
fce2
ff0f
01e5
0021
fc2f
00ef
ff6c
faca
fe7b
fd37
fd89
fb0b
009b
0466
0079
fede
ff0d
001f
f96a
0056
fdab
fef6
00f6
00c8
fb97
fafb
feae
ff43
f4a8
fa60
fc80
fd3b
004b
004b
fddf
fee2
fe93
0074
0136
fa2a
f54a
ff88
ffa6
fc72
f731
faca
000a
fff2
01f8
f8bd
ff2d
ff3f
fa0a
fca9
0213
0097
0003
f942
002b
0152
fb78
f68e
fef1
fc07
fc39
ff37
ff5e
fa10
fdb3
ecd7
f8d0
0055
0286
006b
0056
0065
fda7
004c
fa5f
f454
fe5f
001f
00d4
0082
01eb
f4a6
00ed
f8a5
fadb
f75a
f595
f725
fda5
f808
ff25
f971
fe06
fde7
ff6c
f35b
007f
ffd7
001e
f88b
fcd6
fdb3
01e2
f585
0094
fcdc
fe02
0030
fbc7
002c
ff5b
0094
f6c7
0028
f9f5
fc5f
f65c
00e6
008b
fce5
00a5
f5ab
fc42
0284
fd82
fef6
01d1
0059
fbf0
00a1
ff14
f9cc
feb6
fcc3
fdb9
faf3
0019
04bc
007f
feca
fecf
00ee
f901
00d5
fd95
feaf
014a
00ec
fb17
fabf
fe51
ffbc
f446
fa50
fcac
fdc5
00aa
00a2
fda6
fe34
fedf
00a8
01bf
f970
f485
ff69
0089
fc21
f645
fa88
003b
ffce
01f1
f874
ff2c
ff6d
f9d4
fc47
028f
001f
0057
f8f0
ffc4
0193
fb62
f608
fe6e
fbb5
fc35
fef4
ff22
f9be
fe0f
ec60
f8a2
003d
02cf
0037
008e
0005
fd89
0023
fa9c
f376
febd
0066
0098
00e6
021a
f458
002c
f844
fa25
f64b
f50c
f69d
fd41
f7ed
ff99
f907
fd90
fdb6
ffa9
f24d
00bd
0038
00d8
f845
fcbf
fd20
0203
f4f2
00b0
fd08
fdfd
00bd
fb82
00ca
ff75
0036
f626
ffc9
f9d2
fc4f
f57d
00d0
0053
fce2
0038
f55d
fc1c
02a3
fd9e
feb4
01fc
0075
fc1b
003e
ff3c
f99f
fe84
fc6b
fde2
faa9
0087
04bf
0028
feed
febb
00bf
f8b2
00b1
fd79
fedf
0189
00db
fb3d
fafd
fe34
ff74
f411
fb1e
fcbe
fd63
009c
00c3
fde6
fe2a
fee8
0091
0212
f987
f470
ffd6
002c
fc63
f673
faa3
00cf
ffa0
01f3
f8c8
fea2
fee6
fa66
fc66
0295
ffe0
0098
f906
ffa6
0142
fb55
f66d
fe8d
fc53
fbfb
ff42
fedf
f9a1
fe45
ecae
f89a
0014
02a1
0058
007e
0031
fdb8
0090
f973
f3c7
fe79
007f
00b1
005e
0223
f425
0098
f84b
fa12
f68e
f4e1
f5ae
fd17
f839
ffb5
f947
fd8d
fd73
ff83
f2ac
00c8
0061
00e9
f855
fcaa
fd7d
0238
f48c
0073
fc8c
fdaa
009d
fb87
0044
ffab
0026
f655
001d
f998
fc52
f581
0089
002a
fce7
009b
f4f4
fc26
02a4
fdf2
fe95
01c6
003c
fbbb
0017
ff95
fa2f
fe8c
fc1f
fdd2
fae8
0005
04a1
0042
fef3
ff13
00a6
f96e
001d
fd9c
feb8
0168
011b
fbbd
fba2
fe2d
ff5c
f450
fb99
fc68
fd3a
009d
0002
fda0
fe15
fe73
00b6
01ef
f904
f4ba
ffd0
00c2
fc51
f6a1
faf1
0025
ff7b
01c5
f8bc
fe8e
feb6
fa12
fcc1
023d
ffcb
00e7
f959
ffbc
00c1
fb5b
f699
fed0
fcea
fc19
ff87
fef2
f9b7
fdeb
ed39
f90a
005d
02db
0068
0051
000c
fdf4
0077
f928
f42c
fe27
00c2
004e
00c7
0193
f446
0001
f8c0
fa8e
f6e7
f4da
f572
fd0a
f840
ff66
f94d
fdc3
fd36
ff65
f32e
0081
004d
008d
f8d7
fc29
fdb6
023d
f58a
009a
fc78
fd4c
007d
fbf4
0009
ff36
00f3
f61b
0033
f99d
fc11
f5a3
001f
00a9
fd63
000f
f58f
fc37
027e
fd7e
fe54
0210
00d5
fbaa
0016
ffb3
fa2c
febb
fc0a
fe0c
fa84
0054
04b7
0043
ff4c
ff34
00a8
f96f
00cc
fdc8
fe73
01be
00ee
fc65
fc0d
fede
ffe1
f440
fb4d
fc30
fc8b
00c5
00ae
fd78
fd8b
fe0e
0108
01c9
f928
f420
ff9e
00a0
fc2b
f644
fa73
00f3
ffb1
0179
f8ba
feb4
ff0f
f9fc
fcbf
0270
ffb0
00bc
f935
ff8d
00ff
fba1
f6b0
fede
fd44
fc18
ffce
fef3
f998
fda4
ed60
f8d5
0091
0307
ffdf
0080
009f
fe10
0040
f88b
f42b
fe57
00b5
008b
0044
01bf
f41e
006e
f8dd
fa91
f6c7
f55c
f53e
fd0d
f846
ff7e
f996
fdb7
fd22
ff5b
f2fd
0032
0008
0039
f8b3
fbf3
fd91
0201
f560
0094
fc8e
fd27
009a
fbce
00be
ffad
00c3
f657
0022
f9c9
fbad
f593
002d
0051
fdbf
00ca
f5bc
fc5b
0237
fd43
fe55
022e
00ed
fbc4
00bf
ffb9
fa6c
ff47
fc2c
fe08
fb0c
00a6
0495
0011
ff5f
ff20
008b
f91c
0004
fd8e
fe9e
0164
0091
fc1b
fbc5
fe92
0061
f464
faf5
fc07
fcc2
0022
00bf
fd7b
fd45
fe8c
00f7
01ca
f8ea
f456
ffae
0030
fbc2
f64a
faf1
0095
ffcf
01c2
f89f
ff4f
fec7
fa09
fcd3
0224
ff40
00d4
f94f
fff3
0100
fb8e
f66c
fe84
fd5e
fc4e
ff6c
fecd
f995
fda5
ecc1
f8b6
0026
034d
001b
0063
0020
fdb4
00b3
f85b
f3a3
fe9f
00c7
0039
008a
0209
f392
00cd
f8d2
fa7a
f720
f525
f590
fd5a
f7d0
ffc2
f995
fdac
fd35
ff13
f28c
009a
007b
00ab
f8b6
fbf1
fd7c
01df
f53d
0099
fbf9
fcd5
004f
fbd5
001e
ff68
008e
f61f
0053
f9e5
fc3f
f55c
0001
0006
fdda
0034
f573
fc43
0346
fd94
fe50
0259
0098
fbb5
0055
ff7b
f9bd
ff6d
fbf1
fe52
fabb
0034
0491
00bf
ff47
ff23
0094
f901
00af
fe0e
fde9
01a7
004e
fbb2
fb3d
fe96
00ca
f41e
fa81
fb8f
fc6d
0063
002e
fd79
fd23
fe0d
015f
0172
f8ae
f477
ffc9
0020
fb82
f5d3
fadd
0042
ffdd
01db
f8e7
ffaa
ff15
f9d7
fd2c
024e
ff71
00eb
f8d2
0017
0102
fbb8
f63f
fe7d
fd5a
fc64
ff36
ff2e
f96f
fdb8
ec87
f8c6
0025
035b
0080
0017
0068
fd4e
0071
f806
f324
feb8
007c
007c
00f1
0212
f32f
002e
f907
fa62
f7a3
f54c
f559
fdae
f827
ffa9
f9d2
fd9b
fd70
ff54
f220
00b0
00e1
0027
f852
fbfe
fd8f
01d0
f515
00d4
fbc2
fcd2
00b6
fbb9
ffea
ff78
001e
f58c
0042
fa6d
fc95
f4c6
00e8
00a9
fddc
00d9
f52b
fc32
0374
fdc0
fe83
025c
0066
fc24
0024
ff3b
f8d3
ff8f
fbaa
fe60
faf4
001b
04ab
0053
ff1e
ff88
0084
f889
00d2
fdb9
fd87
017a
0078
fbab
fb30
fe5f
0007
f409
fa43
fbb2
fd1b
0075
0082
fd70
fcba
fdf6
0173
0190
f866
f4bb
ff9c
00da
fb95
f61e
fac7
005e
fff7
01c3
f8ac
ffeb
ff28
f971
fcb8
0266
fedd
00e6
f8e6
fff1
0119
fc11
f5c8
fe44
fcd8
fc6b
ff4a
fecc
f97a
fe34
ec14
f8ad
008a
03ba
0061
0008
00ee
fd07
008d
f8d7
f2bb
fead
00dc
0002
00a2
024c
f3a0
00a0
f901
fa57
f725
f511
f5c0
fda8
f83b
ffd1
f961
fd86
fd6e
ff86
f1b9
00f9
006d
0094
f80b
fbf5
fd47
01af
f4f8
00d4
fc74
fd1c
004b
fba3
0066
ff3e
00e0
f54b
ffa2
fa60
fc67
f470
0068
0029
fe7a
0038
f57a
fbc2
033f
fd87
feac
0221
0062
fbf8
0088
fee2
f886
ff53
fbe1
fdf4
fb34
00b9
04af
00f6
ff47
ffaa
00a8
f85b
0072
fdc6
fdb6
018b
002d
fbfc
fb13
fe62
ffff
f410
f9a7
fbe4
fd9b
009e
00a7
fdfa
fd23
fdb3
0143
0161
f8c3
f596
ff91
0049
fbe5
f60b
fab9
0070
0043
021c
f8b6
ffa1
ff11
f928
fc70
0249
ff98
006e
f8b0
003e
0154
fbf4
f5c9
fe00
fc05
fc2c
febe
ff3b
f966
fe40
eb52
f8b5
0082
03ab
0097
0002
0033
fd01
00a0
f93e
f284
fe96
00bb
0098
0028
0277
f2f3
0057
f891
fa17
f73f
f562
f60a
fe0c
f895
ff95
f983
fda3
fdbf
ff87
f1c0
00eb
0095
0098
f74b
fc35
fd35
0197
f4a4
0065
fca1
fd7d
00c3
fb90
003e
ff6d
0086
f583
ffce
fa26
fc73
f474
003b
0096
fdf0
00a2
f592
fbbb
0371
fd5f
ff09
0233
0084
ff2a
fd8a
00c1
005c
fca1
ff6d
00b9
fde1
0047
003c
fe1c
0029
0000
007a
000b
004c
fffc
00ac
ff80
ff03
008f
ffff
000d
fb3b
009e
000a
ff8f
fe68
008c
ffae
fea4
0073
ff62
002e
ff85
ffe2
ffbd
003f
0055
0030
ffa5
00ad
004a
0032
0031
0058
fd9c
00bd
00c1
ffcc
ff92
00c2
013c
008f
0032
01ce
fe2f
fdcf
00c2
fedc
ff26
ffd0
ffa7
003a
ff86
00f7
007f
0072
fe71
ffb9
0019
0078
feaa
0053
ff37
fee1
ff87
ffd4
fdc5
fc81
fe00
009a
ff4c
fe9d
000f
ffbb
ff9d
fefd
ff48
fefb
fd56
00a0
ff40
0086
00fe
016c
fe73
fecd
0000
fe67
ff08
0092
00d9
002c
0084
00b3
ff2d
000e
fde3
fe76
0099
ff8b
0044
ff1a
0052
fe58
00e1
fea0
0066
fdfe
fe4e
ffee
ff1b
fbc4
febb
ffec
fdcc
fea8
fed3
fba5
0021
005f
f9bc
ff05
0009
fc26
00c0
005b
fc27
0048
001d
008a
0030
0098
003a
00ec
fee8
fdf6
00d2
003a
0009
f7f9
0047
002a
ff67
fd29
001c
ff57
fdf5
0096
fef8
007e
ff28
ffc6
ffc5
0046
0040
008a
ff44
002b
0084
0034
004c
001f
fb8c
006c
0159
0007
ff7f
0041
021f
00c4
0006
031c
fc7b
fc3f
00f3
fe07
fe9a
0014
ff74
0037
ff67
00e4
0025
0081
fd23
ff8c
001d
008b
fdd0
0031
fe74
fe47
ff6d
ffb9
fbe5
f9cb
fcc4
010a
feb7
fd6a
fffb
001b
ff92
fe24
fe91
fed8
fb9d
0132
fed1
0022
01b7
029b
fd21
fdba
ffb7
fd66
fe81
0104
01ab
0042
0002
002f
fe51
0026
fc2e
fcf7
00e8
ff29
0072
fe58
00a7
fd2b
017d
fdb3
008e
fc68
fcec
fff6
feb3
f841
fd77
0047
fc58
fd6f
fece
fa10
0097
004b
f7f1
feb3
00d7
fb32
005c
0080
fb01
003a
ffeb
00ca
0072
0010
0033
003d
fe5c
fd52
0026
0073
0006
f57d
00df
fff3
ff3e
fc53
00a9
ff00
fd76
00f4
fee8
007d
ff2a
ffb2
ff95
009e
003a
0095
fedd
00c9
0021
0074
0050
0021
fa28
00f0
01be
0031
ff4a
00c5
02f8
000e
ffad
045b
fbaa
fb16
0068
fd64
fe38
000d
fefe
0081
ff02
0094
00dc
00d8
fc48
ff79
005b
009f
fcf6
001b
fe07
fda9
feb6
ffa6
fa99
f829
fbd2
012f
fe2f
fc85
005a
0052
ff68
fd8c
fe41
fea5
fa8c
01a3
fe94
00e5
01ef
0345
fbf5
fcc3
ff1d
fc9a
fe06
0184
021a
0026
008f
00c7
fde9
0029
fade
fbd8
002d
ff1b
0083
fdbe
00ec
fbe5
01dd
fd07
00a8
fb4b
fc05
ffd0
fe32
f608
fcbf
007c
faf9
fcba
fecb
f8e4
0015
0018
f69c
fedc
0005
faa0
0007
00b7
f9c0
0047
ff99
0010
0053
0020
0020
00e5
fdf6
fcbf
009f
006d
00b0
f3a5
00c4
ff9a
ff62
fbb0
0024
fee0
fd39
004b
feec
0048
ff50
ffd5
ff68
009c
0023
008f
fed0
0052
fff4
00f2
004b
0035
f8e2
004e
0227
0058
ff14
002a
0368
008d
ff6b
0510
fa88
fa5e
001a
fcf8
fddf
ffd0
fec7
0023
fecc
0077
0028
0009
fbf6
ff62
00b6
004e
fc41
0044
fdb5
fd49
fe93
ff90
f98f
f650
fb57
0157
fdea
fbb9
0041
0066
ff9f
fd25
fe21
fe6a
f9cb
01f8
fea5
009e
0216
03bb
fb27
fbde
feca
fbcf
fdf4
01b7
0232
0001
00df
0036
fd8e
0045
fa0b
fb27
00b3
ff6d
00e2
fda8
002e
fb27
01b3
fc75
00b9
fa86
fb4b
ff8f
fdac
f4d3
fc32
008f
fa40
fcaf
fe5e
f835
00ad
fffd
f5f9
feb4
0059
fa1c
009d
00ad
f90f
0094
ff5d
00bc
0061
0055
0032
0086
fe15
fc8d
0031
0095
0050
f23e
0087
ff72
ff4c
fb3e
008f
feff
fc97
00b5
fea7
003e
ff30
004d
ff24
0090
0042
00b8
fe9e
00f1
ffea
0074
0048
0063
f85a
00e8
0261
007c
feb4
00ee
0395
009c
ff83
059f
fa56
fa0f
00d8
fcb1
fdc7
ff88
fece
007f
fe9c
0069
0089
00a3
fbd9
ff69
0007
0037
fbc7
006b
fd47
fcd9
fe0a
ffd1
f937
f525
fb1f
016b
fdb5
fb38
0054
0051
ffa7
fccd
fe56
fe02
f919
0245
fe79
004e
023e
03d0
fa67
fbb6
fe90
fb35
fdbd
01bd
0208
ffb5
0008
00cc
fd26
0066
f97b
fb1f
006d
ffab
010a
fd6a
005c
fa60
01ad
fc05
00d4
fa3e
faf6
ff83
fd68
f392
fb96
0076
f9e7
fc96
feae
f797
0041
003a
f4ce
fe4a
00f5
f97e
004e
00a6
f91b
00a5
ff9b
0009
007f
00c0
0050
0046
fe65
fc4f
0080
009e
0044
f120
00ac
ffa8
ff05
faad
00b2
ff0a
fc4f
00ee
fe7a
00a0
ff24
ffae
fec9
00dd
007d
0056
fe4e
0075
0050
008f
006e
008e
f7f3
0050
029b
00a1
fed7
0050
03e0
000d
ff8c
0614
fa16
f9c2
004a
fcca
fd92
ffa3
fee0
00aa
fe96
004a
0012
00ad
fb62
ff6b
ffc2
0064
fb5f
0090
fd36
fc5d
fdb5
ff8e
f8cf
f489
fa5f
0142
fd57
fb3b
003f
0086
ff89
fc3b
fd8e
fda9
f8ac
0279
fe5c
00c5
0275
0403
fa80
faef
fe7f
fb0f
fd8d
0178
023d
ffa9
0095
0074
fce4
00a8
f8d2
faa7
0037
ff78
00db
fd88
00b1
f9e5
0221
fbbd
00d0
f9b6
fa8a
ff3d
fd41
f241
fbad
0094
f911
fc1c
fe53
f782
00ee
0082
f404
fde4
008c
f8f2
0040
00b6
f8e1
0069
ffc7
005b
0038
000e
0042
00e3
feb8
fc57
00f7
00b9
00df
f0bc
0039
ffd8
febd
fab5
0006
ff23
fc2a
0026
fe50
0093
ff57
ffb9
fe96
00da
00ae
007d
fe2b
000c
00c1
0083
0080
0069
f78f
000b
028f
0050
fee2
0002
03bf
0069
ffca
061c
f9bf
f982
001e
fcbd
fd4a
ffa6
feda
00bd
fee5
0036
00a0
00e4
fb0d
ff4a
0054
009c
fb53
00a7
fd2b
fc82
fdeb
ffb8
f87f
f4d9
fa20
019c
fd36
fb02
002b
002b
ff52
fc0f
fd5a
fd7a
f839
0291
fe18
0017
029a
0445
fa68
fb0f
ff0c
fab1
fd6a
00f3
022c
ffda
00f6
002c
fd18
00dc
f881
faad
00cb
ff5e
00da
fda6
00c0
f9b8
0235
fbbb
00cb
f993
fa66
ff08
fd96
f1b7
fb68
003d
f8f8
fbdc
fe49
f740
0054
0040
f44e
fead
0039
f8ef
00c9
008a
f8cb
0082
ff93
00f5
0094
0025
fffd
00eb
fddf
fc74
0068
001d
0059
f00e
00d4
ffa6
fed8
fa78
0059
fee4
fbd5
0062
fe0a
0054
ff13
ffc8
ff2a
00f4
00b4
003f
fe7b
00ad
00c1
001b
0021
00c6
f797
00b0
0246
004b
ff03
00ca
03bc
00e7
ff6e
0662
f9c4
f8cd
00d5
fcbd
fd43
ff9c
feb4
0015
fe28
00e6
0049
0034
fb0a
ff58
0069
0071
fadc
00c6
fd34
fc29
fd64
ff59
f810
f41b
f9fa
017b
fd3c
fb03
0023
0050
ff97
fc67
fd83
fd8a
f856
0254
fe1c
000f
027e
0467
f9e6
fa94
fea8
fa9e
fdba
01a8
021f
ffa8
00f6
00aa
fce6
00c4
f872
fa3b
0033
ff17
0107
fd57
00dd
f950
020c
fb4e
0026
f983
fa59
ff22
fd28
f176
faf1
0079
f8a0
fbba
fe5d
f717
00ec
006f
f3d2
fe17
0018
f8b9
00ac
0089
f8cc
0082
0013
0022
0082
0091
000a
00dc
fde1
fc5e
00ce
0055
0038
efb1
0026
ffb3
fe8e
fa54
00ab
ff06
fb8b
00a0
fe25
00aa
ff1a
ff72
ff10
0028
0120
0028
fe20
0061
0036
004a
0035
00f9
f797
0051
026c
0007
feeb
007a
03f6
002e
ffb4
0683
f99e
f8a4
0060
fc9a
fd34
ffaa
febb
005d
fe79
00b3
00af
0076
fab2
ff62
004b
00c5
facb
00da
fd78
fc05
fd9e
ff73
f80f
f3f5
f9a1
01cc
fd0b
fae7
0026
005e
ff47
fc44
fd2e
fd70
f7e4
0285
fe07
00ca
02ca
0478
fa0c
fa82
fed9
fa7a
fd6c
0169
0228
0026
003d
007f
fce7
000f
f839
fa25
00da
fef4
00de
fd11
0018
f989
0258
fb52
0031
f930
fa20
ff4f
fd41
f0ea
fb05
006c
f841
fb78
fe87
f710
0027
0079
f314
fdee
007f
f876
00eb
0060
f86b
007c
005e
003d
008d
00b9
0044
00db
fdf8
fc02
001b
00c0
0034
efcd
00d7
001b
fe58
fa12
000a
ff16
fb66
0081
fe07
00fc
fea8
ff6a
ff69
004b
011c
0042
fe6e
00d1
007f
009f
0052
00a6
f71e
0018
027d
002a
ff39
00ed
03eb
0097
ff87
06a1
f92e
f872
00e0
fcd2
fd27
0030
fea6
0042
fe6f
0092
0049
005f
fa5d
ff3c
0019
00bc
fab9
008d
fd40
fc4b
fdc1
ff5f
f7b7
f382
f996
01bb
fcf0
fad0
0022
0090
ff50
fc12
fd03
fd6b
f7f8
027d
fdc6
0054
02f5
04a4
f9e4
fa44
ff07
fa8f
fd9c
0198
0284
0042
00ac
0021
fcc3
000a
f835
f9e7
0044
fe99
00da
fc9a
008d
f991
02a7
fb8f
002d
f8cc
f9c5
ff9a
fce2
f04c
faca
00dd
f847
fb18
fe71
f705
00ea
0087
f2fa
fdaf
0009
f828
005b
0055
f815
007a
0048
00a2
00bf
0096
0060
0035
fdc6
fbdb
0056
00bc
00a0
ef39
0065
fffa
fe5f
fa39
006c
ff15
fb82
00b5
fdf2
00e5
fea3
ff6d
ff7e
0067
00a6
004c
fdf7
009b
009d
0090
005d
00e8
f6f9
00b1
027d
005a
feff
0060
03e6
00c4
ff9d
06bb
f952
f879
003e
fc96
fd1f
005a
fe85
00a5
fe7c
0081
0089
00b6
fa59
ff5b
003b
007a
fab3
00bb
fcde
fc7a
fdcc
ff94
f78a
f348
f993
0219
fcf3
fa9b
004c
00af
ff37
fc3d
fce5
fd78
f7a2
028c
fdbd
00e9
02da
04c2
f9a7
fa7f
fe8e
fa99
fd79
0194
0251
0041
00c9
0080
fc9b
001f
f809
f9e9
00e0
fea8
00f9
fc33
0093
f98f
028e
fb49
0049
f8d6
f9d8
ff9d
fcbd
effc
fab9
00c1
f83c
fb2b
fe6a
f6a0
0010
007e
f2be
fd8e
007a
f7f6
005f
004d
f810
008a
006a
00c5
0074
00b1
0085
004b
fdd2
fbbb
0078
008e
0072
ef49
001a
ffda
fe41
fa0b
002b
fefe
fb3d
00c3
fe33
00ff
fe85
ff56
ff4c
00a4
00d4
006b
fe00
0058
0099
0082
0088
00f1
f720
0080
02b3
006b
fee9
00f7
040c
000f
ffa4
070d
f967
f840
00d1
fc6d
fd06
0024
fe7f
0088
fe7f
0095
0033
00cd
fa17
ff19
0034
00be
faa4
00d6
fd07
fc2a
fe1f
ff79
f756
f2c8
f98a
01f2
fceb
faa9
0008
00c8
ff2d
fc58
fd03
fd65
f781
028b
fd99
00b4
0338
04cc
f9a6
fa50
fea4
fa53
fd69
016f
0294
005c
0050
003e
fc7f
007a
f7c7
f978
0050
fea3
00f8
fc79
00ef
f9a1
02c3
fb0e
0069
f88d
f998
ff6f
fcad
efa7
fae0
00bc
f7c2
fb07
fead
f63d
00b9
0090
f289
fd8d
003c
f7c4
001e
0054
f7f1
006d
0028
0020
00a0
00ed
0057
00b3
fd96
fb88
00b1
00a6
001a
eef9
00bd
ffc7
fe33
f9f3
00b2
febc
fb41
00f8
fe2b
0115
fe7e
fed4
ff73
00ea
00a3
002e
fded
00f6
00ea
0095
0099
00fc
f6cc
0015
02c0
0064
fee0
005b
0468
00c9
ffad
075a
f916
f7fb
002b
fc3b
fd12
0050
fe33
009b
fe49
0067
00d1
001f
f9f7
ff2c
002d
00c2
fa76
00de
fcb4
fc11
fde1
ff66
f712
f2bf
f8f4
0205
fcba
fa74
0042
00b9
fef4
fc32
fca9
fd6d
f713
028c
fd8a
0046
0341
0519
f98f
fa44
fe73
fa50
fd5a
01d0
02e6
00cd
00dd
00a7
fc6f
0050
f7b0
f94a
00d5
fe7b
011c
fc03
002d
f9a7
02c9
fac1
008a
f85c
f97e
ff53
fc59
ef4c
fad7
00e1
f794
fad4
fe6f
f65d
004f
0095
f24e
fda8
00ca
f7fb
0052
00b3
f838
004d
ffd9
0058
00a1
0009
0075
00ef
fdf2
fb99
00db
005d
001d
eeee
0061
fffc
fe7f
f9e5
00e7
fe7e
fb46
0002
fe09
0113
fe8e
fe94
ff26
00d7
00ec
00f4
fdba
005c
00f7
0071
00a7
00a6
f637
00ea
030e
0061
fecf
00db
0467
0009
ffaf
0763
f89c
f815
00a2
fc86
fcf2
002f
fe3d
00c1
fe89
0033
0051
002f
f9f8
fef6
0061
0109
fa89
0076
fcd1
fc4b
fe4d
ff3d
f756
f299
f8f4
0225
fcad
fa77
0052
0078
fee6
fbbf
fc2d
fd4c
f6dc
02ea
fd56
0008
0354
0545
f9b4
fa74
fea6
faa1
fd29
01a6
031a
00d0
0054
0046
fc6d
0035
f7ac
f980
0044
fe6f
00cf
fc22
006a
f997
02bf
fad7
0091
f866
f986
ff57
fc8d
ef8e
fb34
00b9
f7b1
fb01
fea1
f67c
00e8
007f
f25b
fda8
0051
f7e6
0027
0094
f82d
0061
fffb
00c7
00b5
0050
0046
002a
fdca
fb84
003e
00b3
00cf
ee76
00f0
ffc1
fe65
f9c2
003b
fea4
fb3a
0024
fe1e
0153
fea3
fe65
ff49
00dc
0117
00a4
fdc0
0007
0017
00bd
0081
00cb
f5e9
0086
0308
0056
fef1
0035
0471
00b7
ffbb
078d
f84b
f7eb
002f
fc6f
fcd2
005c
fe19
00cf
fe6a
0040
00a8
0066
f9f0
fee2
009d
012e
fa79
008d
fce6
fc63
fe48
ff4f
f71d
f271
f8b6
0285
fca4
fa15
002f
007a
fede
fbf5
fc23
fd38
f6aa
02c7
fd5b
0004
036b
054a
f9a9
fa30
feba
fa99
fd52
01ee
0339
00f4
00ef
00ea
fc97
0080
f7aa
f97a
00bb
fe59
00dd
fbdc
00be
f995
02b8
fad3
009f
f833
f983
ff73
fc0c
ef4c
fb1f
00d9
f774
fad0
fe4b
f697
009a
00d7
f25d
fd89
00d9
f7da
0033
00d0
f842
003c
ffca
0023
00a0
008d
0034
0034
fdd4
fb5d
00cf
00c5
0069
ee5a
0029
ffd5
fe7d
fa1c
0078
fe97
fb52
0089
fdc2
011b
fea3
fe88
ff2d
00d2
00f6
005e
fdd5
0088
0032
00a7
0083
00b1
f5c0
002f
02d5
0049
fec3
00c7
045c
0012
0003
072a
f81a
f819
00c5
fc60
fcf1
0035
fe46
00f3
fe92
0054
00bc
00e9
fa17
feee
00ec
0115
facb
0081
fc80
fcbd
fe5e
ff8d
f732
f2bd
f84d
02a8
fcc7
f9fe
0075
fffc
fece
fbd5
fc29
fcf7
f661
02b3
fd31
0066
0346
055e
f9cb
fa9d
fefd
fa8e
fd2f
01c4
02c7
0017
0044
0039
fc94
005b
f7c8
f9e0
004d
feab
00fa
fbf6
009d
f9a1
02b2
fae5
00db
f867
f98d
ff77
fc61
ef5e
fae1
004f
f7b9
facc
fe76
f6a0
003f
00e4
f26b
fd6f
0077
f7ac
00f4
00be
f842
0049
000a
0095
0093
00da
0036
007b
fe35
fb6d
002e
00e4
002f
eeba
00c7
000d
fe47
fa12
00c4
fec2
fb39
0082
fdb0
0135
fea5
fed2
ff1b
00c9
0119
0047
fe18
001a
00a8
00ac
0081
00c7
f635
00db
02c4
0020
fee6
0021
044d
006f
0003
06fd
f850
f7fb
0048
fc54
fcfc
001e
fe4d
00ec
feb5
0047
0018
001d
fa35
feee
00ba
0102
fab7
00b2
fcac
fc79
fe79
ff56
f71e
f2fd
f876
029b
fcef
fa1d
006a
fff0
ff01
fbb9
fc54
fd25
f682
02bd
fd74
00cc
0354
0547
f9d4
fac2
ff44
fa52
fd25
0169
0298
0043
00b4
0002
fca1
0099
f7c1
f9ff
00c5
fe74
0101
fc3d
00dc
f9a7
02a4
fafc
00c5
f8a7
f9af
ff67
fcb0
ef5d
fad1
0049
f7eb
fac1
feb6
f62d
0073
0095
f236
fd7d
00ce
f797
0009
008e
f7e2
0072
001b
00d5
009b
0032
002b
00d4
fe2c
fb6c
00bf
003a
0027
ee98
006c
ffd7
fe2f
f9ef
005e
fec2
fb48
00b2
fde7
014a
fe8e
fef6
ff57
0009
00f5
009c
fe46
00d0
00d9
001b
008d
00c6
f631
0077
02c1
0043
fef3
00a8
049a
00e3
ffe3
0720
f81c
f80d
0005
fc2e
fd06
0035
fe46
00a3
fe8b
0050
009d
006f
fa1f
ff1d
008b
00ca
fa65
00b5
fc84
fc27
fdfb
ff6e
f6e0
f2be
f8bc
026f
fcea
f9da
0056
0084
ff28
fbb4
fc93
fd47
f69b
02cc
fd79
0082
0357
0542
f98f
fa55
feee
fa0d
fd5b
01f9
02e6
002a
003c
0098
fcae
00c3
f7ac
f96f
0011
fe54
0140
fbd3
0039
f974
02af
fb1a
00a8
f855
f94f
ff60
fc06
ef13
fa7b
00d9
f7a7
fa9d
fec8
f63b
000d
0096
f21f
fd36
0074
f796
00c6
009f
f7a8
0095
0007
0015
00b6
00a7
0032
00e3
fe31
fb2f
00d7
0082
000c
eea3
0007
0023
fe06
f9d2
00cd
fec9
faf9
00b3
fdc5
0164
fe70
febc
ff33
0043
00e2
008c
fe5d
0064
000c
003e
009e
00c0
f5f0
003a
02de
0036
fef7
001d
048a
001c
ffec
0746
f7c3
f7fd
00ba
fc1f
fd1e
0044
fe59
00aa
fec8
0061
00f3
00ab
fa24
ff12
009c
00d9
fa63
00a3
fc88
fbe9
fe2b
ff54
f6ec
f2af
f89f
0284
fcf2
f9f3
0086
0057
ff0b
fb6f
fc57
fd35
f66e
0300
fd50
0008
0387
053a
f97d
fa90
ff27
fa1e
fd3c
01cf
02d7
009d
00b9
0050
fc7d
00c0
f795
f9b7
00c5
fe34
0132
fb9f
0093
f9a9
02c3
fae2
00ba
f89a
f992
ff75
fc49
eee2
fa88
00db
f7d3
fa83
febd
f63e
00e2
00b3
f1e5
fd30
002c
f76c
008d
00a5
f7ae
00b8
0009
0097
0084
0005
004a
008c
fe2f
fb3a
00cb
007d
00e6
ee9f
007e
005b
fe12
f9a5
0007
feea
fb02
00e5
fdc4
0162
fe93
fe89
ff0b
0085
00f4
006e
fe69
0013
0048
0025
009f
00b9
f5b6
00d5
0301
0046
ff1a
00b9
0482
008d
ffd8
072b
f7b5
f80d
006b
fc5f
fcfb
0018
fe72
00b3
fee7
004b
0073
00bb
fa1e
feea
0078
00fa
fa72
0092
fc57
fbc8
fe05
ff21
f718
f29a
f880
025b
fcd0
fa47
0051
0061
ff34
fb29
fc0b
fd1f
f676
0307
fd65
00b5
0391
0566
f9a2
fa41
ff18
fa4c
fd14
01a5
02e1
006a
0006
0015
fc47
00bf
f75b
f9c8
0077
fe50
010c
fc35
00cf
f97b
02ec
fa9b
00e5
f896
f9b2
ff67
fcdf
eec7
faeb
00c8
f7ba
fa6c
0025
fe1f
ff0f
fdd3
ff82
fec9
ff21
fe8a
0191
00c9
009e
ff7e
0067
0060
ff41
00f3
ffd2
fefa
ff5e
ffc5
fe91
ffd9
ff41
fd2c
fc13
fe9e
fe7b
ffbd
0038
ff59
0090
ff84
fe55
0052
ffe9
fcef
0007
0003
007b
fe78
fda8
ff01
0010
00b6
009b
ffb3
ff12
006e
fdac
fec4
009c
0013
0115
ffad
ff18
0064
ffdb
fc63
fef0
ffa8
fef7
ff5d
fe1e
ff59
fff8
fc89
ff6f
00da
ff30
00e9
004b
007e
fe7e
ffe6
0063
fccf
fdf9
fe23
0003
0023
fdec
fd51
0067
fee0
ffbb
fe2c
fdfc
ff3a
fe5b
ff1b
fead
fd44
ff56
002f
005a
001c
0069
fdde
ffd7
fe1c
0022
00a2
02d4
fd58
0036
0052
00c7
00a6
fe13
fe3a
ff42
ff02
fca9
ff70
fec3
fee1
fe2c
ff5e
00f2
fef6
ffe8
febb
feda
ff84
00bc
0000
fd37
00da
00b1
fd1d
fddb
fce7
ff7c
fd76
fe64
fd9a
021f
00e5
0043
ff48
00a9
0017
fef4
0104
ff0e
fe4b
ff13
0008
fcd3
ff00
fdcf
fa88
f931
fd7a
fd24
ff8b
0073
fef9
00e3
ff10
fd70
00a3
fff0
fae0
ffd8
0049
00a3
fcf2
fb62
fe03
00eb
0030
004b
ff2c
ff39
0099
fbf7
fdff
0161
fffb
018b
ff65
fe46
00c1
0042
f9c5
fe53
ff70
fe1f
ff40
fc22
ff27
007e
f9ac
febf
007d
feb9
00dd
000e
006a
fdaf
ff7d
00c1
fa82
fd47
fce6
00a3
005c
fd08
fb66
007e
fe00
ffe0
fd3b
fbf2
fef4
fd4c
fe55
fdfd
fa3c
fec3
005e
0060
ffe1
011c
fcef
ff36
fc9b
00e8
00bd
04d9
fb3b
ffe8
004d
0101
00cb
fccc
fd5f
fec1
fe58
f9fa
fee1
fd68
fe8e
fc53
ff03
007b
fe2e
0031
fd3e
fe24
ff44
0033
000c
fb6f
0162
0022
fcaa
fd1b
fc56
ffe5
fc38
fe1e
fcfa
027f
0168
00ce
fe8c
003e
00bb
fece
016f
feb5
fd8c
ff1f
ffcf
fba0
fe76
fd7f
f90b
f713
fcb7
fc47
fee7
006d
feb5
00d1
fe6c
fc69
0121
ffdd
f94d
ffbd
0022
0069
fc46
fa5a
fd19
00bb
00a9
00d2
ff34
feb4
00ca
fb03
fdae
022e
ff51
01c9
ff00
fd3f
00f5
0034
f817
fdca
febb
fd20
ffb2
faac
feaf
0002
f742
fdd0
009a
fe74
006a
006d
0025
fd21
ff56
0061
f82c
fc89
fb87
0016
007b
fc31
f9a4
00a1
fd5e
0011
fc39
fa76
fea8
fcab
fdd6
fd72
f8e8
fe2b
006c
007f
ffea
01be
fc1f
ff1e
fbff
0097
0105
064c
f977
ffd7
00b2
0191
0126
fbc9
fc9c
fe82
fdb9
f7f5
feb3
fc92
fe70
fafe
ff2b
0028
fd6b
0079
fc3d
fe1f
feb9
00de
005f
fa18
01a3
00f2
fbd8
fc57
fbec
ff4e
fb09
fe17
fc9c
02fa
017b
00f6
fe2b
00db
008f
fe30
01a3
fe6f
fce0
ff03
ffab
fb0f
fe33
fd30
f7ce
f540
fc79
fb21
fe40
007d
fec0
008e
fe4b
fbc4
0166
ffd5
f76d
ff80
0006
004e
fb9e
f9aa
fc34
0098
0036
006a
febd
fde8
00be
fa4c
fcf0
029d
ff26
0251
feca
fc84
0147
ff97
f69b
fdda
fe93
fc6f
fff8
f992
fe76
0096
f5c1
fd6c
00e7
fe16
00be
0001
0065
fc6c
ff66
00cf
f68d
fc0a
faa4
0073
00a1
fb79
f8c9
00d3
fcdb
ffe9
fb89
f8f1
fe3f
fbca
fd58
fd11
f737
fe04
003e
00c0
ffdd
020b
fb0d
ff51
face
0054
00fb
07a1
f839
000b
004a
01b4
014b
faef
fbb9
fe67
fd64
f65c
fe53
fc2c
fe44
fa54
fee2
00df
fcd8
004a
fb7d
fe6a
fec1
00f1
008e
f91f
018b
0082
fbbc
fc32
fb6d
fecc
faab
fe5d
fbe9
038d
01a8
004e
fdf5
00c0
005e
fe5e
0179
fdcd
fc81
fe7c
ffcf
fa80
fe94
fcd9
f710
f410
fc29
fb0d
fe86
0048
fed8
0037
fe24
fb87
015a
005c
f65b
ff25
00f2
0006
fa65
f8f2
fc21
0064
0097
00d3
fee6
fd7c
00f1
fa8d
fcf3
02e8
ff28
029a
fed9
fc07
014f
ffa0
f649
fdc5
fec2
fc01
003d
f869
fe2f
00d0
f531
fd3b
0071
fd9a
008f
0002
0080
fbef
ff37
0010
f622
fb59
fad4
005a
00a3
fa9b
f8d6
00a9
fc69
ffff
fb27
f80e
fe03
fae1
fd0a
fcdc
f68e
fdef
0052
00e1
ff6b
01ef
fab9
ff66
fa57
00e5
014f
084c
f789
ffeb
009f
019a
0128
fa59
fbbf
fe53
fd47
f593
fe92
fb7d
fdc9
fa0d
fe9a
0069
fc35
0030
fb4c
fe4c
fe5c
00eb
0083
f853
0185
00c7
fb46
fc1e
faed
fe90
fa78
fe6c
fb4a
038b
01eb
0051
fde7
00c2
0064
fde3
01a2
fe0e
fc71
fe87
ffa4
fa71
fe68
fcf3
f652
f359
fc34
fa90
fdc9
004f
febe
0050
fdd1
fae4
018c
0088
f5f0
ff2f
00b6
ffef
fa6d
f885
fba8
0053
00e8
0013
ff09
fd03
0016
fa48
fc94
0303
ff11
02b8
fe5e
fc10
0114
ff60
f656
fdc9
feb6
fbac
003b
f866
fdc6
0056
f446
fc8c
00c9
fd80
00f8
00bf
0002
fbf1
ff03
002b
f5af
fb4a
fa4e
0060
00fe
fa23
f87c
0028
fc7d
0010
faa5
f83e
fd7f
fa92
fcc7
fc45
f687
fd83
0058
012e
ff76
01d1
fab4
ff78
f98c
00ae
019c
086a
f6de
ffac
00c8
01ef
0137
f9e4
fb81
fe8e
fd52
f519
fe2f
fb7c
fdb2
f9bd
fec7
000d
fc1c
0087
fb0b
fdcf
fe2a
00c0
006f
f819
01b4
0097
fb18
fbe9
fad9
ff35
fb14
fe7f
fb90
03dd
0222
00d8
fdbf
00a0
003d
fe95
01ce
fe93
fc7c
fe88
ffd8
fa8f
fe8b
fcef
f5bc
f2d0
fb3f
fa45
fd9f
007d
fe46
00da
fdb7
fac5
01a6
004e
f59a
ff62
0088
ffdd
fa00
f813
fb85
004b
0069
00bf
ff0b
fcbf
006d
f973
fcbc
0303
ff2d
02bd
fde9
fc30
0172
ff9b
f60f
fd8a
fe7c
fb2e
fff0
f865
fdbd
006f
f38c
fc8c
000a
fd93
00db
00d5
00dc
fbb4
ff0a
0095
f4e4
fab6
fa15
00aa
0134
f9ae
f7de
0060
fc80
0042
fb19
f7e7
fddf
fa97
fc86
fc49
f5d1
fd39
0072
00bf
ffae
0218
fa17
ff8e
f94d
00fb
01f2
091d
f614
ffb6
00c6
01f8
00f7
f977
fb3d
fe14
fcb7
f475
fe11
fb7f
fd5b
f959
fedc
00eb
fbb0
0019
fb1b
fda2
fe64
00a3
003b
f741
0167
00da
fab5
fbc0
fa48
ff06
fab9
fe30
fb2d
03cf
0257
005c
fd66
00a8
0011
fe32
01bf
fe1f
fc15
fdf6
ff70
f9ad
fe10
fca5
f58f
f21c
fabf
fa25
fde9
0073
fe4d
0076
fd86
fa4b
01be
006b
f522
ffbf
0010
0028
f9ae
f7db
fb88
000d
00ee
0036
ff12
fc53
00b8
f978
fcd7
033f
ff28
0290
fdb3
fba8
01b0
ff1c
f581
fdac
fe52
fb2d
ffca
f7f9
fdaa
00e5
f2bc
fc6f
0096
fd7b
0077
0071
004c
fb1c
fee2
0037
f466
fa67
f9b9
00b7
014c
f9b7
f740
00a7
fc1e
001b
faa4
f781
fdc2
faa4
fc8c
fc50
f59d
fd7d
0093
0132
fefa
0265
f9ef
ff96
f97c
0071
01c3
09c5
f57d
ff72
0007
0220
015b
f919
fa93
fdeb
fccf
f383
fe20
fb11
fd4b
f8b2
fec1
00e4
fb17
fff9
faba
fe48
fe3a
00cc
004c
f6fd
01bc
00b6
fa10
fb56
fa3b
fea4
fa91
fe65
facb
03f6
026b
00a6
fd1d
009c
0095
fe64
01e5
fda4
fc5e
fe0f
ff55
f9a3
fdf4
fbeb
f4d0
f1d5
fa69
f9e2
fe3e
0080
fe31
0025
fdda
f9e7
0168
0056
f52c
ffcc
003c
0068
f9e6
f838
fb58
0025
0019
0028
fe9f
fc4e
0071
f906
fc77
0389
ff4b
02f7
fdd5
fb90
020a
ff28
f520
fd8b
fe4d
fb3a
ff91
f7c4
fd80
001c
f1e6
fc49
002e
fcc3
0087
0085
0063
fb5a
fe31
008f
f438
f9f8
f962
0082
011e
f976
f68b
005d
fb9e
006e
faca
f775
fda3
fa94
fc89
fc05
f573
fd24
00db
0145
ff45
0282
f9b2
ff8d
f94a
0023
020d
0a22
f5ae
ffbc
006f
0234
0131
f8fd
fa15
fd8d
fc8c
f2f8
fe26
faf5
fd70
f948
fe9c
0070
faa2
ff89
fa5f
fe0b
fd87
0078
00d0
f61d
0170
0018
fa2e
fb20
fa56
fec7
fa8f
fe81
fa66
0475
0261
0065
fd1e
00b4
007a
feb1
01ff
fd8a
fc4e
fe30
ff94
f95d
fdfc
fba7
f483
f1af
fa76
f992
fd84
003c
fe46
0034
fd81
fa04
01ab
00cb
f531
ffa0
0032
0063
f93d
f777
fbac
0011
00bf
00d5
fe9c
fc74
006a
f8c1
fc5b
03b6
ff1e
0312
fd93
fb66
01d0
ff52
f449
fd90
feb3
fb08
ff3b
f75d
fdba
0099
f203
fc09
00c4
fcf1
0044
0015
0025
fbe2
fe6b
0086
f44f
fa03
f94d
00c8
0185
f968
f645
00dd
fbf4
009a
fa65
f705
fd93
fa6c
fc5a
fc1f
f4e4
fcf2
00a8
012f
ff62
027e
f9ec
ff8a
f908
0014
0217
0a91
f59d
ff5d
00ab
0204
0125
f910
fa6d
fd88
fc82
f2fa
fe2f
fa89
fd3e
f8f3
fe9a
002c
faf3
0000
fa2a
fd84
fd7e
0057
008e
f663
01ab
0050
f9d6
fb0c
f9b3
feb2
faa7
fe70
fa52
040f
0246
006a
fd21
008d
0023
fdd0
01d5
fdca
fc57
fe21
ff6a
f96b
fde8
fbed
f4a3
f1a2
fa7b
f9c5
fdf0
00b3
fe2b
0082
fd7f
f9f9
01ba
00be
f54e
ffca
0041
00b2
f986
f7c2
fb31
00c4
003a
0038
feaf
fc34
00af
f937
fbea
03d3
ff3e
0338
fdb1
fb7f
01c5
ff43
f4eb
fdd9
ff06
fb32
ff1c
f7c3
fd31
0038
f275
fc0a
001c
fcb8
002c
0076
00ef
fb6e
fe4b
00c2
f440
f9ec
f92a
009d
0159
f9bf
f685
00aa
fc19
fffe
fa36
f770
fd78
fa88
fc64
fbf6
f555
fce1
00a8
012e
ff57
0264
f99e
ffa9
f8f7
002c
01c9
0a91
f56e
ff99
00ef
01fd
015c
f917
fa31
fde6
fc6a
f2f9
fe1a
fadd
fcf7
f908
fecc
002f
faa3
ffc4
fa4d
fd03
fd33
007e
00cc
f665
0169
00d9
f984
fb12
fa10
fe84
f9c2
fe09
f9fc
0427
0215
0066
fd0b
000d
00dd
fd0c
0225
fd8a
fc41
fe1d
ff66
f92f
fd8a
fbb1
f44b
f134
fa81
f985
fdf8
00a0
fe27
0063
fd6e
f9d7
01dd
00bf
f52b
ffe6
0055
0098
f990
f751
fae0
0041
00aa
0001
fe9b
fc3e
00ad
f89c
fbd7
03fe
fede
031e
fdb7
fb91
0207
ff1b
f44e
fd7e
fef3
fb3a
ff57
f792
fd63
00d3
f23b
fbb7
008d
fc67
00a3
000e
00b6
fb69
fe55
00f3
f419
fa14
f906
009f
00e4
f9b9
f6cf
00d1
fbe9
000d
f9dc
f729
fd68
fa52
fc43
fbc7
f502
fcfe
0096
0186
ff3b
0280
f9ad
ff90
f88d
00dd
017e
0aab
f558
ffa6
0040
0245
01b5
f8ce
f9f3
fdfa
fc93
f266
fe39
faa8
fcfa
f905
fed7
00bc
fa51
ffe7
fa2e
fd99
fcc3
0073
00e4
f5fc
0170
00cd
f9d2
fae7
f9da
ff54
f99c
fe25
fa31
045a
020a
0027
fd50
0071
00b2
fd3e
0218
fd3d
fc68
fde8
fffd
f956
fd80
fb3a
f424
f118
fa41
f93b
fdc9
0093
fe76
0025
fd59
f98b
0182
00b4
f4cb
ffcc
0081
008c
f908
f6cc
fb04
00a6
0063
0011
fec7
fcf9
005c
f839
fc3b
03d1
fed2
032b
fd79
fbb1
020f
ff48
f438
fd22
ff2b
fb6d
ff88
f7a6
fdc2
00c5
f21d
fba5
00f4
fc76
008c
00a7
0073
fb66
fe72
00eb
f454
fa23
f944
0017
00ff
f9be
f667
0006
fc02
0030
fa08
f716
fd5b
fa08
fc35
fbc4
f4e0
fd3f
005d
0116
ff65
0285
fa2e
ff7e
f86e
00b4
019d
0a7e
f575
ff93
0064
0238
0198
f92a
f9d3
fd89
fce0
f275
fe8f
fa34
fd3e
f899
fed3
004d
fa51
002f
fa0c
fdd2
fd49
006c
0096
f610
01d0
00b8
f9b9
fafd
fa2e
ff85
f96e
fdff
fa7e
0468
0209
0039
fd42
008d
00c1
fcba
0258
fd4f
fc51
fd54
ffa7
f9d8
fd7b
fb93
f4b6
f131
fa77
f90a
fd41
00c2
feca
003d
fd6b
f958
0153
0065
f505
ffed
004a
001d
f8dc
f6de
fb52
00cb
002c
000a
feef
fd2d
004d
f7f6
fc47
0389
fefe
0333
fd44
fba7
024f
ff46
f427
fccc
fef0
fb6e
ff70
f803
fe27
00b4
f217
fbb0
001f
fc6d
0055
00eb
005e
fad8
fe7f
0042
f416
f9ca
f906
003f
0072
f9ca
f64b
0044
fc03
0055
fa4e
f792
fd4e
fa2f
fc18
fbd6
f54c
fda1
008a
014f
ff62
023b
fa47
ffce
f8be
0093
0194
0a70
f57c
ffe6
00f0
01d4
01d3
f92b
f96a
fd62
fd38
f26f
fe9d
fa74
fd4a
f8bf
fea3
00df
fa4e
0045
fa07
fe6e
fd87
009d
00ae
f5fc
019e
00dd
f97e
faeb
fa33
ff27
f903
fdd1
fa31
0475
0224
00a4
fd42
00b4
008c
fcc8
02f1
fd6c
fc1e
fdbd
ff3b
f9d1
fd5d
fc80
f47b
f102
fa79
f8b5
fd9d
00bf
fec6
0006
fd55
f8c5
018a
0000
f4a5
ffd6
001a
0011
f8d8
f737
fb05
0081
00b2
00c8
fed8
fcd9
0037
f82e
fbfe
03cb
ff45
0375
fd3f
fb8c
0254
ff1d
f408
fcc8
fe65
fb6a
ffab
f7de
fdef
00d0
f1d1
fbd6
0059
fc1e
0052
00d8
00be
fa87
fe52
0092
f41d
f9a1
f88d
0032
0060
f947
f5d6
0020
fbcf
007a
fa94
f772
fd25
f9d3
fc07
fb8d
f573
fd4b
0054
015d
ffbe
01ed
f9cc
ffa7
f886
0020
01ea
0a94
f555
0072
005d
01be
01cd
f8d7
f906
fd64
fccb
f212
fe4f
faf5
fd46
f925
fed8
0046
fa41
0020
fa3e
fe8a
fd28
009f
0013
f594
0117
0071
f9c3
fb33
fa4b
fe5f
f911
fe49
fa22
0495
0254
0033
fd49
000c
0033
fd51
029d
fdcb
fc03
fdfa
ff01
f9cb
fe33
fc4e
f4b2
f0ea
fab6
f930
fde8
0062
feb9
00e0
fd33
f94c
01ca
0075
f413
ffe0
00bf
0048
f898
f736
fb92
0030
0013
0015
ff44
fd29
0091
f8c4
fc58
039b
fee1
034e
fd35
fb1e
023e
ff54
f4d1
fccb
fefe
fb33
fff1
f77f
fe0c
0055
f2dd
fc49
00f4
fc54
00cd
0022
0077
fb14
fe87
00e0
f4cd
fa19
f927
0065
006c
f8bc
f617
0079
fbbc
0083
fac9
f75c
fce6
f97e
fc74
fb9e
f5a9
fd5c
002a
0183
ff9d
01fe
f98a
ff7d
f8c1
00a5
0192
09ed
f5b8
005a
0079
0190
01ac
f87d
f9ab
fd94
fca2
f222
fe32
fad5
fcf2
f92f
fe8c
00ca
fa32
001f
fac0
febf
fd28
0102
ffd6
f583
0132
00be
f97f
fb69
fa58
fe19
f8e6
fdea
fa04
0459
023c
0046
fcf0
00a8
00db
fd01
0265
fda9
fc0e
fe1b
ff5b
f945
fdb0
fbca
f4aa
f10b
faab
f903
fde6
0081
fe79
0065
fd53
f957
01cc
0074
f4c3
fff4
0082
007a
f933
f752
fb7b
00da
0089
00f1
ff0b
fd2d
0093
f896
fc3b
0367
fec3
0342
fd6c
fb3e
01ed
ff37
f47c
fceb
ff05
fb2e
fff7
f772
fda1
0016
f22e
fc1d
002c
fc5d
00bd
007d
0021
faf0
fe84
0036
f41f
f9d5
f905
0083
006c
f961
f62a
0099
fb8a
0089
fa4a
f735
fd15
fa3b
fc33
fba0
f53f
fd17
004d
01a7
ff80
0239
f9c1
ff51
f8d8
0036
0169
0a4e
f598
005c
00d8
017c
01eb
f8cb
f98b
fd9c
fc9f
f221
fe11
fab4
fd29
f91e
feda
003a
fa57
ffce
fa46
fe22
fcd1
00ce
005d
f5a8
0163
0022
f985
fb87
fb54
fdd3
f8e8
fe09
fa76
0468
0212
006a
fcb9
0033
0023
fd05
0284
fd2f
fcaa
fe08
ff7a
f8fb
fd5c
fbc9
f485
f1ac
fab5
f948
fe00
009a
fe71
001d
fde1
f9bb
01a4
00d9
f4cf
ffda
005a
00e1
f8ce
f7ee
fb83
0075
0011
004f
ff0f
fd3f
00bf
f929
fc43
031e
ff3c
0320
fdbf
fbd3
01f3
ff71
f49e
fcf8
fef6
fb4a
ffa7
f741
fdfb
009c
f268
fc54
00d5
fc07
00c0
004d
0064
faf0
fe13
0086
f4f2
fa01
f9a2
0045
00f4
f926
f706
0027
fb29
00dd
fa32
f6b6
fd8d
f9e2
fbe6
fbc6
f54b
fd31
0058
015c
ffaf
01dc
fa5e
ff5a
f89b
0017
01a9
0a1d
f5af
007b
00c3
0159
0198
f8c5
f9dd
fdb5
fd25
f29b
fe22
fa90
fd4e
f96e
fef1
00a7
fa58
ffde
fa1c
fe2f
fcf1
0039
0094
f540
019d
007a
f9e7
fb8d
fad4
fdbd
f903
feb1
fa59
0444
0256
00ea
fcbb
00d5
00ca
fda1
027f
fd4b
fc87
fdf1
ff30
f987
fe43
fb5a
f3f5
f12e
fa28
f95f
fe03
0061
fe6a
0011
fd7e
f96b
01d4
0005
f442
0041
0011
00af
f8ba
f79b
fb9c
00aa
00ca
00eb
fec2
fd13
00d0
f8ce
fc4a
0359
feb5
030c
fd9b
fb94
0202
ff0c
f508
fd40
ff41
faf6
fffc
f762
fdef
0044
f20f
fc4a
001c
fc06
0066
0085
00ec
fb81
fdde
000c
f4b8
fa46
f99e
001e
012b
f87b
f6ba
0076
faff
00c8
fa8e
f6c7
fd02
f98d
fc57
fbaa
f554
fd22
0045
0169
ffc4
0239
f9f0
ff96
f85e
0030
0145
09fe
f5de
0046
00f5
01f3
01c6
f86a
fa15
fd84
fcbd
f256
fe60
fa79
fd5d
f8e9
fec8
0031
f9ff
ffe0
fa49
fe56
fcec
0080
00a3
f572
018f
00c3
f9e8
fb7d
fb86
fe0a
f8d0
fe11
fa81
041a
01fb
00e4
fcc4
00f8
002d
fd67
02b1
fd31
fca8
fe38
ffcd
f918
fdde
fbef
f3ca
f19c
fae4
f8f5
fd13
00ad
fe80
00a5
fd8e
f961
0200
0004
f4bc
fff2
0025
00cc
f903
f7a9
fbc2
007d
003b
003b
fecc
fd04
00de
f8f5
fc45
0321
fea5
02e8
fe09
fbec
01bd
ff08
f473
fdaa
feff
fb4a
0025
f71c
fe2a
00ef
f29d
fbf2
00c8
fc18
000a
00f1
00f2
fb4c
fe2e
002e
f44f
fa30
f9be
009b
0134
f8c8
f759
0093
fb4c
0006
fa12
f6ab
fd97
fa2f
fbac
fb2f
f531
fccc
0009
017c
ffff
020c
fa02
ffbd
f864
001c
015f
0a30
f61a
fff6
006f
01ac
022f
f8bc
fa52
fd9f
fcb1
f275
fe50
fac5
fd94
f911
ff11
00c4
faab
0002
fa39
fdf0
fcb8
0042
00b4
f5da
0181
0006
ff4f
ffa2
ffe5
fd51
fdae
ff5f
fe5c
ff03
009e
ff53
00a8
0080
ff42
fdc4
ff6d
fec2
ff01
0042
ff4f
fee1
fd82
ffb5
fe61
fed1
ffb7
ff40
ff59
0062
002f
ff8b
ff61
0031
0101
ffd8
fd31
fec9
ff0d
fe65
ffbc
fe9c
fd51
0000
ff37
00a9
feef
fee1
0036
001d
fe17
0164
ff66
00f2
fe80
006e
00c3
fd5f
0065
ff75
fe91
fe3e
fff4
0008
fe93
fff2
fdc7
fe00
fe18
ffcd
fd14
ff2d
ff72
001c
ffa0
007b
fd8f
003b
ff17
0000
feac
0029
005d
fe24
fe24
fc21
fe45
fc2c
fed7
fd47
ff27
0000
ff08
fe92
00ca
00c6
ff2a
00da
fd72
0091
ff8f
ff19
ffdf
0063
fc29
ff47
0079
ff2d
ffd3
fd13
00d7
0173
fffb
feb1
fe4e
fed9
ff1f
ff63
00ac
ff26
fd45
ffb9
fe02
ffcd
fdb8
0031
0031
00e8
ff12
ffee
feec
ff39
001b
fbb3
fbcc
ff3e
fdaa
fe38
0048
fedc
00d4
0007
fe8a
fca3
fee5
fdb5
fed9
0061
ff2b
fe67
fce4
ff6e
fd0e
fdc3
ffac
fed1
feb3
007c
0032
ff46
fec3
0032
01da
003b
faea
fe6e
fec8
fd18
ff7b
fdb8
fba4
ffff
ff78
0036
fe43
fe17
fff6
006d
fcda
0265
fe9e
00fb
fdb0
00b7
011e
fb16
00cd
ff0d
fd75
fc63
0067
ff28
fdd7
001c
fc40
fc83
fcde
ff8a
fb49
fe63
fea1
003b
feda
006f
fc51
0014
fea5
0039
fe46
fff5
00f4
fcce
fca2
fa2b
fd58
f972
fd96
fb5c
fe24
005b
fde9
fde3
001a
006a
ff38
0098
fb81
01c4
ff51
fecf
0028
00f5
f992
fed9
0043
ff4c
ffc9
faac
0087
01d9
ffd1
fd9a
fd63
fd9b
fe6a
ff25
0175
fe4f
fb3e
ff02
fd05
ffae
fbf6
003d
0069
0077
fecc
ffe9
fe59
ff33
0051
f9b5
faff
fe91
fc42
fd6f
0094
fe7e
0049
0093
fdeb
fbd9
fe71
fcdb
fe7e
012d
feac
fd18
fb98
ff9d
fbea
fd34
ff7e
fe8a
fdfd
00b3
0056
ff3c
ff02
00e1
0282
006d
f9d4
fd1f
fe5d
fbb7
ff6e
fc84
fa24
ffad
fec3
00bd
fd8e
fce8
000d
0109
fc77
0311
fdbf
0107
fcdc
0065
0177
f9e0
00fd
fe5d
fcb3
fb49
00c3
fea0
fcae
005b
fb6b
fb59
fbd0
ff05
f9ca
fdd6
fe17
0049
fe4e
00cc
fb3f
003e
fe36
007d
fd47
ffa7
005a
fbdf
fb95
f81b
fc58
f771
fc46
f9fa
fddc
0025
fd7f
fd14
009c
006e
fe89
00f6
fa1a
0234
ff48
fe4c
0083
011e
f79d
fdee
00c5
fe81
ffd8
f8a5
0084
029a
ffc9
fd1a
fcce
fc47
fe10
ff7e
0196
fdf2
f9bf
fee1
fbfa
ff6f
f9d1
fffd
001a
00af
fe4e
0005
fdff
ff06
fff7
f897
fa05
fe7a
fb22
fd52
005f
fe6e
00dc
0051
fd7e
faad
fe58
fc80
fe5a
019e
fecd
fc0d
fa84
ff6d
fb41
fc41
ffd1
fe38
fdb4
0056
00f1
ff81
fee5
00a9
02c1
00e1
f8fc
fca8
fe72
fae6
ff83
fb06
f900
0035
fe3d
0041
fd83
fcc9
000b
00e6
fc14
037c
fd9e
011f
fc6c
0083
0183
f9c3
0039
fdac
fc0b
fa6c
00d3
fe51
fbb7
0093
fa7f
fa66
fb22
fe9d
f910
fd27
fe15
0019
fe68
00dc
fa4b
0022
fdf0
0077
fd2b
ff8a
00ac
fb8a
fb25
f65f
fb98
f65a
fb31
f879
fddc
0026
fcdc
fcab
00ad
002f
fde5
00ef
f90e
02fe
fec5
fe09
00c0
0181
f61f
fd61
0087
fe34
001d
f75f
00f0
034f
ffb6
fcc1
fcde
fb62
fddb
ffea
01fe
fda3
f83a
fe8d
fb2f
ff9a
f8e2
0081
0017
008f
fd8f
002d
fdb2
ff1c
0045
f796
f9a0
fe5d
fa70
fca7
008d
fe1c
0033
00c8
fd09
fa4a
fdec
fc2d
fdf5
022f
fe8c
fac4
f948
ff9b
faeb
fc0f
fff1
fe05
fd24
0073
0096
ff5e
feaf
0098
0328
0002
f822
fbaa
fe5f
fa1a
ff70
fa4d
f82f
001c
fdb1
00f5
fd21
fc3f
0006
0199
fbd0
0411
fc94
014b
fc39
007d
01de
f94e
0031
fd1e
fb85
f9b9
00ce
fdb8
fb3f
0094
f9df
f9b9
fa9b
fe6d
f815
fc95
fdf2
0028
fe2a
003d
f983
002c
fd99
00a0
fcca
ff85
0059
fae5
fae6
f540
faea
f522
fa55
f757
fd53
002e
fcad
fc32
00d9
0015
fdca
009d
f82a
0356
ff01
fdab
0008
01fb
f4ed
fcd2
0021
fdf9
ffc6
f63b
0091
0393
ff8c
fc12
fcb0
faaa
fd5d
000c
0241
fd67
f793
fe1b
fa82
ff87
f7e9
00c3
000a
007e
fd59
0035
fdd3
feb8
0049
f747
f8db
fef6
fa76
fc9f
00dc
fe35
0068
007c
fcc2
fa4e
fdc2
fb9f
fdd2
01c2
fe60
fa9a
f942
ffb7
fac0
fba7
0071
fe16
fd1a
0054
00aa
ffbe
fe84
0073
033f
008a
f705
fc00
fe98
f9de
ff5a
fa14
f802
00cb
fd30
0067
fcd3
fbb2
ff94
0171
fb7f
04b9
fc0e
011f
fc42
0046
01c1
f815
002c
fd3a
fb2c
f8f8
0040
fd4c
fb3b
00b4
f973
f9ca
fa2c
fe35
f783
fc55
fdac
006e
fdde
00de
f930
0016
fd36
00c1
fd03
ff3a
00b1
fa55
fa9a
f4ed
fa90
f3ec
f9a7
f667
fd20
0099
fc53
fbf9
00a3
00ac
fde9
00b4
f787
03dc
ff2a
fdfb
009f
0214
f462
fcfc
00f0
fe63
ff81
f564
0046
033c
ff4b
fb92
fc60
fa47
fd40
ffd8
0237
fd87
f6f4
fe52
faad
ffbe
f7b4
0057
0066
0085
fd1d
005d
fdc3
fe9c
ffcb
f754
f937
fe78
fa2c
fc8d
0063
fe1c
002a
0043
fce0
f998
fd64
fb2e
fd68
015c
fe73
fa2e
f88e
ff68
fa97
fb93
001b
fde9
fd1d
008d
008a
ff31
fe60
0063
0353
0087
f714
fb9c
fe51
f9d9
ff38
f9e1
f765
002e
fdd1
00e5
fcf9
fc37
ffee
017f
fb14
04af
fc7e
0133
fbf1
0071
01e6
f880
0058
fd36
faf1
f8af
0013
fd81
faf3
00c5
f908
f933
fa36
fe43
f71d
fc72
fd73
003c
fe2a
007a
f846
00f0
fd36
00b9
fca4
ff79
0085
fa4d
fa52
f3e0
f9f1
f33a
fa11
f628
fcd0
00ba
fb92
fbd4
0033
0073
fd97
0097
f73a
03bb
fe74
fdc0
0090
0244
f379
fc5e
007d
fe35
ffde
f535
0003
0431
ff92
fb9c
fc3d
f9d0
fce1
ff98
0246
fd5d
f6bd
fe34
f9cb
ff29
f778
0086
ffe4
00c8
fd4e
0054
fd6a
feee
0001
f700
f8af
fe4c
fa19
fc92
00cb
fd9d
00a8
00c0
fcb6
f913
fd46
fb5d
fd52
00e1
fdf9
f971
f7bc
feb9
fa9a
fba3
005c
fd78
fd13
0049
008a
ff22
fe46
00f0
03ad
004f
f672
fc9e
fe17
fa7d
fef1
fa1e
f72b
0012
fd4c
002f
fcfd
fc9d
003a
01b3
fafc
0526
fcef
00bd
fb74
00da
022f
f8ea
009c
fd71
fb25
f8b3
0037
fd2c
fac1
00cf
f8a0
f928
fa5d
fe31
f6c0
fc79
fd47
ff7a
fe16
00ec
f77b
0061
fcee
0004
fc40
ffc0
005b
f9ef
fa62
f3da
f9dd
f25a
fabc
f5fb
fc9b
0062
fb57
fae3
008e
001d
fd81
0072
f711
0347
fdeb
fe2f
008a
025f
f31d
fc6c
00ef
fe26
ffc8
f4ef
006b
0454
ff26
fb18
fb6e
f9b5
fc3a
ff2b
0222
fce1
f68c
fd94
f920
fee3
f6f3
00f7
ffe8
00c9
fd49
ffee
fd2c
feb3
000a
f684
f82e
fe01
f99f
fc85
00f6
fd7a
0047
0073
fca3
f8e5
fd14
fb33
fd5f
011b
fe05
f946
f78c
fecc
facc
fb4a
004a
fdc9
fcf3
004d
0012
ff75
fe21
0145
03a5
009d
f5e6
fbfa
fe22
f9f9
fee0
f936
f70b
ffb8
fcd6
00d5
fcd8
fc2d
0001
01ba
fb18
052b
fca9
00cc
fb58
00ca
020e
f865
00a5
fcbc
fb38
f863
00a6
fce8
fa56
009c
f861
f8c7
f9e4
fe47
f662
fc26
fd3e
ff9f
fe10
0034
f794
0052
fd00
0071
fbfa
ffd0
0090
f985
fa0b
f2ef
f96f
f1a4
fa0b
f55b
fcd5
008c
fb52
fae1
00f8
0004
fcc0
0068
f6ac
039b
fe34
fda5
00ce
02a3
f2bc
fc78
0060
fdec
ffc6
f479
000a
0499
ff3c
fad5
fb56
f968
fc6b
ff1a
026e
fcc9
f60e
fdbf
f957
feed
f6e7
0037
001c
00d4
fcdd
ffb3
fd14
fecb
ffb6
f607
f89c
fdf2
f981
fbeb
009f
fd4a
0019
00ad
fce2
f87f
fd3c
fb3c
fd33
014e
fe13
f9b5
f747
fef9
fa8b
fb35
002c
fdd2
fcbf
0082
001f
fef7
fe1a
00fa
0383
007a
f5ee
fb92
fdc7
f9b1
fed2
f922
f6b5
ffb6
fd0a
004e
fcb9
fbd0
003b
01c1
fabc
051a
fd19
00fb
fb15
0007
025c
f7a7
00bc
fd01
fa9e
f860
007b
fd8f
fa15
0076
f889
f890
f9c8
fe6f
f63d
fc4a
fd50
ffaf
fe4c
008f
f77d
0041
fd0c
0049
fbff
ffe7
00bc
f984
f9ac
f230
f945
f18d
fa0b
f546
fcc5
008e
fbd5
faf6
0084
0008
fcea
0021
f66d
03ca
fe14
fd29
00d5
02c8
f299
fc57
0027
fd88
ffaf
f486
00ae
04fc
ff6b
faea
fb4a
f9a8
fc2f
ff04
02c8
fcca
f5d6
fdba
f8ed
fedb
f6a0
002f
0020
005f
fc6a
ffca
fd08
ff1a
ff73
f549
f829
fdd4
f986
fb98
000f
fd13
00bb
00e4
fcc7
f832
fd90
fb40
fd48
0193
fdbc
fa44
f7a0
ff48
f9fa
fb29
ffda
fdca
fd15
0098
0037
ff0f
fe9c
0111
03c0
0043
f5ec
fc09
fd80
fa02
ff23
f95c
f64f
ffe3
fd4b
00a1
fc73
fb48
00ab
0198
fa74
0530
fd89
007a
fb03
0084
0252
f756
00ef
fd9b
faaf
f834
009a
fd9c
f9b3
0038
f8a7
f8a4
f9b0
fe77
f603
fc8d
fd6b
ffaf
fe1e
00cf
f7c0
00eb
fd15
0014
fb9e
ffc2
001f
f966
f96b
f1e5
f95d
f1b1
fa62
f54e
fce5
0051
fba1
fa90
0003
00f5
fcd4
0086
f5f4
03e7
fdb7
fd57
0088
0219
f28d
fc76
001a
fd74
ffdc
f42d
0042
055b
ff71
fb6f
fb17
f9f9
fbf3
ff69
02c7
fcc0
f56b
fd93
f941
fe9d
f5dd
000c
0035
00c9
fc17
0003
fcfa
fed8
ffb6
f532
f7a6
fe0e
f947
fc08
000b
fd19
00ed
00d3
fca6
f82b
fd95
fb37
fd19
01d0
fdd0
f998
f76c
ff3d
f9f9
fb0a
0019
fd9f
fcd7
0085
00a6
ff5f
fe88
0105
03b9
008c
f59c
fc3c
fdb6
f9b5
ff56
f950
f63f
003f
fd0d
0047
fc84
fb50
006b
019b
faaa
0506
fd3d
009e
fb29
00a9
024d
f72b
0063
fd53
fa7a
f818
0093
fd72
f9e4
00b5
f866
f899
f972
fe0d
f626
fc48
fd94
ffa5
fe42
0011
f76e
00b9
fd07
004b
fbc5
ff60
00f5
f978
f9d8
f217
f95d
f178
fa09
f4b9
fcb4
0064
fb7b
fa77
0019
00d6
fd61
00a6
f58f
03f8
fdae
fd87
00d1
024b
f24f
fc86
000a
fd9c
0011
f3d1
00b5
053f
ff54
fb3b
fb4c
f9b6
fc53
ffc3
028c
fc94
f538
fd6c
f926
fef0
f5e7
00b6
0019
0091
fc00
ffc4
fcf9
ff1d
fffe
f4c1
f75f
fe00
f92f
fc11
0037
fce8
00ca
00d4
fca2
f811
fdcd
fb4d
fd22
0208
fdc5
f98a
f76d
ff5b
f98c
fb02
006f
fdd7
fca6
0038
00d7
ff79
feb7
00ed
03b6
0064
f52e
fbfa
fd9a
f93e
ffdc
f97d
f5e5
0026
fced
009b
fc22
fa64
0071
01b0
fa3f
0525
fd42
0046
faf3
00cc
028f
f6af
00bf
fdb3
faca
f7ac
00d9
fde8
fa23
007e
f907
f8a5
f92b
fe19
f5ec
fc46
fd85
ffdb
fdd9
0091
f7af
0015
fcc6
00a2
fb50
fee8
00f7
f949
f9a1
f217
f909
f1be
f97d
f46c
fcc6
ff94
fbfa
fa84
0043
00a9
fe00
005a
f5a1
043a
fe7c
fd77
0014
02b2
f22f
fcab
00d0
fd3b
0011
f3c5
00bd
052c
ff1b
fb1c
fac1
f9cc
fbe5
000a
0278
fca2
f4ca
fd7a
f900
ff25
f551
00a3
ffdc
00b2
fbd5
ff54
fcb3
ff60
0056
f4f2
f771
fdf5
f8f0
fbf8
0057
fd1a
0076
00f2
fc64
f89b
fdb4
fb9f
fd55
01fb
fd92
f958
f755
ff54
f9e1
fb3d
0084
fdf6
fc89
0083
006e
ff67
fe7c
00dd
03de
005c
f58a
fc02
fd9a
f934
ff9a
f940
f630
0015
fc7c
0036
fc44
fa69
002c
01bf
fab9
0538
fd02
006c
faf0
00ed
0284
f6c3
00ee
fd60
fae5
f80c
001d
fde2
f9f8
0056
f8e4
f8f2
f8f1
fdfb
f5eb
fc1c
fd1f
ffd0
fd5e
00f0
f7a3
0063
fc86
00da
fb00
ff5a
00c5
f904
f9cd
f226
f93d
f234
f953
f4bb
fcd8
ffcd
fc63
fa6a
00c1
0080
fd4f
000f
f5da
0445
fe90
fcfa
0081
028d
f287
fd08
0040
fd1b
fffe
f38e
0008
04b8
ff10
fb29
fb19
f9de
fc31
ffef
0248
fc98
f4c8
fdb8
f94c
ff24
f522
00d2
0022
009e
fbfe
ff40
fc64
ff27
0081
f501
f795
fd92
f920
fb6f
00cb
fcc6
0016
0018
fc66
f7e5
fdbc
fbdb
fdbc
0214
fd4a
f978
f6cd
fee1
f9ac
fb68
0012
fdb7
fc81
0097
00de
ff37
fe73
007f
03e2
ffee
f5e7
fc05
fd55
f8d6
ffa6
f965
f61a
ffd2
fcea
0014
fc6b
fb38
0040
01b9
fa87
04f0
fd63
00b4
fa9f
008e
02c5
f714
00ec
fd76
fa6b
f836
006f
fe59
f9c8
003d
f8a9
f866
f8fd
fe35
f5be
fc46
fcf4
ff9c
fda2
0054
f7b9
002b
fcdc
0017
fae8
ff80
0089
f8fa
f96f
f1f5
f970
f21d
f9ad
f57c
fc73
ff87
fc54
fa50
0056
0059
fd54
00d0
f615
04c6
fe25
fccd
00a6
02a1
f248
fccf
00d2
fd19
fff5
f3c7
0093
04e0
fef3
fb7e
fac1
f9cd
fbff
ffce
02c1
fc22
f4a2
fd06
f857
fef9
f502
003e
0032
0026
fc24
ff47
fc7e
fed3
008a
f522
f7ea
fd68
f958
fb72
0096
fcfe
00e0
002d
fc56
f82f
fdf4
fb78
fd9c
0250
fd6f
f98d
f704
ff29
f948
fbad
ff91
fdb4
fc77
00a6
002d
ff30
fec0
002c
0371
0002
f621
fb69
fd48
f849
fffe
f9ea
f5ad
ffcc
fd67
00a7
fc25
fad6
0044
0172
fa77
04dc
fd7a
00bf
fae8
0092
02b8
f718
00c9
fd66
fa6e
f810
00da
fe79
fa38
0048
f882
f869
f911
fe57
f584
fc4a
fd3b
fff6
fd8d
00e1
f7c1
0009
fcec
0060
fafc
ff5e
00a6
f95c
f928
f1ef
f943
f20a
f96a
f5d2
fcb4
ff5b
fc86
fae2
00ae
000a
fdab
008c
f652
04b6
fea0
fc83
00b7
02df
f210
fcca
0047
fd0d
0020
f413
002d
04a5
ff0e
fb84
fb11
f9a4
fc0f
ffeb
02d7
fc4b
f498
fd27
f854
ff70
f568
0011
ffd8
00a7
fc57
ffa7
fc97
fe94
008d
f545
f800
fd0b
f90f
fb70
005c
fcbb
0044
00a4
fc71
f84a
fdb1
fb51
fda0
0256
fd25
f961
f70f
ff12
f91c
fb8a
ffa0
fde3
fc28
00ec
0010
ff1b
fea3
005e
036d
ffb9
f5ee
fb74
fd23
f7d7
0087
fa0a
f556
ff93
fd85
003d
fc2b
fa62
009a
01ee
fa2e
04ab
fcf8
00fe
fa9c
00ae
02c6
f6f1
00f0
fcfb
fa8c
f800
008b
fe5c
fa90
00b0
f89c
f86e
f923
fdfb
f532
fc6f
fcee
fffc
fd97
002d
f7ba
003a
fc89
007b
fab2
ff5b
0039
f99c
f96d
f22d
f954
f2b8
f938
f55f
fcdf
ff3c
fc8b
faf8
000a
005b
fe00
009d
f5c0
03c6
feb0
fc13
00b0
0311
f245
fce9
008f
fd25
0015
f3cf
00be
050e
ff42
fbbf
fad0
f9b6
fc1a
ffaf
0282
fc23
f46d
fcf5
f85d
ff5b
f557
009b
ff7e
00d1
fc6b
0002
fcde
fec2
009d
f508
f7d1
fd1f
f928
fbcc
007d
fd14
00a8
0009
fc76
f855
fda5
fb6f
fd4c
0280
fd6e
f8ea
f6c4
ff26
f929
fb69
0011
fe03
fc63
00c3
0081
ff22
feea
00f8
0359
001b
f599
fb2c
fd48
f823
001f
f9c4
f591
ffb0
fd1c
00bd
fbe5
fa77
0074
01ea
fa67
049e
fcf8
00d7
fabb
00bf
02c8
f710
00c8
fd04
fa59
f80b
00ea
fe33
fa99
008d
f8e2
f86b
f911
fe09
f585
fc4d
fd12
0001
fd79
009b
f813
003c
fcea
00a5
faf8
ff31
00c3
f9a0
f949
f22e
f925
f1c9
f90a
f4f2
fcf8
ff57
fc5a
fb08
0037
0026
fdca
0065
f5ed
03c6
fe80
fc35
0098
0318
f24f
fcdb
0016
fcf3
0010
f3da
0053
0501
ff61
fb57
fac0
f9a2
fc1f
ffa5
026b
fc4a
f495
fd36
f836
ff1d
f582
00b7
ff48
00e4
fc1a
0009
fd40
fe8b
0087
f599
f784
fd1d
f934
fbf0
0081
fd43
00e9
0047
fc8a
f884
fd5a
fb1d
fd3e
0270
fdad
f8d1
f6b8
ff10
f958
fb53
0058
fe75
fc51
00b7
0085
ff42
fe75
0103
036e
0069
f4a2
fac6
fd6d
f7f8
ffb0
f9b9
f5af
ff38
fce2
0049
fbdd
fa38
0012
022a
fa8e
050a
fc4d
00d4
fabb
009c
02e5
f6b8
00ec
fcc0
fa54
f7eb
0010
fd93
fb02
005a
f8a4
f83a
f8bc
fe50
f551
fc21
fcd6
ffff
fd87
0029
f809
00d5
fccb
0015
faf8
ff5e
0021
f980
f92a
f243
f914
f101
f89e
f47e
fcd1
ff7b
fc10
faf2
0084
00c6
fda3
0082
f633
03d2
ff0b
fc5e
0002
037e
f214
fcbe
0086
fcf0
ffac
f39f
009b
04cd
ff5e
faab
fa7a
f978
fc15
ff08
027c
fc8a
f4ba
fd59
f83c
ff3b
f61b
0015
ff7c
0066
fc3b
000b
fcc6
fe7b
fffc
f56d
f7aa
fcc3
f8ff
fbea
00f3
fd1d
0071
009a
fc72
f7e4
fd3f
fb67
fd51
0266
fd7a
f91d
f6a4
fed0
f930
fb58
0021
fe01
fca4
00df
00c2
fee7
fe96
0117
03af
001f
f4dc
fb5b
fd93
f83c
fff5
f98a
f594
ff41
fd19
00c5
fc17
fa60
009d
01ec
fa84
04fb
fcf5
00fa
fae2
00da
02dc
f6bc
0136
fd0b
fa54
f80b
0015
fd9b
faad
008c
f8a7
f878
f8e4
fe26
f53d
fc43
fcd3
ff7c
fd8f
00e2
f7ad
0068
fcfb
004d
fab4
ff72
00ef
f958
f935
f207
f914
f19e
f92d
f497
fccb
ff6b
fbf7
fa80
0034
00d3
fdac
0042
f5c0
0409
fe8c
fc51
fff8
036b
f1e8
fcf9
009d
fd23
0022
f354
0002
0543
ff49
fb10
fa6d
f9cb
fbe2
ff1f
0238
fc31
f45a
fd17
f7e9
feee
f5c0
0037
ffb9
00b1
fc14
fdf1
ffc8
002c
fdbc
ff09
ff8b
ff4f
febf
ffd3
02ca
000f
fe9e
fc06
ff7b
fe08
ffd0
fef9
0022
0131
00e5
0006
ff8c
fdf0
f9da
fd89
fcb5
00a4
006f
00a8
fe9e
fcba
ff14
ffe7
00a1
005e
fe93
fb74
ffd1
00e1
fe55
fcf8
ff42
ffa3
ffef
0062
fdbf
fd90
0065
fd9a
ff23
0055
ff85
00c3
feec
fecd
034b
fd4e
fb01
ff15
fdbb
0064
ff41
ffa8
0088
ff10
fe83
fe55
005e
0052
ffb6
0191
0016
fceb
feea
fe29
fea1
ffe0
00a1
fe86
fee7
009b
fe53
ff39
fb9e
ff43
fae7
feb8
fe4b
ff22
fe2b
fd2b
fe18
fe36
0092
feee
fe9c
ffd7
00a0
00bd
fdee
fcc8
0087
0185
fe3d
008c
fd19
fe81
008f
feb1
0003
ff5d
ffa3
fe29
fd50
fee5
fe1a
fc9f
00dd
0221
ff52
0035
fb1f
fc37
fe55
fce3
ff10
0048
0051
fc3f
ffcf
0077
fc08
fe5b
ff39
fe9c
fe24
ffc8
04b1
fff8
fdd3
f90d
ff14
fc3a
ffe3
fe55
0017
026e
0177
00c9
ff14
fc91
f5b8
fb78
f936
012b
00fc
00e5
fd97
f9c9
fe2e
ff6a
0089
0043
fdbe
f7b2
ff4a
01cf
fd10
faae
fe63
ff69
007d
009f
fbfc
fc04
00f2
fbfe
fe13
0103
ff2c
0080
fdda
fdd8
05ab
fb46
f773
fe76
fbe8
0030
fe9a
ff99
002b
fe40
fc85
fd47
0017
00d2
ff3e
0315
00e4
fa16
fdce
fce9
fd0c
ff6b
00cf
fd94
fe5e
00e4
fc7b
fe4f
f858
fe67
f71b
fe32
fd57
fec3
fc67
fb71
fcc9
fcea
0048
fe80
fc80
ff9d
0045
00e6
fc8e
f975
0035
02a2
fc82
005f
fab1
fd8b
00ea
fddf
009f
ff24
ff8c
fccc
fb6c
fe0c
fc45
f9c2
00d3
03aa
fe4b
00e5
f7b7
f8cd
fcfd
faff
fe93
000d
00c8
fb43
ffc6
00f4
fb12
fe53
ff3f
fe20
fd6f
ff6b
05ff
000e
fd60
f696
fec4
fb25
fffd
fdb1
006d
0313
0285
00ac
fefa
faf2
f295
f9c2
f6c6
0203
016d
00f0
fc5f
f802
fd48
ffc3
0051
00bf
fd1d
f47b
fefb
0198
fbde
f8f2
fdee
ff2a
0093
00bc
fabc
fade
003a
fb00
fd4f
013d
fe2e
0040
fd4a
fcbd
0732
f9a2
f4ab
fdf5
fa90
002e
fe19
ff10
fff7
fdd2
fb72
fbf6
00eb
015b
ff00
0450
0001
f86b
fd4f
fc5f
fb8f
fee3
002b
fd16
fdf1
00b4
fb51
fdb0
f5f6
fdcf
f43d
fdfd
fcff
fe9f
fb12
f9dd
faf7
fbe3
002b
fdc0
fb10
ffd1
00c2
0027
fc06
f732
003e
037f
fb05
004d
f89f
fcb8
00d4
fce1
00be
fe78
ff9d
fbbd
fa24
fce2
fa77
f75e
0123
04dc
fd3a
0064
f54c
f613
fc77
f9a5
fe37
0087
00f4
faad
0016
0137
fa55
fe74
ff03
fd8d
fdaa
ffb7
0727
009c
fcde
f506
fe6c
fb49
ffc9
fd25
007b
03aa
03a6
0017
ff94
fa4f
f077
f8fd
f5a8
0279
01ad
0098
fba5
f6d2
fc89
ffc7
0023
00e3
fc6c
f1f5
ff1d
01f4
faf5
f7fc
fda1
ff4a
007f
007f
f9af
fa17
0064
fa5d
fd0a
01af
fd90
0032
fcbd
fb64
0821
f8b1
f2ea
fd35
f95c
005f
fe31
fde7
0071
fcfb
fb68
fb6f
0072
0206
febd
0490
00d9
f77e
fcc4
fc5c
fafb
fed4
0075
fcad
fe6c
008c
facb
fd1f
f470
fdd0
f24c
fcc6
fc74
fe83
faa1
f905
fa34
fb26
00df
fcd4
fa6a
000e
0046
0026
fc84
f5b0
00a7
048e
fa45
0081
f78c
fc27
00da
fc7c
010c
fddc
ff65
faee
f8cd
fbf7
f9ae
f544
011d
05b8
fd63
004e
f3f4
f4e1
fc28
f80a
fd7e
003e
00d5
f96e
0008
014e
f989
fef6
fefe
fd36
fdc4
ff96
0833
00a1
fc78
f333
fe44
fa78
ffb2
fcc6
00d3
03eb
03fb
00a5
fff6
fa00
ee15
f8dc
f3f8
0345
0193
00c0
fac5
f578
fb7f
ff82
00b6
00ef
fc4f
f0ac
fed3
0217
fa4e
f744
fd7a
ff31
007d
0073
f90e
f916
00bd
f9a2
fc98
01e3
fd2c
00d8
fc9c
fac7
09ab
f7b1
f0ed
fc6c
f861
00d6
fdda
fdd4
0026
fc58
fb66
fb1a
00b8
0276
fe3f
04ec
0018
f666
fc37
fbcb
fa72
feb8
00b5
fc32
fd8a
00dc
f9e7
fca5
f314
fda4
f09a
fd07
fc14
fed6
fa26
f81c
f9cb
fa86
0096
fc0c
f9cc
ffe6
0055
0020
fb9b
f48b
0114
04b3
f9c0
00ed
f623
fb73
00d6
fbf4
00e3
fd5e
ff7a
fab2
f7e8
fbf7
f8aa
f3f5
0112
06a8
fd76
002a
f2d4
f3ba
fbda
f64e
fd4b
00d9
009e
f942
fff9
012b
f919
ff01
fec8
fcfc
fdef
001d
08e9
0013
fbd5
f223
fdb9
fa1c
0014
fcaf
00b8
049f
043b
0020
ffa2
f9b0
ed09
f856
f369
0367
01e5
009a
fa45
f495
fb5a
ffb9
0002
0116
fbc8
ef79
fe9e
02d5
fa00
f6ac
fd95
ff3c
00b4
0094
f7ff
f873
00ed
f8c4
fc8d
01a2
fd3c
00a7
fc55
fa84
0aa2
f700
ef27
fbdf
f743
007a
fd15
fddc
0086
fc34
faff
fb1d
00e1
02cb
fe78
054f
0068
f5bc
fc0e
fb08
f9b9
febb
006c
fbfc
fd79
0116
f992
fcac
f258
fd97
eee0
fc9f
fbd9
fef0
f97e
f77b
f920
fa27
0005
fb9a
f9c4
001f
0021
00b5
fa94
f3f7
012f
0573
f93b
0035
f54c
fac2
00a0
fbd9
00ad
fd91
ffa3
fa3f
f739
fbba
f878
f343
00ce
0742
fd61
002c
f156
f2a0
fbfb
f5cc
fcf0
0018
00b8
f891
0087
01b0
f8d8
ff31
fe9e
fcf2
fdc1
001b
09a2
0046
fb07
f151
fd82
fa28
ffcf
fc8b
0094
0463
045b
00ab
ff8e
f945
ebef
f7d0
f2e4
03b3
01f9
000e
fa04
f43b
fb33
fff4
00a1
0168
fb5c
ee88
feba
03a6
f960
f601
fd81
ff89
0026
0084
f77a
f7fb
0083
f87b
fca4
0175
fd49
0008
fc2e
fa48
0b3a
f6a4
edf6
fc22
f6f4
00e7
fd9a
fdf8
000d
fbff
fac5
fb11
00cd
02c1
fe9a
05da
00ef
f50d
fbfe
fadb
f98f
fedd
003a
fbb7
fd26
00b7
f93c
fc62
f1dc
fddd
ee5b
fc04
fba7
fe18
f951
f712
f893
f973
007c
fba9
f931
000c
0018
004c
fa10
f38d
013c
0532
f93b
006d
f481
faca
00c9
fb5d
0096
fd6f
ffaa
f9fa
f6d7
fb4c
f795
f25f
003c
078a
fd65
007b
f05b
f284
fbd8
f589
fcb4
005a
00a2
f83c
0050
01ab
f865
feeb
fe6b
fcbc
fd64
ff80
09fd
003a
fa8a
f073
fcfc
f987
ffed
fc06
00a3
040f
04a5
00e1
ff38
f894
eaf0
f73b
f278
0418
0264
000d
f9a3
f41c
fb54
ffa5
001b
0190
fb99
edc3
feca
036c
f930
f52d
fd71
ffc4
ffd2
00a5
f6d6
f7cd
00d8
f787
fc85
01ef
fcf6
00eb
fbaf
f962
0b6f
f6ca
ecab
fc1c
f6d9
00a5
fdb0
fd3b
007e
fbdb
fa77
fb03
0072
02cd
fe33
06b4
007f
f482
fb9a
fa07
f996
fe62
005a
fb8e
fd73
012c
f882
fc0f
f162
fdf7
ed7d
fbbd
fb3a
fe30
f951
f6d8
f7f4
f95c
00d2
fb26
f8ac
ff9c
000d
0060
f9ea
f2d1
0160
059e
f8e2
0073
f3b2
faa0
00d9
fb35
003b
fcd6
ff9b
f998
f677
fb16
f70f
f183
0042
0811
fd56
0059
ef2b
f1f9
fb9c
f506
fc9c
00ae
0132
f7e8
0010
01b2
f8b1
ff1e
fe60
fc35
fd07
ff67
0a1b
0062
fa99
f036
fd3b
f96f
ff86
fbcd
00f6
030c
0488
0052
fec8
f87a
ea97
f6f0
f229
03ee
0276
0032
f97b
f3b1
fafd
ffd1
00d3
0156
fbbf
ed98
fe52
038e
f8dc
f4b1
fdbf
ff53
ffa5
00dc
f762
f82b
0026
f7c5
fca3
01f9
fcdc
00b7
fb82
f9c1
0b94
f725
ed24
fbec
f64c
0018
fd8d
fcc3
00c8
fb59
f9fe
faa7
0022
02c9
fde7
06fa
0012
f416
fc35
fa34
f94f
fe62
0004
fb8f
fcdb
0113
f8cc
fbfa
f101
fdf9
ed30
fb3f
fbc3
fe55
f88f
f6f4
f7ad
f98c
005c
fb86
f7ba
ff56
00f5
00ca
f95d
f2a9
016f
056a
f89b
009a
f39d
fb0e
00a5
fafb
00dd
fd35
ffba
f9aa
f661
fb09
f6c8
f13b
000c
0835
fd12
005b
eec8
f1d9
fb3f
f4c7
fc41
0003
0164
f813
ffd0
01ae
f89b
ffca
fe39
fcaf
fd37
0035
0a6f
00db
fad6
efb8
fd1e
f922
ff87
fbd1
0113
03bb
04b0
0077
fef5
f832
ea39
f730
f17a
041e
0274
001e
f8ed
f350
fa20
ff62
007a
0154
fb93
ecea
fe93
044c
f83e
f480
fdbd
ff1a
ffa9
00e9
f712
f862
0037
f77b
fc8f
0241
fcc3
008e
fb83
f99e
0c43
f6f6
ec02
faf0
f63e
0032
fd11
fc6b
002c
fb58
f9bd
fa5b
006e
02b9
fdac
06d7
005a
f3e1
fbf8
f9bb
f8b3
fee4
ffef
fbac
fc8c
0139
f898
fba1
f0e0
fddd
ec13
fac0
fb71
fe38
f882
f6b1
f7dc
f914
0077
faf0
f7aa
0036
009c
006d
f924
f2b1
01a6
05f2
f8c8
00b8
f2fe
faa7
002c
fb1d
00b6
fccd
ff94
f977
f621
fabc
f734
f0ea
00db
088a
fdac
006a
edfd
f105
fb3f
f48c
fc0c
0028
0170
f7a3
ffc7
01e7
f86b
ffaf
fd87
fc75
fd41
fff5
0a96
00d0
fa51
ef9f
fd7b
f9ae
ffb8
fb9e
00bb
0332
0445
00c8
ff48
f7eb
e92c
f6a5
f1ce
0422
029d
0094
f902
f354
fa80
feb4
00ee
0102
fafd
ecd1
fe4a
0444
f867
f4d8
fdba
fe77
0022
00e8
f714
f7b8
0045
f71b
fce5
01fa
fc6e
0092
fb72
f8a7
0c2c
f791
ebea
fad6
f629
0095
fd74
fbcc
000b
fb31
f9a8
faaf
00a9
0271
fdd6
06b7
0086
f425
fbe4
f975
f8eb
fdfc
00a8
fb7e
fc43
00fc
f8d7
fbda
f09c
fe84
eba9
fa72
fb2f
fe27
f88e
f6e4
f7bf
f9e2
0070
fb2b
f7f5
ffdb
0092
0055
f9ce
f286
01be
0668
f86a
0011
f34e
fa97
0062
fb09
00bc
fccb
ffe9
f922
f619
fa50
f69b
f0e7
0099
0880
fdc1
0022
ede8
f18a
fa96
f46c
fbc6
0077
0172
f7b5
004c
0200
f8a9
ff0d
fd8c
fc71
fcac
ff9b
0aa3
00c0
fa75
efec
fd90
f96c
ff25
fb8a
006a
02f3
0427
0058
ff60
f7f4
e91e
f61f
f197
0440
025b
008a
f925
f342
fa07
ff05
009b
0116
fb51
ec83
fdfa
03df
f892
f47d
fd65
fdf2
005f
00be
f6f1
f7cf
00ae
f793
fc9b
0230
fc1b
0057
fb13
f89a
0c3a
f71a
ec75
fb15
f667
0078
fd6f
fc44
002a
fb0d
f8a6
fa3e
00ec
0248
fd8c
06fc
00f1
f465
fba5
f97e
f88d
fe81
00f2
fae6
fc35
00d2
f8e9
fbdd
f057
fe1e
eb95
fa62
fb31
fdfa
f885
f70c
f7bf
fa14
0050
fba6
f791
ffa5
0057
0046
f9c1
f1bd
01c5
0685
f7b1
003f
f2f6
fac2
0082
fae2
00cd
fd04
fffc
f93f
f631
fa38
f69d
f0f1
008b
0877
fcf4
001f
ed43
f176
fa43
f3fe
fbcd
0033
014b
f78d
ffb3
01c5
f8c1
fef5
fddf
fbe7
fcd7
ff38
0a5a
00ec
fa82
f027
fd64
f94a
ff59
fb9e
0129
02d5
048c
0051
ff55
f82f
e8b8
f5db
f1be
03c0
02a4
008d
f8bb
f2d1
fa56
feb5
0079
00be
fb9f
ed25
fe41
0398
f87c
f41d
fd3d
ff0a
0025
00e0
f70d
f861
003a
f718
fc2b
022a
fc60
00a4
fb8e
f94a
0bed
f757
ebb1
fb55
f57e
0003
fd26
fc52
0045
fad0
f8ac
f9b6
008d
0274
fda2
0713
007d
f430
fbd4
f9ac
f8d3
fe38
0055
fb07
fd1c
0074
f8e1
fc15
effb
fe38
ebc0
fad1
fb82
fe34
f7f5
f6af
f6f5
f9a8
00f8
fb91
f7ad
ffbe
00ee
0071
f9c9
f11f
016e
06d5
f7d8
00c9
f30c
fad6
0063
fad0
00cf
fcb0
ffb3
f91c
f5a2
fa68
f635
f0a4
0100
08c9
fcac
00a4
edef
f068
fa38
f40f
fc18
00f3
013a
f7b9
ff49
022b
f861
feb9
fde7
fc07
fccd
fedf
0acd
0040
fac0
efbe
fd78
f8fd
ff6e
fbdc
00fe
0357
0473
00de
fed6
f7d4
e921
f5f5
f0e8
03fe
02e7
008f
f8e5
f278
fab0
febf
00ce
00d6
fbc3
ed4e
fe31
036f
f85a
f3ef
fcfe
fe91
00a4
00e0
f6f6
f843
00ca
f811
fc3e
0228
fd05
005f
fb7b
f918
0c8f
f6d3
ebd1
fb86
f63e
00a8
fcf9
fcdd
006b
fb06
f922
fa02
0032
026e
fdfa
0799
00f5
f3e9
fb6c
f959
f912
fe11
0096
fab7
fc9c
0021
f84e
fbcb
efff
fdd9
ec50
fb49
fae9
fe2b
f7fa
f679
f76f
f9a4
00db
fbb6
f79f
ffa3
0013
00b2
fa7c
f149
0193
06ab
f81d
0061
f272
faae
00ac
faea
005b
fcfa
ffe7
f947
f5a4
faa6
f625
effc
00a4
0901
fc45
005a
eda0
f07f
fa67
f44b
fc39
00ee
017d
f7fd
ff67
0258
f822
fedf
fdd9
fc11
fd0f
feb3
0aa7
0061
fb35
ef73
fd91
f8e7
ff92
fbf8
0114
0401
0464
00ae
fef3
f7e7
e966
f632
eff4
03da
0347
006f
f926
f207
fa8b
fea4
0088
0080
fb58
ed25
fe58
039c
f859
f400
fcb8
fefb
009e
00c8
f6dc
f8cc
0087
f840
fbfb
028b
fd1d
00f0
fb9d
f93c
0cd9
f6b2
eb9c
fb42
f5be
0053
fd08
fcd9
004a
fb0a
f98e
f9c6
0030
02b9
fe00
0750
0074
f353
fb6c
f9ba
f895
fe3b
009d
fad9
fc94
00e3
f7f9
fbb0
ef7d
fd8d
ec09
fb2d
faf4
fe4f
f7d7
f5e8
f75b
f93e
0077
fb9f
f733
ffa4
00e0
005a
face
f103
00ad
0644
f83c
0015
f27a
fa62
00ee
fafe
00d9
fcdd
ff8a
f90c
f572
faba
f61b
efd4
00b1
090e
fc69
00f3
ede6
efed
fa4c
f3e7
fc64
0084
011f
f7f6
ffb6
01db
f803
ff23
fdbc
fbc6
fd2d
ff51
0aa4
002f
fabe
ef8d
fd76
f940
ff5b
fbf0
00c7
0461
049d
0042
ff65
f7e7
e9a8
f632
f01c
03be
034b
0072
f8b0
f1cc
f9f4
fef9
0082
00b4
fb2d
eca1
fe4d
0423
f826
f448
fd14
ff04
0070
00c1
f6ed
f8f7
00e7
f7e1
fbff
0296
fc7e
0089
fb68
f8e5
0cbc
f6ec
eb93
fad6
f5e7
0025
fcf4
fc50
00a2
fafa
f9ba
f9f9
00c2
02fb
fdda
06c7
0046
f39a
fb77
fa21
f872
feb1
00df
fae9
fc8a
0128
f816
fbd4
ef8e
fd9a
ebe7
fae5
fb6d
fe78
f819
f659
f6fe
f931
001a
fb74
f6ce
ffc3
00e6
0011
fa91
f0ea
00ad
0643
f856
009e
f29a
fa5e
00dd
fb09
00d2
fcab
ff3e
f8b6
f51f
fad8
f672
efcc
00d6
08e9
fced
00be
ee03
ef9c
fa7b
f3d0
fc53
003d
00ea
f7e3
fffc
01d0
f860
fee7
fdf3
fb96
fd56
ff59
0ae2
0091
fadb
eff5
fd46
f95a
ff07
fbb4
00cd
046e
04f8
00c3
ff12
f78a
e946
f665
f072
03c3
02ca
005c
f8c9
f1d2
fa49
fed1
00db
00ec
fb0f
ebf1
fe67
0360
f895
f418
fd3f
feb1
0089
0060
f666
f885
00f3
f793
fc3a
0284
fc2b
008f
fc2b
f890
0c95
f694
eba5
fa9e
f5e3
00d1
fd53
fc6f
0053
fb3a
f9d0
fa46
0028
034a
fd8a
0662
00e9
f3f5
fb40
f9f4
f8c6
feab
004a
fb05
fc69
0108
f7d5
fbc6
ef8b
fd64
eb9f
fa55
fadf
fe1b
f7c8
f5f9
f71b
f976
009a
fb30
f74a
ff8a
00bd
00e0
fb27
f016
00e5
066e
f8a0
00b9
f297
fa01
00bc
fb05
0103
fc27
ff2e
f8ae
f4d5
fa8c
f6ca
f024
011f
08c3
fd02
0088
ed85
f009
faaa
f3aa
fc30
0046
00e6
f7dc
ffae
0166
f865
feef
fe5f
fb6c
fd2b
ff73
0adb
0098
fb16
ef63
fcdc
f9a3
fee0
fbc1
00e1
044a
0502
005b
ff2d
f781
e954
f65a
f065
03f5
0344
009c
f885
f1a9
fa49
ff6a
0041
00ec
fb9f
ebe2
fe3d
03f6
f87f
f40c
fd5e
feb2
006a
00bb
f66e
f88d
0056
f765
fc5d
022c
fc3e
0088
fbc8
f8d7
0ce6
f71e
eb99
fa3a
f613
0071
fc6f
fc58
0049
fb3c
f977
fa4a
00e1
035f
fddf
06fa
00c0
f40a
fb72
fa0a
f863
fee1
0022
fb39
fc7c
013c
f7f5
fbcb
effa
fd82
eba8
fa40
fb7f
fed7
f7bd
f65d
f728
f934
00cd
fb47
f6e2
ffb5
0091
004d
fa4a
f03c
00f6
0686
f8a8
00e5
f27f
fa2a
0094
fb12
0076
fc6f
ff3f
f8d5
f4c6
faaf
f6c3
f02b
00f0
08df
fd29
0022
ed80
ef06
fae6
f390
fc24
0071
010d
f841
0023
01c9
f867
ff1d
fe42
fc5a
fd72
ff9a
0af6
0013
fb89
ef52
fd51
f975
ff22
fbae
00f2
04aa
0508
00ec
ff4f
f783
e957
f5f7
f01c
0442
037a
00f7
f923
f23c
fa1c
ff5d
00ee
0144
fb01
ebc2
fe27
03db
f760
f3a0
fd45
ff32
0082
007d
f6d8
f90a
007d
f707
fc4f
028c
fc4b
0007
fb80
f900
0d6c
f756
ebbe
fa6a
f622
00f0
fcf2
fcd1
0002
faa7
f956
fa4c
0053
03cb
fddb
06dd
00e6
f3df
fb61
fa62
f8db
fe8b
007b
fb6e
fc8a
00a9
f786
fb72
efdd
fd56
eb9e
fa16
fb80
fe7a
f853
f61b
f787
f96a
002b
faba
f6ae
0014
006e
002f
fa4f
f0aa
00ff
0604
f8cd
005c
f249
f9f8
0056
fad7
0083
fc73
ff43
f8a0
f50e
fa43
f695
efa1
0092
08d1
fcea
00a8
ed49
efc8
fb59
f3ef
fc20
00e8
0110
f7c8
003d
01bf
f8b4
ffa1
fe4b
fcb8
fe1e
ff74
0b4d
00b0
fbc7
eeb5
fd2d
f910
ff4f
fb94
00f5
049c
04d1
00ed
ff5c
f83c
e9b4
f668
eff4
044d
038e
0116
f97f
f220
fa1c
ff98
0039
0113
fb43
ec00
fdc6
0375
f746
f3d1
fd25
ff5f
0055
0092
f652
f8d6
00e5
f709
fc28
0263
fc9d
00ad
fb51
f920
0d72
f6c4
ec1e
fa59
f57e
0024
fce3
fd55
00bc
fa73
f936
fa81
0047
0424
fd98
0690
0030
f3cb
fb4e
fa88
f848
fef8
0037
fb17
fcba
008d
f709
fb9a
efc0
fd38
eba1
fa35
fbca
fef7
f835
f66c
f817
f96b
00f7
fa6e
f5ce
ffc3
0076
00ab
f9f4
f098
012b
05a2
f88d
00e0
f1f5
fa42
0023
fa80
0098
fc55
ff7f
f905
f526
fad1
f74e
efb2
00b6
08f3
fd00
00bb
edaa
f04e
fc00
f40e
fc0f
0043
00dd
ffb3
fe1a
fdef
ff8b
009f
fd97
ff50
fff2
0084
00d0
0096
006c
00c7
00ff
ff99
ff3d
fd1e
fdf0
fe34
001f
fd8c
fe07
fd47
fb6c
fd8f
fee0
fd3a
fbe7
ff9a
00e8
0010
ffbd
fefa
015e
002d
fbfe
ff4b
00b9
feea
ff61
fcdf
0021
ffe8
0031
0034
ffeb
ffa9
fe34
ff32
ffef
003e
fecf
02a1
011f
00cf
0034
ff99
fc72
fefd
ff36
ff73
002c
fcf3
fefb
ff77
fc3e
fd4e
00d0
0067
006b
fea4
007e
ff97
0090
0002
fb18
fd99
00bf
007b
fea6
fd6a
00bf
006e
fe9d
fef6
fd3f
f8e0
ff43
fe32
fd26
fec1
fd21
000f
ff2d
0048
ffa1
00b5
0078
00c9
fefc
fea3
019c
03d7
fe54
ff73
0015
00e9
0067
fca1
ffcf
fd65
002f
fb69
feec
fc99
ff33
fe37
ff53
0025
fe78
ff5b
fd0e
fe04
fe80
fc8d
ffa3
fd69
ffca
ff89
fc99
fcd8
ffa0
004b
fbb9
fe16
fef7
008a
0092
00b5
000c
0206
01ec
ff00
febb
fb14
fd17
fccb
fff9
fbee
fc6a
fabe
f757
fb5a
fd86
faf2
f8d3
ff2c
013f
0000
ffac
fe31
0275
008b
f88e
ff2d
0103
fe05
feb9
fa6c
00c5
fefe
0039
006c
ff9d
fe79
fd21
fe43
ffef
00c1
fe14
04c6
01ee
0092
0094
fe9c
fa26
fe76
ff04
febc
00ea
fac4
fe3d
ff06
f94a
fb48
003e
00a6
0068
fdbd
00d5
ff3e
00bc
ffba
f7fb
fbbe
000c
008b
fcee
fae4
0098
008d
fd11
fdf6
fb05
f3b1
fe74
fc34
fb0a
fd1b
fab2
0002
fe7c
00ac
000e
006a
0064
009a
fe60
fd69
02fd
077a
fcec
ff5a
0058
0021
00e4
f9bb
ff53
fb2e
005d
f7f0
fe71
f9ad
fe50
fcbe
fef4
ffc9
fcb4
fe5f
fa6e
fcf3
fcad
f97a
ff67
fb70
ff4b
ff1c
fbee
fbfe
ff7f
0021
fae3
fd84
fe43
0099
00ca
00cd
00d7
02e7
0301
fea8
feae
fa4b
fb47
fc88
ffd9
fb2e
face
fa2c
f504
f9c8
fcd7
f8ea
f5bb
ff04
0187
000c
ff78
fd26
03ba
0093
f660
fe99
014d
fd47
fee9
f8d3
00b6
fe63
00cd
00d4
ffa4
fd7a
fc97
fdd7
ffde
0091
fde2
0672
02a3
00b9
00a8
fda5
f87d
fec4
fedd
fded
0019
fa9c
fd32
ff17
f71e
fa18
00c2
0005
00a3
fd3a
00cc
febe
007b
ff0c
f554
fa40
00bf
004d
fbfc
f8f9
00ed
00e0
fcb5
fca4
f999
f039
fce7
fa83
f8f2
fbfc
f9a1
001c
fe01
0199
00d5
0099
ffce
00c5
fdd3
fcdd
0392
098b
fba8
ffb9
00df
0090
01c5
f79d
ff39
fa40
0075
f5e8
fe07
f849
fd45
fbaf
fea5
ff82
fb9f
fe31
f8dc
fbb1
fb2d
f7c1
ff54
fa10
fec2
fef4
fb4c
fb18
ff57
005f
fa4d
fd8c
fe5a
00ee
0086
0024
0056
0374
0357
fdd8
fefe
f973
fa42
fbc4
ffcf
fb23
fa20
f966
f3fe
f8f2
fc40
f77e
f425
feee
01ae
0082
ff28
fd03
0427
0072
f44f
fead
01a6
fc7b
febd
f760
0055
fe79
000d
0110
ff55
fdbc
fc50
fc9c
ff43
006f
fd65
072a
031a
0128
0080
fd02
f723
fe3b
fed5
fd84
0063
fa1a
fca2
ff0c
f4f6
f8da
00e2
0050
00d9
fc7c
00e7
fedc
00c3
ff7f
f38b
f9e5
0089
005a
fc2a
f70c
0026
0074
fc42
fbf6
f814
ee00
fcb0
f903
f7ba
fb9f
f8e3
ffb8
fdf6
0214
00a1
0035
0000
0194
fcfd
fcac
03ab
0b02
fae8
0027
0178
00a2
0294
f635
fead
f935
00a4
f470
fd95
f764
fdad
fb0e
fe3f
ff35
fb16
fe2c
f759
fa7a
fb32
f638
ff6a
f965
fec9
fe9c
faa9
fac3
feb8
0081
f9ab
fd98
fe07
012f
00c7
0093
00ac
03a9
0426
fd9a
ff56
f923
f9ec
fb3e
001c
fa3e
f988
f8d7
f281
f890
fbeb
f6d1
f305
ff11
01cb
007e
fef0
fc9c
04cb
00a0
f2f4
fe7c
0203
fc4e
fe9e
f643
0064
fe7e
0023
00f6
ff9a
fd44
fc2b
fc2b
ff57
005c
fd14
07f8
0383
0144
0041
fc8d
f5f4
fdee
fe68
fcfa
001d
f974
fce9
ff06
f3f7
f81b
0077
0076
009c
fbca
0035
fecb
0093
ff67
f1f8
f927
0054
0026
fbee
f5ce
00d6
0003
fb85
fbd1
f6f4
ebd2
fbf9
f860
f693
faa4
f81f
ff85
fdf3
0248
008c
00ab
ffed
0225
fc61
fc4d
042d
0c54
fa9c
fffe
01ba
0021
0339
f50b
fe82
f866
00c7
f331
fd4a
f712
fd9c
fa7a
fde4
ff48
fac7
fdfb
f6e0
f91f
fadc
f54a
ff32
f839
fe87
fe68
f9e6
fa39
feef
0099
f980
fd7b
fe26
016d
00e9
00aa
00cc
03b9
048e
fd9e
ff21
f884
f9c7
fb46
0052
fa25
f94e
f845
f168
f877
fb55
f5ea
f1cc
ff19
0195
0076
feab
fc75
0566
0096
f22d
fe1d
025a
fc4f
fe6f
f5b9
002f
fe32
0097
0139
ffb2
fd3d
fbee
fbcf
ff1c
0075
fc9e
089e
03d7
015c
001f
fbe3
f54f
fdb0
feff
fd32
0036
f93f
fc74
feda
f3b4
f71f
0008
00b2
00e8
fb7c
0044
fe96
0029
ffb2
f10c
f8b8
0022
0036
fb50
f4f0
00c4
0088
fb43
fbae
f66f
eaa6
fbc1
f82f
f56a
f98e
f7e6
ff63
fe0a
02bc
005b
002a
000f
02b5
fc32
fca9
04c1
0d16
fadc
0003
01d2
00ea
038c
f45c
fe83
f777
00d4
f26e
fc87
f69d
fd9f
fa06
fdbd
ff1f
fa94
fdd1
f65a
f7b7
faba
f3b4
ff26
f788
fe9e
fdb6
f9c5
fa44
fef3
0025
f915
fd3f
fe68
0146
00d4
0086
0027
034d
050e
fdb5
ff0d
f84c
f9b1
fadd
005f
fa09
f8e9
f6ef
f06f
f87f
fa8a
f539
f0f0
fed2
0218
00b0
ff07
fbc8
055b
0071
f18b
fe7b
0215
fbec
fe7f
f576
0085
fde5
0095
015c
ffa1
fc7c
fb56
fb19
ff19
0034
fcf3
08e2
03f0
0139
0046
fb15
f4a9
fe33
ff56
fd4d
005e
f98b
fc73
fe58
f2f8
f6d3
00ec
007c
0191
fb52
0061
fddb
00f6
ff5a
f05f
f810
0058
ffe3
fa60
f48c
00f7
0047
fa3c
fb8f
f628
e977
fc08
f838
f4cd
f921
f809
ffaa
fde1
02c0
fff3
005e
00b7
02d5
fb95
fc12
04a7
0d6a
fa97
0038
015d
005d
0392
f458
fe6d
f6cf
00bf
f1d8
fbb3
f637
fd8a
f937
fd74
fef8
fa35
fd58
f5f1
f786
fadc
f299
fee0
f7a3
fe80
fdca
f9b2
fa58
fec8
fff9
f8bb
fd68
fe3f
0213
0120
0083
003a
03c8
0533
fdce
ff2a
f844
f9cc
faa7
00dd
fa6d
f99b
f736
f006
f86b
fa67
f48f
f0a4
fef4
016f
0022
fea0
fb7a
0579
0093
f0bb
fdf0
0276
fba4
fe75
f592
0079
fdf7
005e
0174
ffff
fc2c
fb21
fb44
feb5
0035
fc8e
090b
045a
00fb
0046
fabe
f447
fe0d
fe93
fcda
0001
f912
fc7d
fe97
f350
f6a9
00bd
00b8
01b6
fb6d
0003
fdce
00a1
ff63
f004
f7b0
0052
ff8b
fb0c
f3a9
00d0
001a
fa06
fbaa
f63c
e97f
fb7a
f7cd
f48e
f894
f7ce
0013
fdda
0301
00de
008e
0090
02ba
fbef
fc53
0488
0e03
fa98
006e
015f
001c
03c5
f42c
fe35
f68b
00d7
f1d1
fb6f
f639
fd43
f97b
fd5b
fef7
fa9c
fda7
f637
f7da
fac0
f29e
fee3
f7a1
fee3
fdf5
f980
f9cc
fe85
0071
f825
fd11
fe81
01ef
0107
00e6
007b
03e8
052d
fde0
fedf
f7ca
f913
fa00
00af
f963
f951
f657
efaf
f7d5
fa2d
f427
f021
ff0b
00e5
006f
fe7f
fbe3
0545
0044
f01f
fda0
02e0
fba4
fe53
f4f1
0033
fd77
003b
0162
fffb
fc35
fad7
fb51
fee2
002b
fbbd
0963
04bc
0097
0036
fb52
f402
fdb7
febc
fd0b
00ad
f7ba
fc4e
fe7a
f301
f669
0087
00cb
0169
fb22
0084
fe41
0044
ff4d
ef8b
f774
0049
0005
facd
f332
007a
0097
fa64
fbaf
f61d
e817
fbd5
f785
f476
f8a7
f687
0019
fd9b
02e2
0045
0012
0076
024e
fbe6
fc67
0564
0e71
fab3
0023
014c
00c6
037a
f3ca
fe2c
f62f
00cb
f129
fb35
f577
fd9a
f92c
fcde
ff3e
fa82
fdc3
f5dc
f78b
fa99
f244
fefe
f719
fe82
fde2
f986
f9b4
fe62
0084
f7c4
fd7a
ff3b
0192
0140
002f
0007
0451
0505
fd6f
feea
f76c
f893
f9db
0044
f832
f8bc
f625
ef5e
f788
f9f6
f411
efb5
fee9
0152
0098
ff2d
fb93
054e
0015
efed
fe99
02a3
fb7b
fe93
f52c
00d8
fdf2
ffea
0101
ff5d
fc32
fa8b
faf3
fec9
0029
fc69
097e
0491
00c3
00e3
faf8
f3c8
fe29
fe11
fcdd
00c4
f77c
fca0
fe91
f225
f697
00e7
0039
011d
faf1
00e3
fe20
00ac
ff9d
ef42
f771
00ef
ffe9
fb58
f31a
00a4
0042
fa4b
fbaf
f65a
e674
fc1b
f76c
f4ca
f88e
f5c9
ffde
fd36
02a2
ffbf
007d
0043
023f
fb93
fbd4
0602
0e8d
faea
ffbe
019b
006a
0359
f36f
fe42
f5d3
00c3
f08a
fb90
f528
fde4
f91e
fcca
ff1b
fa05
fda6
f5f0
f7ea
fa02
f1e5
ff24
f684
fe53
fdd0
f940
f8bb
fdd9
00d3
f7b1
fd09
ff73
01dd
013c
00c5
00d4
04e6
051f
fd59
feee
f722
f78f
f95c
00e4
f7cb
f7df
f5fd
ef68
f70a
f9b0
f3c9
efd8
fec5
01a7
0065
ff6d
fbd9
054e
0081
ef0c
fe23
02e6
fb27
fe8e
f44d
00a0
fdec
002c
0176
ff94
fc83
fa3f
fa82
ff07
003d
fcaa
0a06
0484
0099
006f
fb83
f3d3
fdfe
fe13
fca6
006f
f7aa
fc30
fe91
f16d
f656
0088
00d0
017a
fa5e
00ed
fe17
000f
fff6
ee20
f72e
00a3
001a
fba1
f354
008f
00eb
fad8
fb58
f59d
e5cd
fbe0
f779
f483
f937
f571
ffd8
fd5f
0284
ff9b
00b8
0063
026a
fb5d
fbab
0617
0f3a
fa2f
ffc5
020c
0016
038c
f2e1
fdfb
f5a7
0014
efd6
fbe6
f4be
fdd0
f8e2
fcf3
fefc
f9fe
fdc4
f512
f78f
fa85
f12a
ff26
f634
feaf
fe86
f961
f881
fe39
00d4
f738
fca1
ff7c
01c7
00c1
002c
001b
050c
0532
fd60
fec4
f724
f7cf
f9c5
004e
f7eb
f7bd
f5f0
ef57
f681
f96c
f391
f06b
fe62
0179
008e
ff95
fc11
0570
00bc
ee65
feba
02c5
fb62
fe26
f484
007c
fd92
0061
018d
ff7e
fcbb
f9f9
faaa
feed
0069
fc6a
0a18
047e
0050
005c
fb8f
f38f
fde4
fe54
fcbe
0033
f756
fc24
fead
f0fd
f62d
00f6
006d
01c5
facb
001b
fdd1
0099
0047
ee42
f700
0055
002c
fb5f
f325
00e9
007c
fa5b
fb59
f5c3
e4e4
fc63
f768
f470
f93f
f4ee
fff9
fd3f
0264
ffab
006f
004f
020d
fb6c
fb7f
05c6
0f87
f993
000c
0213
00eb
037b
f2b9
fe1f
f551
001d
ef00
fb6e
f4b7
fdae
f86a
fd48
fed4
f9be
fd9e
f4b3
f7fd
fad2
f188
ff50
f65e
fed1
fe6f
f93d
f80b
fd48
00c5
f7a2
fcd6
ff25
01ce
00b1
00b9
00ce
050f
0504
fd7f
feb1
f741
f7b9
f9d3
0083
f869
f829
f65f
ef03
f6b1
f9df
f422
f0b5
fe55
019e
005b
ff53
fbdc
05d7
0107
ee39
fe6a
02ef
fb30
fe55
f3d3
0090
fdb5
00be
01a9
ffde
fc85
f9d4
fb21
ff12
0086
fc5b
0a6a
04b4
003d
007e
fb7e
f320
fdb1
fdb2
fc6c
0098
f788
fb9d
fecb
f166
f5e0
000b
00b6
01f7
fa64
0089
fda9
0052
0041
ee66
f70e
0091
0016
fb31
f380
0064
0006
fa59
fac9
f5d1
e576
fb90
f735
f4c0
f919
f59a
ffef
fd30
0276
ff9a
00cf
002a
020b
fb40
fb4a
05e1
0ff6
f9be
fffb
01fe
008f
03a6
f294
fe07
f533
000a
ef3d
fb57
f463
fd4d
f8cf
fd4c
fe9b
f990
fd47
f50e
f797
fa5f
f181
ff4e
f660
fec1
fe23
f92f
f860
fde4
0009
f7e8
fca1
ff26
01ce
00be
002d
00a7
04de
04fd
fd8f
fede
f707
f783
f9d9
00a7
f819
f849
f5da
eefc
f6b3
f9f6
f3fe
f042
feb4
018d
00dd
ff0e
fc63
0565
00e4
ef39
fdf3
02c0
faf8
fe1f
f353
0084
fde9
00f6
0151
ff9d
fca3
fa60
faa1
ff47
0021
fc29
09fa
04af
0046
00e9
fbbf
f341
fdbd
fe7e
fc8d
004a
f778
fbeb
fece
f1cc
f5a9
008a
00b0
01a2
faa1
0085
fe50
00d9
0038
ee45
f777
005e
006e
fb36
f347
0044
00e9
fad6
fb0a
f54a
e616
fbc4
f77b
f477
f92f
f560
000c
fd69
02a3
ff21
0046
0035
023f
fbd7
fb84
05bc
0fba
fa35
ffe6
0205
0049
0419
f2a8
fe67
f57e
004a
efb3
fb96
f47b
fda4
f876
fda8
fec5
f998
fd97
f50d
f6e2
fa65
f122
ff04
f634
fe5f
fdc8
f8db
f86f
fdb6
0043
f876
fc61
fe86
0114
00bb
003a
004d
048c
04b2
fcf4
feb2
f711
f816
f98f
004a
f7e7
f7b9
f575
ee5b
f6be
f9c3
f3d3
ef68
fef9
01dd
00d2
ff9e
fc31
054a
00ba
f006
fd99
02fb
fad9
fef8
f2a7
0051
fdae
00e3
016f
ffb0
fc6f
fa74
faed
ff88
ffee
fc8d
0a6d
0539
0075
00d4
fc25
f356
fe10
fe34
fcec
0042
f7b3
fb78
fecd
f1cf
f5c4
0041
0081
01eb
faf9
009f
fe09
00aa
ff53
ee26
f71b
0076
002c
faea
f2ee
009c
0017
fa83
fa6d
f50e
e619
fb6b
f788
f41c
f8f5
f54e
ff78
fd84
02bc
ff4c
0067
002b
018c
fb29
fb94
0646
0f9d
f9e5
ffb1
01a7
0046
040f
f27d
fe0e
f5d4
006c
f019
fbc5
f43e
fd41
f8d3
fd25
ff13
f8dd
fd14
f448
f67b
f98c
f0f7
fee5
f5a6
fe35
fdb1
f918
f8b8
fda9
ffc0
f7f3
fc8b
fe40
016b
0079
00ae
002b
04eb
04b3
fc69
ff06
f79a
f7f7
f9a2
0034
f82d
f75f
f5d1
ee58
f6f0
f99d
f3db
ef68
feec
0243
00b9
ff82
fbf7
05c3
00e9
f005
fda9
02fa
fabb
feff
f29c
001f
fd34
00c5
0197
ff5a
fc23
fa33
faba
ff9b
002e
fcf1
0a61
04c4
00cd
009a
fbd1
f367
fe0e
fdfa
fcd7
0036
f893
fb7d
feaa
f129
f60a
00c2
0009
01fb
fac4
0064
fdd5
00f2
ff35
ede7
f712
00d6
ff97
fb04
f366
00f3
0092
faa9
fa73
f4dc
e620
fb03
f77e
f444
f8c0
f5a2
ffc1
fd7a
02a1
ff66
00e3
0057
01fa
fac6
fb17
0589
0f79
f9d0
ff9c
0166
004a
0426
f28c
fde5
f600
00ef
f017
fc04
f4a6
fd18
f972
fd41
fed3
f912
fd8d
f3e9
f777
f945
f117
fec8
f624
fe05
fdd1
f870
f81c
fe3b
ffc9
f7dc
fbae
fdde
01ca
000f
000d
00cc
0512
047a
fcbb
fecb
f780
f826
f967
0025
f7dd
f70e
f57c
ee50
f6f6
f961
f313
ef5f
ff28
0229
00db
ffaa
fc3d
0671
0083
f031
fe04
02d2
fafa
fea3
f2d6
0036
fd56
00c4
01c5
ff5b
fd2d
fa7d
fa89
ffd8
001f
fcca
0ac9
0480
0132
00ac
fc30
f2fd
fddb
fdfa
fd2e
0043
f7c9
fb33
fea9
f106
f5c5
009c
0048
0215
fabf
00ee
fdab
0075
ff52
ed41
f743
00a3
ffb7
fa92
f31a
00cd
0011
fa72
fa9b
f483
e556
fc3b
f7d4
f421
f8c9
f4f6
ff64
fda1
02dc
ff40
0001
00ad
01fe
fa13
fb2e
05e7
1030
fa02
ffc2
01a4
0026
043a
f26a
fd98
f5be
00ca
efb2
fbc7
f45b
fd4b
f93f
fd57
fe91
f900
fcfc
f3cb
f6b7
f8c2
f02b
febe
f59d
fdf1
fddf
f8f7
f89b
fede
ff9a
f795
fba7
fddb
018a
0025
007f
001e
050f
0477
fcf9
fe9e
f76e
f8b3
f9bd
0034
f7e7
f746
f50e
ee01
f69d
f917
f2ed
ef08
ff00
0224
003c
ffd3
fc25
064c
00a7
efce
fddc
02eb
fb29
feb5
f2b6
00c5
fd32
0060
01b3
fec3
fc7f
faa8
fa2d
ffbb
0060
fd1e
0aaa
04b4
0160
004c
fb92
f32b
fdeb
fed0
fd51
00ca
f7cc
fb85
fef0
f113
f5d4
0078
009e
0250
fb6d
0010
fdb6
00f1
fefc
ee13
f72a
0076
0002
facc
f2a2
00de
0095
fa4e
face
f4ac
e49a
fc08
f742
f3e2
f845
f51e
ff16
fd45
02fd
ff3e
00bf
005c
01e8
fa89
fb1f
0600
1072
fa7f
ffd6
0165
0014
0430
f26f
fe11
f5b9
00b7
ef7d
fb4c
f439
fd24
f8fb
fd8b
fea4
f8de
fd10
f3c4
f6a9
f902
effc
fead
f59c
fdba
fd5d
f8d1
f900
fea3
0004
f7b3
fc6e
fe35
01e5
00df
008d
00ac
04cc
0489
fcfa
feb7
f760
f884
f997
003d
f82b
f7b5
f535
ee3f
f6b8
f921
f352
ef14
feb9
022a
006a
ff8b
fb7a
0601
00dc
ef6d
fe7e
02d1
fb50
feb4
f347
0077
fdb3
00e1
0162
ff01
fc8d
fa5b
fa30
ff95
00a1
fc92
0a41
04cd
012c
008d
fba7
f373
fdd7
fecd
fcc7
00b8
f7a1
fbe5
fe8f
f142
f5c4
000f
00ed
01fd
fac9
0036
fde5
000b
ff0c
ee3f
f694
006f
0017
fa66
f2b4
002c
00d0
fa31
fa99
f50a
e514
fbc2
f743
f3c1
f88f
f57d
ff3c
fd32
02a9
ff36
0017
0042
01ed
fada
fbe7
0612
1009
f9f9
ffe0
0119
00eb
03e8
f228
fe1b
f55f
00c3
ef4b
fba3
f41f
fca7
f924
fd4a
fee7
f916
fd1f
f427
f6f1
f900
f0d5
fed3
f5c1
fdf3
fd40
f947
f959
fe96
0071
f789
fcd5
fdf1
0199
00f9
00dc
0021
04fc
04cf
fd23
fe5e
f6f6
f8ac
f93c
0034
f850
f7c6
f507
ee36
f6d5
f93c
f37b
ef77
fe97
0261
00bc
ff32
fb66
05cf
010f
efda
fdf6
02dc
fb96
fed3
f31a
0008
fd9e
00ca
013b
ff29
fcd0
fa3d
fa8c
ff3d
00af
fc4c
09dd
0458
0128
0041
fc0b
f444
fdc9
ff18
fcbd
00ca
f779
fb92
fe95
f147
f594
00e3
00ad
01ae
facd
004f
fe50
0097
fef3
eeb0
f70c
003a
002a
fa79
f2cc
00ef
00be
fa61
fa93
f4a5
e584
fb3f
f700
f3d2
f8c3
f5f9
ff76
fcf1
0263
ff3e
0063
00c3
0202
fae0
fc22
05bd
0f88
fa10
ff89
00d3
00a3
03b9
f248
fe9c
f5c2
0013
efcd
fbdb
f394
fcf5
f943
fd53
fefb
f94a
fda3
f43c
f731
f8d6
f093
fe80
f613
fe1c
