// w1 image: 32 words per input, 4 int8 per word
// (25088,) -> 25088 values, 8 hex digits
04fbfb00
06faf803
08fefb04
fbfa0607
05030209
fc01fe00
0005f8fd
04050704
fb04fc06
00000005
f8fe0006
00060008
fef80101
0800f903
06fb02fd
060104fa
fdfd0308
000803fe
04f9fe08
fcf9fef7
fa0208fc
f7020806
fb08feff
09f806fd
04fb05fd
fa0805f7
00fb0806
080008fb
f7020401
05fcfff9
f904f902
08fa00fd
f804fc05
0307fc00
ff07fdf8
03030907
fc0006f9
f8fff700
ff00f705
02f9f808
00f80800
0404ff02
ffff02fa
fef80703
fcfbfb01
fd0401f8
fafb0505
05fcf805
05080705
fc070503
f8fffe05
00fb04fb
0101fefe
f8fa0802
fe05fd00
fd05fff9
02fd06f8
f7fafc05
0504fafb
0403fa05
03fefcf8
0808fdff
0901fa02
02fbf908
00f8fdf9
fbfe06fe
07fd06f7
080707f8
0100f8ff
0304f706
00f7fa03
0003fcf8
06fefc04
f8ff08fa
f901fbfe
fdfefb02
01f80307
05f807fa
f8f800fc
02fc0005
0806fefb
06f800fe
fc08fafc
00000400
0106fa00
fefd08fa
010801fc
f9f90403
ff05fe01
0104f8fb
fb00ff06
fc040704
0002ff04
fe03f9f8
0708fefa
03fe02fc
fefbf7f9
fcf8fb02
fcf80306
fbfcfe01
07fa08fa
080605fc
fb03fc00
fbfafdfd
fffffb05
fc0803fc
fbfa0302
0103fe09
06fdfffd
000802f7
09f7f8fc
05f8fbfa
fffb0905
01060508
0400ffff
fe0300f9
fcfffb04
fcfb0701
0801fef9
0009fafd
02010406
03fa06fd
0407fcf9
08fa0108
0404fdfc
fdfafa01
fb0405f8
0704fc08
060700fd
01ff07fc
fdf9fff7
fa05fdfb
05fd09fa
020601f8
06030209
f708fffe
fb0801fe
fc08f9fe
03030101
08f9fd07
f906fe05
f805fc07
05030804
fd0205fa
03030102
faf9faf8
02f706fe
08f808ff
08fb0406
00ff06fe
08fa0604
08ff0008
00fefafc
03030301
02fffffe
fafef805
fcf80707
03fd04fd
f8070202
01f9fafa
03fb0202
f804fc09
04fdf905
04f907fa
01fd0807
03fc0408
000301fe
f9fafcf8
07f806fa
02fcff03
fd05fef9
fb050508
fe030805
0300f8fa
fdf80501
fc0402fd
fefa06ff
f908feff
01fe0700
070404f9
f8f80707
f9ff04fa
f8fb0308
040101fd
06faf903
fc04fcfd
fffffe03
0501ff08
0008f8fc
07fb06fb
0600f801
070307fb
04fc0000
00f70108
fb08fb06
fbfdfcf8
07fcfdfe
0701f805
fc03fd02
0708fbf9
02fb0700
03f8fcfe
fc00fd00
0507fc05
010103f9
09050306
fef7fe09
fdf70807
00fff9fe
faf8fefe
03fb06fd
f7fd07fa
fef804f9
fc09fd00
fef80509
00fa09fb
f9fffbfb
f90205fb
fe09fe07
fefcfbfe
fafc01f8
0002fd04
fdfbfaf7
05f7fcfe
05fe0307
02ff0104
fd040506
030701fd
fdfd0504
fffd0002
fe0403fc
040407f9
01000504
fbfcfcf9
fffa05fe
07fcff01
fff80808
06060604
fa01fffd
07fc06f8
f8fb04f9
fdf8fe02
03fbfafd
fdfe02fa
06fb04fe
020604f9
03f809fc
07fd0809
010403ff
fffd0607
f90305f8
fb0704f8
03040501
030305ff
03f903fd
07fefefc
fe0408ff
080400fd
0008fc03
05fffb08
0701fdfd
0002f9fe
fd05f800
fafe0300
fcf7fbf8
f808fbfd
08fcf8f8
020706fa
fd03feff
fef80505
ff040100
02f9f7fe
fe02fe06
0207fbf8
00fffbf8
fa02fa00
02050709
0807f9fd
f8f8ff06
07ff04fc
fafd0700
fbfc04f7
03fcf9fc
fd030707
0401fef9
fd01f904
09020808
ff09fcfb
fffa0202
fefd06f8
0104f901
0704fe05
08090100
08f804fb
f8030803
040907ff
ff0100fb
09ff05fc
05f90507
fff800fa
07080602
03020108
0200fcff
0802fcf9
fbfffdfd
02fdf901
07fb0101
fa07fdf8
0002fffd
0206fe02
faf907fa
f802fbfd
fc0003fa
fbff0703
fb02f908
fef8fcf8
0701f9fb
00fcfb07
fdf9f9fb
05fcf903
0701fdfd
090108fb
0000fb04
01fbfdfa
f7fc07fc
fd07faff
fbfbfbf7
07fc04fd
fc000704
fc04fffd
01070601
070100f8
fc020400
00070806
fa05ffff
ff03fcf7
00060603
08070405
f9f90702
fb0505fc
04fffa08
fe08ff03
0401fb08
060405fd
ff07fd08
000107f7
08faff07
fd06fb01
080604fa
0504fcf8
fa07f805
04030806
f904fcfe
01fdfa09
fffafd05
080306fe
03f80207
f806fb08
fcfcfc06
02fffdfb
fc0304fa
fdf90903
06fafeff
f8f705ff
0905fb06
fafd0408
06fef8fb
04fb0303
f7f70006
03fefcf8
0006fbf7
fdfe0304
f9fcfef8
04fcfd08
020109ff
0201fd07
fffa02f9
fcf8f8ff
03fcff01
08040001
09fe0403
08fe03ff
0005fc09
fd03fefc
0108f1f5
f80401fe
faf301f7
0707f306
02f90bfe
f9f5f9f7
1710f706
fc0c0e01
f608fe11
f100f5fb
fd080df5
fff9f4fb
fa0d04f5
fdfc05fd
0b02f6ff
07f20a01
ff120f05
0907f7f9
05f8000b
f3f70207
02ef0109
04fff3f8
060508f2
01effd05
0cf705ff
ff00f6f3
faf9f70d
0ffaf504
050011fa
03f1fef7
f40300f9
f6f7fcfe
090bf2f8
0712fffc
00f407f0
0e09f307
fffe0905
fbf2fc06
1a0df6fa
fe0e0208
040bff05
effaeffd
ff0506f1
fbf6f9fb
fb0207ef
f8fffef5
0806f7ff
08021301
ff070601
0a08f0fa
01f703fa
f3fe0507
0df9f9fc
fff2fefb
05090efe
05f2ff04
02f308fa
01f904ef
ff03f511
0406fa07
02f20d03
fcfd06fc
f708fb06
f0ff08f9
fef40a00
0e0304fa
07f2fb02
f1071202
fef20202
04000f0a
09f414f4
05fd0900
fef5f90d
00f7f8f9
0afafef8
0d060004
05edfaf7
0f04f4f5
f2080204
06090a05
f80bf3fc
f210fc14
06fc0df2
fb030807
ff0704f4
ff03080d
fcff0d02
f7040804
fe0207fe
0aeefffa
fafd0600
08050efd
09070208
f711f2fa
0012f90f
0103f9f0
0104ff00
f900fa03
06070801
fa0201fb
080807fa
07050607
080503fc
03f70807
f80407f9
fbf8f9fa
010204fc
fa02f9ff
fd050203
fc000100
040904fd
000106f9
070600fd
05f8f805
05fa05fa
fdfb01f9
fafbfffb
09fe07fd
fa02fffe
030003ff
fe030304
fffbff06
fcfc02fe
02ff04fd
01020306
f80102fa
f8fb0606
0002fd04
08030404
fb0303f7
02fef805
030601fc
fe06f8ff
07090606
f7fe0404
f902fefb
f8040701
08030706
fd03fbff
f8fffe04
fefcf8ff
fe00fc07
fffd0605
f90907fd
06fff803
0205fcf8
fefa07fb
09fe07fb
0901f9fa
05fe06f8
f906f9fe
f8f9fb01
02fd0107
0701fcfd
00000008
fe0205ff
f8fb02f7
fefcfc07
02ff0907
05fa0005
fffffc05
04fb06f8
06fffcfa
05fff905
01030202
00fb0900
fafdfff7
f806fffb
07070200
fef806fa
060607fd
fefdfd00
f7fa06fd
02f905f8
fff80604
06fb07fd
0404fcfb
070407f9
010904fe
04000602
070003fe
0500fbf9
f90807fa
f8030405
05f7f807
f9fafd01
fd0702fa
fef904f7
090306fc
fffbf9ff
0408fefa
03090508
f8f907fa
fb04f800
070203fe
04fdfc02
fd05ff09
05fafd00
04fdfdfc
02fd07fa
ff060503
01fbfdf9
04f705fe
0204f7fd
01f90506
fe050008
0007f705
01f9faf8
070206f7
f7fffdf9
03f800fd
09050708
fd08fd02
0504fffd
02000803
05020501
0308f807
08fdfd01
03fefbfc
f7fdfbfa
030002fd
f805fefc
0004fb06
05070004
fc04fafc
06f9f8fd
ff0705fa
060704fb
f9fafe00
f9f80203
060701fa
fc0208f8
fdff0501
f8fcfefd
0908ff06
09fefc00
04fdfd04
fcfbfc03
080505fe
fffefafc
040107fd
ff0406f8
ff060600
0802fdf8
08fcf806
fe08f904
05fdfe04
fe0402f9
08f8fb03
f803f8fb
f7fa0003
fbfaf8ff
f801fcf8
fcfd0705
000205ff
070800fd
08060003
fc08f706
fefffc01
000004f9
00f8f7f9
01fffcfe
00fa0308
0400f909
09060408
f8020305
f807fe04
fff70201
fefc04f9
08fbf9fe
fcff0701
0202fefc
07f8faf9
fa040104
fe0901f8
f7fe05fb
03020103
08f9ff08
020105f9
04fb0800
0505f908
05ff0306
01fb0004
0301f808
04f704ff
04f8fb01
faf80406
fcf9fe02
fefe0807
fd040203
fd050408
03f9f8ff
0308fbfa
0500f802
04030505
04fff803
fb02fdfe
0508ff07
f8fdfcfb
000406fe
ff03fc03
f8040602
0501f905
f90601fd
ff07f9fc
f9f700fb
06fcfd01
05ffff01
fcf90108
0502fd09
fffd01f9
ff0000fb
0100fd01
f7fe05fc
fff80407
ff0408fe
fdf8fc06
f904fffe
fb0205fd
fdf90408
fc0409fe
fdfffdf8
fefafb02
06fafa08
fd04fb01
0507fe07
fa0000f7
02fff704
06040408
f8fef900
fc030005
00010503
09fdfc04
faf802fc
fc0105fd
f806ff02
fcf8fafa
040002fb
0004fd02
030304ff
06000006
04fb08fe
f90600f7
00000304
fdff0105
fef90409
fefa0003
06fe0005
ff04fe09
060502fb
0502f809
f8090204
0403fb07
08f9fdf8
fcf8fb08
fa0503fc
04fa0108
f8fb0702
05fd05f9
08f80101
fdf9fffe
f704faff
00020102
0503f7f9
fb090400
0100fd00
fe06fdfe
03f9f9fb
00f9fb02
02030804
f80102fc
090104fa
fe0500ff
0200f9fb
f8fe0201
f90408f9
01fdfdfd
000107fa
05f70002
f908f9fa
06050206
050505fe
06fa08fe
faf70602
01fc02ff
fd000806
feff0507
fe04f9ff
f8fa03f7
08f803fa
03f9fbfc
fafafdff
fd0506f9
07000704
02fbfafc
f8fb0108
04000007
fd060700
f9fafc00
f808fd08
fcf904f8
00060401
0700fcfb
0405f902
03f7fbfd
fcfc0303
ff09fffa
fdfc03fe
08fd05f9
fe03f9fe
f900fb00
f9fc07f9
08fc06fd
fb00fbff
06fe0100
fbfd0602
f8ff0101
fe03fefe
0504fffa
05fcfb03
fa02f8f9
000000f7
fb05fe07
07060504
fa000607
0107fefc
0505fd05
f8000401
fc060004
060801f8
05f905fb
01020207
01fd07fb
ff00f700
07fcfe04
fbf8fc04
07f80200
00fdf9f9
0004f8fd
f7f908fa
01fff8f8
fcfe0507
fef902fa
09ff0404
02fc01fa
fcfcf805
02060006
000006fa
0709fc08
05fbfafc
0306fa09
fe06fbf9
fa06fdf9
0102f905
fc03f707
fc09fcf8
fefa0502
08fcfdfe
f8070409
06fdf908
f7fe0908
06f9f9fb
0007fd02
fafd04fd
0701f908
faf8f808
fefcfffa
fa040707
0705fe03
0002fb00
06fe0600
f808fe07
0405fc06
0002fbfd
07f906ff
0201fc05
02fd08fe
f9fbfa02
faf807ff
03ff02ff
0500fdf8
faff0103
fc030000
0704f9fc
0008f8f8
0102fcf7
0405f905
07ff07fb
fefdf802
ff08fe09
fbfd0006
040102f8
0107fbfe
04fc09fc
fa0001fe
08f9ffff
fffc0002
07f8f804
060407ff
f9fafe04
f8fb04fa
00070706
f706fe04
ff0708fc
09ff0008
ff030302
01fdfb01
fffbfe00
00f8fff9
05080407
fef80805
fafc0609
08f902fa
00f7fbfe
05070807
0404fc01
06010601
00fc0207
fc07f802
f907fbfd
00fe0903
08ff03f7
05fe0908
fc06f9f9
f9ff01ff
fff90502
f9ff04fc
fffd0307
0102f9fd
000108fd
fdfffaf8
fbfcff00
02fcfb08
fdfb00f7
fdfbfd05
03fbffff
ff07fffa
05040000
fafaf805
03fb0007
08060908
02f8ff06
f90507f7
fb08ff02
04fffafe
f9f7fd04
01fb0202
fc0006fc
0505f805
fbf908f9
f8f9faf9
04fb01fc
fbfcf705
fc0200fe
ff08fdfc
fd08faf9
f8fcfdfd
0204f8fe
0608ff04
00fe08fd
fd0203f8
04fafcf9
0504fefc
ff03fe04
06fe00fe
fc08f905
f805f8f8
f80600fd
fffc0101
03fcff00
05fbfa08
02060803
fcf70208
fc040402
04fe06f7
0004fffc
fd0401fd
f8ff0502
0002fefe
0704f807
0703fff8
08f800f8
fc0503fe
0807f902
fc000104
0401fbfb
f9ff0100
0301fdfc
05fb0702
0303fdf9
07f7f902
faf9fcfa
0702fdfd
ff01f8fc
07020400
f806f9fe
0503f9ff
0004fefa
f7fffefb
050201ff
ff010302
0206fc06
f9040509
ff07fa04
f8f900f7
03fbfcfc
fe09fc04
f9060204
fdfd0408
fe0702fc
0307fe08
fdfe06ff
0803ffff
0309fb07
0302fb08
0705fdfd
08fafc03
f8070000
f8f9fc08
fc09fe00
0504fb02
f808fa06
fc0300fd
03fbf7ff
fffc01f8
fdfb0201
0602fc04
f804fbfc
fc000105
f70103fb
02010608
fefef906
0808f9fe
fc06fbfa
06f80203
f8f90502
fb0506f9
01030601
f8fe0301
03040302
05fbfbfa
0101fafa
fbf9faf8
06f9f703
f8f9fc03
f9fd06ff
0501f8fa
01040b09
0906fc03
01fc0300
0bf8fd04
080801fd
050507fd
00ff0701
060502fa
fbfefc03
f8fa06fd
fffafff6
fc020604
fb0205ff
03f903f9
ff02f906
010308fd
0405fe01
fdf8f9fa
06fe02ff
fafc0508
0007fa09
00040bfe
08ff05f9
f809fffc
06060002
ff0804fc
08050906
fe0103fe
0afffafc
01f40805
f8fd05fe
04fff9fc
0a030905
f9000403
04fdf201
0503fafb
0604fd08
0e090502
fdfdfdf6
0708f9f8
03fbff08
f9fd0803
fe0901f3
01fefcfc
02fb0203
ff03ff05
f80403fb
050d00f9
fbf5030b
070100f9
08f607f9
00020609
070701f9
04080400
ffff04fc
000df7f8
f8f9fb04
1809f7f7
f70b0e03
f3e4f3ec
1e16e90c
def01c02
f8e91216
141ef6ee
16150d0a
101ae41d
f0e3e9ec
1afb11f0
19f2eb1a
180521ee
0e1cf2e1
0318f80c
11eb2218
f01b18ef
f011f2e7
14f31809
ecf51411
1eebf706
1deef106
100916f8
0ae70a1e
14e8f2f1
f8e708e2
f2f1e40e
1bf7edf1
02e72013
eaea12e5
d520ebfd
ede3ebea
1103f5f9
010dff0a
efedeee8
2014ed13
d7e61e00
f4df130b
291cfee6
1b201416
1421e924
e0d7dfee
0fed1deb
1cebdf26
270a26ea
1815e9ea
f928ff05
15e61e16
e52120ee
f11ae2dd
18f21a01
dce9120e
1ce8eb03
1eeeff07
0a1d19e6
15f40e1b
0be8efea
05e402df
f0e3e514
20f1e1ea
f9e81a13
f4e50be2
d42bedf1
eae0f6dc
050106fb
010a0501
fcf3fbea
0e06f506
f7de08fd
edf50503
2906fbf8
03041005
050703fd
02e2f2f9
07060701
01faf906
10f901fd
031307f7
0210fd1c
fff30d07
f4fd01ff
05fde8fb
f8fcfa05
e4020a08
fb02ff13
ff04fb04
ff0a0dfc
fcf90818
faf407f1
f9f7fcf3
f2f70404
1400eef9
fc0305f9
01f7fd01
f61dfa02
f9f7fff1
0402fe08
030404fb
f8ff05f6
0409fafd
f0e2fcfa
f3f605fe
16fefef8
0afe0403
01f906f8
fee6fdf7
060bfe04
090402ff
0c06fbf6
000802f4
01fe0402
fcfbfe03
f1ff00f5
07fefef6
08fa07fa
f2fcfffc
06f8001a
0afe01ff
03ff0c06
04f80113
09f3f4fe
ff09f7f8
f6f504fe
0a05f302
fd0705f8
0207fefa
f709f4f8
fff602f0
03020904
0413fc06
f8f302fa
1907f100
fbea0cf6
f6f6fe06
1005fef9
02110bfe
0101fc03
fdfefafc
ff0305f6
fdfbfdf7
020406ed
fe0000ea
040c0006
06f30bfe
f0fffeee
00fef3f7
07fb0211
f8fc09fc
f9f4040b
f8f8fcf9
fa0b09ff
fdfafc15
f501fffd
fef2fe05
f1f60106
08f80200
fef60efa
f6fb0afc
ec0c02fc
00f9fbf5
f7f9fc01
0001fd08
09fafa06
21010502
f7ed0efb
06ff040c
1e0b06fc
fa02100c
0902fd0b
00f8fae1
06130ffc
f6fefdf5
05f308fb
02ff0af9
f81102f5
0bf204fc
fefd01fe
02000402
08fe1305
ed03070d
07f6ee28
f900fa0d
fc040fff
fbf90410
f7f302f7
08f4f9f8
f3ff020a
13fb0407
0cfe0809
0c09fff6
05faf605
00f904fe
f2f4fafa
04f7f811
05f6f109
10fd08fd
02e204fd
0c00fd05
2406f006
01fe040f
0e05fc05
fee9faed
fb000f04
0becf8f5
ff041203
03f202ea
f613fdfc
0dfc030b
f50516f4
0007f8fa
0ffd0f1a
f6f80a06
0dfdf31a
fff1fa0f
0205fc00
04030008
fdfd17f8
070104f5
effa0105
13f9ff11
09fb1800
110303fc
0705fd01
f9edf7fd
00f7f2f0
04fa0a13
06f3f807
12050903
e0f9fb01
0ff20dff
470cf906
f20d0e0b
f611fcfd
f6dbedfa
01fe1300
01eaeff7
09fd11ff
03f60aef
f60ef0fd
13f90700
e90303f3
040ae301
09fb1014
eaf90afb
04fcef13
0011f407
fb111002
0402151c
f6f418e1
0404fef0
07edf30c
12fbf517
08fc0f0f
0d060eeb
0106f708
eef6fff3
ff050302
ecf20301
fc03fbfe
060003fc
fefef611
0d02f800
28fffd0d
e804faf2
f80405ef
000e0812
fefaf802
09fcf7f3
f9f3fe02
effdfa02
f0fe0213
0804fa03
fcfafe08
fe0605ff
0d030607
000af2fd
06080013
fa0500e4
0dfff50f
010f0506
ef0beffc
f605f305
10fc01fe
fd0209fa
ef09fcfc
09ff01f9
04fa0205
ed0d060e
06f4f6eb
00fa0101
19edf4e4
0224fee4
ebe3040d
f9ec0100
360a1508
fcfe0605
fdf6ff05
f210ea0c
03f81dfa
12040d13
f1f21708
fb1021e9
f8090902
fef4e80c
010e05f4
f606fafd
0c032516
dbf6f70c
1cf5f30a
07fef8f2
020d10f5
0d071104
09feeff3
02f4faf3
04f5000e
10e2f1fd
110f0efb
08fdfafb
da0ff5f9
f5f2e7fe
16eaf8e4
f7070b0c
21f3f3c9
ec1a14d5
f0d40ff1
10e4f70b
2e191804
0ef81403
02f3da0e
eaf7e3f8
07ea1df4
04f11e0d
00e316f9
111016f1
ecfaf7f5
15f0ed03
f10906eb
ed1eeff6
1cfb1c1b
f5f90817
23fae901
00faf10f
030b2a07
07e90612
03fe0ee6
10f60ee4
edf4fef7
25e7dc04
1b01200a
101cf6f5
d92ae712
09eeeaf1
0ef1f2e7
fc0b080e
14fa02cf
0e2713e3
f1cb07ec
04e2f6f7
191608fa
08fc2008
040bee16
e7fcf0ea
05f42400
f1e6120a
06011cf8
14060ded
f212efef
06edf405
effd10ee
f915faf1
11051227
ebf609fe
1af4ea11
fcfff805
06150704
16e30119
0ce70de2
0001f2f8
e2f6f50a
1ce1df0b
12f93502
030a0af4
ec17f30e
ffdde6f5
f8f2fc03
fc12fefd
f201fcf6
0903fd0b
f8dffc06
f803f502
1a11e70c
fc120f0b
ff100b09
f20203f0
000308ff
faf7fef6
050114f8
ff06f2f3
0efdf60e
03ed0204
06fe10f9
ff0a02f5
0b02fd12
00000607
fcfa0c16
06fcf601
010e06f6
00fcf516
1afdf5fd
01fcfe01
f6fe0200
10f3f0ff
ecff1904
f7050df7
f8fdfe08
f4e902ec
0800fa02
f713f806
efe8ffe5
0b1cf810
f6e21b00
efeaf109
1d19f204
f3030f10
fe10f709
fcf8edf2
0e070ffd
03f4f606
01fe0cea
0908eff9
0101f417
16e70b06
ef0812f9
0104f8ee
15020111
f4fa0c03
0bf3fd15
09f5f50a
061313f8
24f30513
16f1f4f0
faf5fcf9
e8fbfb0b
0ffcf5f5
fef216f9
fdf20ef7
ee0eeef0
f3ec0be5
1700f6f8
0017fe06
f9f2fde5
2116ed14
efd414f9
e2e9e3fc
1212de02
070f1b08
f9170308
f5f4fbfe
081320f8
feefe806
000816dc
0813f7ee
0efce911
07dc160b
ea152aef
060beddc
18fdfe19
f2ff1a03
0dec0d0e
fff3f3fe
020a0cf5
1bfcf90c
1afdf6f8
fefe04f5
ebf6000c
0cf6f4f9
f8ea1901
07f617f4
f207f2f2
fae30eeb
05f2f2fd
0801030c
f0fcf6f8
1708f000
00e60ffb
edf1f305
1a0cef02
000d0b01
050bfa00
f2f4f2eb
0e0420f5
06f3fa06
0a0a08f0
0f08eef4
090bf702
fee40c01
f10e18f4
050ce6f3
16f9faff
f5ee1209
0df9070a
09f2f9ff
090c1dfd
1bf2fd0c
03faf7fb
f60607f7
f2f9fe00
12f8eff4
08f20e03
fff60ff9
ee15fae7
f9dcfded
00f4f205
09ff0302
f4fafceb
1616ee04
f6e812fc
f5f71302
0c09fcff
06080f08
0c01f202
f5fafdee
060016fb
01f4f306
0b0514f5
0809f5ef
010605fb
08ea040c
f50916ef
fefee7f2
09f50506
f0f80208
05f4fd02
0a02f2fd
04141203
0bfe0815
06f6f7f2
05f700f1
f5fdfb09
0ffdf6f1
05041209
03f212f7
f80efef7
f3e5f7f1
09f8fb08
0700fe03
fcf9faf6
1404f3fa
f3f60e0a
eff611f9
0a12f503
0c0a10fc
010df708
fbf8f9fc
03f90d01
fdf7f700
0a0009fa
0d05fff8
fe0efdf7
00f10200
02040601
040ce9f6
fff909f9
fdfc0ffe
fcfdfb0c
00f8fdf9
050c13fb
0c030912
0ff1fdf2
040609f7
ecfcff09
0afbeef5
ff020cfd
02f70cf1
0112fef6
f6e404f6
fe000104
fbfcfafc
fe01fcfc
fd0005f9
fef804fa
fbfcfb02
f9fefa09
0000fc01
f9f80800
fefe06ff
010904f7
fcfd01fd
fa010901
08fd02f8
fafef902
03fefe01
f805feff
02000809
0302fa09
09fb0903
f8fd0702
fa030201
fffe08fc
f902fd07
00fe04f7
fff80806
fe050401
f70002fd
feff06ff
06fe0306
07f9fb00
f90002f8
01f8fc01
0305fafe
03ff0107
00fbf800
03fd0008
fef904f9
fb0603fe
03060107
02fcfafd
f801fcf9
fb00f900
fbfdfefc
f800fb00
06f80801
0602f804
fa00ff01
00f807fa
04fefefe
04fe02fd
06f80006
05fa03fb
0708f908
f7fcfbf9
f8f901fd
fc020504
fb0500fb
08050601
fd030503
f9f907fd
f9030000
fe0701fd
fbfb04f8
fbfafd06
07080803
fe070406
f906faf8
f9fff8f9
070206fb
fe06f802
03f9fefb
00f9fd00
0000ff01
05ff07f9
fcf7f902
fafd0707
01f8fbfe
fb01fb00
02fe0500
fe080104
04f705fe
fe010402
02f9fbfc
08fbf8fc
fffbf703
04fffe01
07f80000
fcfdfef9
fe000800
020809f8
fcfafffb
fb08fb04
05070700
fcf80700
07fc0303
f80802fb
02fffbf7
07fbfc04
fd06fa02
07fefafc
f709f7fb
07fa0507
080306f8
fcf9fefd
fa0106f8
fe07f701
fe01f9fc
02f9f903
fcfd0301
090607ff
faf80304
f7fa03f7
fb02fdfd
010400fd
0907fffb
fb04f9fa
06fcfd05
fcfbfb07
fb04fb06
04f9fc06
fafffdf7
fb03f808
030707fd
ff0208f9
fffbfffd
fa010404
06fb0508
fa07fe02
06010607
f8090508
03fbfefa
01fbfdff
050701fe
09010802
02ff02f9
0102faf7
ff040206
ff08fafa
04fe03fd
fb07f801
fc05f904
08fafa08
fcf90807
0202fcf7
00f9f905
090605fd
fd01fb01
fa00f8fb
fd01ff05
030007fd
06fb0203
f8fa05fa
0902f8f9
07fa0604
060503f9
ff08f900
fc080609
f9fef8f9
fcf8f907
ff0506f9
fb07fd06
f70003f9
fdff0405
f901fa08
fbfa0200
06fa00ff
fe02f9fd
00fd07f9
fe08f9fc
fafefc04
0200f904
fcfa06f8
020403ff
03000408
fd02fe02
fbfc00fe
010103f9
00060200
fc00f804
fa06fb06
08f8fd02
07fc0609
0808fc01
f70408fe
fdfef903
f8080704
02f9fafb
fa05fcf8
fc08fbfd
0001fd03
faf8fa05
fa01fafa
08100106
060206f7
08040204
05f2fe03
f6fb0109
180f0200
07020f0d
fcfcf210
fc05f6fc
05fa0b00
0402ff0c
00050cf0
020505fc
0704f800
04010607
030b0501
020800fd
01f70905
f7f4100b
0502fc03
fbfb00fb
03090bfc
fc010d06
05faf900
fafc02fb
fdfb0600
10faedfe
08001502
fcfffe04
f90efefc
fceffdfe
10f9f0f1
11e20414
12f2f6e3
fb141202
f2f407f2
0fedf40a
100e0506
00ed1202
05e8ed03
eae8f3e8
0df015f9
01f01310
f6f809f4
0d1f03ef
e1edefef
0cf5f904
e61107f1
fe13e203
06fa0a05
f60e1407
0d07e904
12edf819
ea040906
02fc0b08
effa0efb
16f019e5
f6eaf502
16f7f705
18032209
171ef7fb
e90cf9f7
09e2fcfd
0afceaf5
09edff0e
14e7fee5
0b1507f5
f9ed1ffb
05f1f2fb
1014ff0a
f2f80a0b
130bf610
e7eaf9ec
0c051a00
f9e80312
fd000ee4
0d1c03f4
f904f0ec
06f0fa0b
e90d11fc
f7fdd9f6
10f0060c
eaf1140e
1afbfa08
0effec0d
040f09fe
19fa0707
f8ed02f0
18ff09f7
edfcf911
0ef2e60a
0e011bff
230b0cf0
eb02f7fe
00e4feeb
05080c05
f0180402
f71300fd
0efff20b
faeb1afc
ffef0702
080e02ff
fc0909fc
0617020d
00f2eeea
061405f6
f900ecf8
08090106
0003f4f7
110bf709
04f10b07
fe0d04f7
090d05ea
1deef912
e8fb0e12
0beb04ff
f713f3ff
031305fc
faeff115
06f0edfd
fff8f9f6
edf8f304
0e1606fd
f1e40d10
00ee02f4
ed0ef3fc
f3f1f7f2
161016fc
f92efcea
e4f819ef
1919e713
e1d91bf8
f1f11c03
1815f6ef
191525fc
f8160117
f9dbdee9
0d060fe6
0be3e303
180a18f3
1413f0f2
fb2e0430
08eb20f3
f10905fc
0011f7e4
1dedf101
dae5040d
03ebf90a
fc19f303
091413f3
00fff826
13dbd6f1
fbf8f1d9
e2f7ef07
1b01f0e9
f6e5190a
dce601f0
d929f401
ece7ffe6
f4020e02
021e09f4
ecec08f8
1409ec05
e4e70302
f2ef1d0f
18fcf80c
14fd1500
ff0df004
ffe4f1ea
07f70aef
08f5f203
1b0316fe
0eff06e2
f52bf717
10f512fb
e3fe02fd
f912e9f1
fbf8f4fe
e4f9fc07
08f3fe07
fefdf106
08080ff4
0201ff25
efef0cf1
03f4f1e1
e2eeed08
1af8fee8
13f81d0b
0ef907fc
ed13f105
e8f6f8ea
f3151408
fb2b02eb
e70019f0
1906f005
e7cc09fb
dfee20fe
06fdf701
19021e0c
0800f8fa
00e5eee3
0bf6f8fa
09ed01f6
1f1103fb
09fffceb
f8220425
10041ef2
f4f601f2
f806e2f8
0502ffe7
d5f0fe08
08fb0120
f307f5f8
fc0f10f9
04f7fa1c
f4e90bfd
08edf6e4
e6ecf30c
25fcf2ee
0fee1408
fdfefb00
d92a000a
eef9f7e5
fe181f04
fb3a09ef
ee0114f1
2007f906
fad814f4
defd1dfd
e8f7ecf7
061014ff
fafcfe09
00e4f3ec
090fff03
f7f805ea
0b090201
02f0f7f8
0728002e
0d122501
eefaf7f4
0b13ef01
04f9fbed
d6f10209
0a04f60b
f1fe0bfc
07f412f7
fbf6f40c
f6e706fb
f9ec05df
e8f5f302
180500f0
0afd0b13
f700f9f3
f82df420
eefbedf0
ed0d1f00
f62cf9f5
fbf3fff7
171c0701
f3ee19fb
df0d1d0e
01effdf7
f4122107
01fefb07
06f1e9f5
0f1deff3
ffe815e5
1d061020
ff03f0e0
1e2f0a09
0d071f05
e2fa09fa
0315f100
fbfa09f7
e3f4fd12
17020cfb
190805ff
170913e8
05edfb09
faf9f2e0
f5e1ebdf
f6e8f5ee
10fe11ec
0d020e1d
e7f716fc
fd27030d
ecf6eaf1
f5f91cfd
f50efeeb
f4eef6f5
0c17fdfe
e9db00ff
fd0a2218
100113f8
fe182313
fffcfe04
fe0ee200
0a21f900
16ec21e7
10ff0118
0a10ece1
052f0bff
12041efc
eff91305
f90ce6f7
08001f0b
c2edfefe
10051501
14210010
22fc22fa
f3f40610
fae7e4e6
fddafde6
f6e3f6fd
13fe13f2
f71a1218
07011706
e828f510
e5f1eaea
f9060b01
fc0902e6
10ff07ed
1ff5f80d
e8cce100
f71d0e00
fbe303f0
e51423fe
04f40ee8
f9e7f9f4
0a1df602
fce711e9
f000f414
eff7fcf5
f20b0a16
faf71bfb
fe00e5fe
f800ec0e
dcf81008
e9ec061f
06f00203
fd2eff0a
e90917fb
fbf50306
e6defcfd
00fcfed5
d3dcf70c
00f4fbf6
132c0220
100002f9
e50cf40d
e6e3facd
f52205ed
fd0c06e8
f6faeff8
08f3e910
e3e4ea22
dc101bfa
13e514d4
e40ef5f4
08ea1af7
e9ce06ee
f30ee6fc
0fda11e4
ddf0f02f
f0e0f6f8
ef092b36
f2e304f4
0bebdaec
eafded03
ee023212
fd030428
01e7e1f0
1b33edf2
d8f5f90c
ef000def
fbe4e602
fbecd7d9
d9c9df05
06ff0deb
1615fa1f
f2ea1bf6
eef1f00d
e0fef9e3
f8222af1
051323e1
030b0ae9
15feee02
e6e6fcfc
df141c1c
0dec03e5
000a17dd
04fbeaeb
d8d7fff3
f3fedde9
f9d501e4
edf5defb
16e7dfff
f30f1143
0bfa26f4
eeece8e0
f404f6fb
fe0023fd
05fa1503
f9f0d902
282902ee
ec01fd0f
f3f0fd14
e1e5e1e7
0af702dc
e0d9de03
0d0e04f5
f00e082c
fafe0aec
000ce521
f0f3f7e4
17220df3
0b05fee4
fbfe00f2
0b05e608
f9db0d1f
e309000d
2b0005e6
f30119f9
f703ff0c
e8f8f405
f0f107ea
18e60de6
e6f8f707
11f7dbf0
101f1820
f1ef17f3
fe12f5f7
0224f9fc
1bf82709
f5e70605
f4f3e503
3b09ece9
02fb0afc
f5f80c03
f9f9ffd9
05f1e8e5
eff6fd1c
15fffbf7
f110110b
ffe10aeb
f802040a
f6e6eb17
1c2908f9
e902dc0f
ebf8f9f9
f6e9e6e3
e8ea2021
e30cf3f4
4c1407de
fc100811
dd14081c
e009ed02
eadf05ee
0dfd16f8
ecef001b
06f1e8e8
25270f06
ebee0cfc
fd16eee2
f821eae5
26081e2b
f4ed0801
09fce9fb
37ddc4e1
0807fbf1
ecf40df9
0bf1feea
faeae6f1
e8f8e717
12faf7f1
0efe1800
09e704f4
cff9fa02
e4eeed1b
0d1afc00
eefae217
e017ff01
eef7ddf1
e6e60a24
e905f40d
3c0cebe9
f50f0203
e10c0910
e3090212
f1df0c02
210ffef8
faf1f40a
0102eaf4
201b021d
f6f21608
0b10f8eb
fb0909d8
0912080e
00ed1804
04fd0af9
31f9e0eb
fe030ff3
f6f809f7
fb0807f9
f6fbe3f5
e410ea07
0df702f9
fb110bfe
f2f5f9fe
daf0f8f8
e4eef817
0d021408
fe0def09
f7fb0a01
e503e1fd
e3b90b01
eef30d1b
2109d7f6
0015fc05
e309ecfb
d3e80012
f7faf701
1803f9fe
03fef1ec
1011f5fe
02fbddfc
11e6fa0f
0b100ae5
f3f30ce4
0f1bfb0c
01fc22ea
f4f303f8
28f6eefd
ed072706
06f00d09
f71909fc
03fd070e
eb23fd11
01d7edf8
ed0e1cfb
f206fddd
f91afdf8
fa090204
0004130e
fb25050e
f20210ea
0216eb12
e9b327f8
fbe61c0a
0b1ad9f4
030af505
0219e81b
e4e1e909
0a0d02f3
16f1ebef
0b0af2fc
07fac7f2
0410e902
15cf0f04
e6fa2aeb
0c05ffeb
1427ff05
f7f50bf5
02f40bf2
17fa0a00
0207270c
14ea011b
0a0010d9
ffee0e0a
e003ec28
1ee00404
08fa1e06
efeffcdc
0227fb23
fa090be3
050a0d06
fc120003
fdf400f6
0d16f20b
f6d20502
effa0b02
fd17d606
fefd1408
020df910
f2f1f9ea
040b1efe
08f3f4f4
0617040d
00f7e0e6
0408f713
07d622fe
f70924ef
1a08f0f8
111cff03
f4f81a03
02f8f80b
120002fd
22030b09
10f7fe11
110507ee
f8051df6
eafff312
0ef1f207
03fb0a13
faef0af2
0b13011d
fc01fcd5
fd141dee
f514f50c
e2000cf5
071cfc12
f8c811fa
e5f818ec
f81ccaff
02071513
fe1b091f
edd9f1eb
061119f7
f6f7f5ec
0a1e190e
0bf3d2da
06050d11
01e1220c
06f627f8
120ff6e4
1104f005
f6f0200c
02fbe40c
00ecf2ff
2a07070b
fdf5ed0b
11f10edb
ebf806e9
ff05f11c
15f1080d
11fdfa06
faf01eeb
14ff011a
f6fcf5d3
021508f8
ef1cf40d
e5f306e1
1e1cf4fc
f5db1008
dff415f7
fc22d9f2
0e131314
fa22051e
f1e5e8eb
0e081def
fef0f0f4
06171e13
07f1c4e7
0d051316
01db0e1e
02fc2bfc
0613ead6
06fafc05
eeee2014
09e5ee21
01efebf4
2d1812f6
07f10014
2ee90fea
e2fd01d4
eb0bee1e
12fa0304
0bfb050b
0dee1feb
0712030a
ebe4f1da
02180ff0
ee1e050a
f0e316e4
1a17f205
f6dc1ff4
f2021c03
f91af1ea
0a1f170e
0f21f71d
e8dddfd4
09061cfd
fae8f0fe
0a1314fe
0c0adee3
131a091d
10e82d11
ed0c2afd
ff15e9e4
14e9000a
eeec180f
0ff1ed1a
0cece604
101d1bed
09f1fc0b
15f8f9dd
fcf4fde4
ecfafa0c
1dfef6f9
0bf3150e
f6f124eb
ee15f10b
ede3f8e5
fa0619f0
05100704
faf8fcf0
070eff10
f7d914f0
e9fe1c0d
0509f9f4
06041312
0815ff0e
f1f8f6f0
08010ffc
04f8f9ff
100809fb
0607deee
12030d15
03041c12
f9fd1700
0011f1ee
13f9000b
dfec0d0e
0ef5f415
12f6fc05
090905f2
04f6fc11
04fa0af1
03f5faef
f6fbfa10
19110707
14f7070a
0cf70c05
f01aef0b
f3fbf1f1
fdf5fe0c
0c020101
0708fce8
f9ff0707
06f800fe
0a06fbff
f0f701fd
04fcfb00
fcfef401
f1fefefd
fd000bfb
0c010102
0803fc03
fc0003fe
0c050207
0b1709fe
fafd0cf8
fef70302
000501ff
0609ff07
0008f70f
050408fc
f716f507
00060609
f70af603
05f70210
e9f4ffff
f610fff3
090afb0c
0807fefd
04fffd0c
04fe0205
0903ff07
04030705
04fbff02
080602fd
f8fbff03
08fafbfd
f8f70203
f807fe03
0109fd06
020507f8
fc01fdf8
02fefaf9
fc0201fe
090606fb
fb0904f9
fdfbfc06
f9fffa06
0309fa01
07fb0904
f8fefdfc
06fe0802
ff0702fd
01f900f7
00fc0208
0605fc08
fd0008ff
fefe07f8
07090103
fc02fd07
03fbf901
f9fdff03
f8010000
0702fcf7
0402f805
f70705fe
0703fdf9
060805f8
f8030008
09050506
08020704
fffefeff
faf9fffd
01050503
fe080805
f9030806
ff03fe09
fdfc03f7
0703f905
fd0505fe
f804fcfd
03f80307
fc03f901
fffc0007
f907fb06
02fa00ff
fc0508fb
0600f803
ff02fcf9
08fc0307
f90503fc
000705f8
04fd03fa
f900fc06
0006fcf8
08faff02
fc0408fb
ff05ff07
fd020700
fefd00f9
ff0704f8
f8f80400
fb0003fb
0003ff05
0809ff07
090407fa
fbfc0005
01fef903
fbf9fc06
0808f9f9
fafe0400
06f7faf9
07fcfcf9
ffff02fc
04fb01f9
0104fcfe
fa0404fc
fdf9f905
fe0300fa
fbfffdfe
fefc00ff
f9090505
fb05fffd
fb02fdfc
fb0204ff
fdf7fafa
fa090808
fdfa02ff
04010506
feff0101
03070105
f801f7fa
06020902
0801fb00
f80805fb
0103fbf7
07f9fe06
f707fdf9
010204fc
06fdfa06
06fe0301
fbf70803
f90000fb
03f909fa
f80504fb
0601fef7
fa04faf9
000908fd
080406fa
020702fb
01fcf907
04fffe07
00fb0900
0309f9fb
03000605
0208fd00
fdff0202
09ff00f9
04fef908
0017e8ec
08eee416
0f03ee1a
f30312f0
ef12ee16
ed110314
24f61b1e
eae7e8e6
f5e113ea
1418ee15
f10d1c00
200917f7
09f1fc0e
f3100711
f0f5100b
e907eb14
21eaf420
15eceee3
f3f21ef3
070fe414
f7080fef
1a1412da
12f7f011
0e0c1df1
f1e7f213
e8e3e413
16111fe6
ec161bed
f21bf010
f7e6ec20
ecf310eb
e20fea11
0d00e1fb
1cee0512
17e8f6d7
f80b01ed
fceb0316
18f10717
1b0c010a
0ced0807
16deeefd
fbfcef07
09f81ff7
0af70d21
ffe40cff
1b210ff4
f50c0bea
0af80009
f612fafb
f400dc06
f6010c03
f0fd1716
1cf6fff3
1dfef61c
14081103
1afa1409
f0f805fa
1f0213ec
f2feee01
14fbf502
1c131d0f
150500f7
e706fbe6
fad9fa0e
0e03de1c
00ec05ed
f9dc0be3
f622f1ef
fb10121d
efd90a17
170306ed
13f70314
05ece8f4
f7def100
01f41900
16f0f509
0dfdffec
05040d0d
f1fef9fd
1bf8fd04
ed19fce7
e30bd3f2
fe0bf802
edeffc06
19e80efa
1903eb09
f6091cf5
19f90706
0400f41f
00131605
e403f910
06e0eef2
030f0bfb
ecfa01fa
d528fde2
03ee0afd
fceb0efd
faf107ff
0307eff4
0817fee1
dceffa11
f10c09f7
f7f7f001
ed101c10
f9f40efc
dfdaf800
0cff0a19
0d000cf8
ff1b1a11
fffef5e8
f51dfdee
10032302
f3f804ee
f3f2e300
1f08f6f3
f8ed0102
01fbe202
02fa040b
f614ff09
dc0403fd
05eb1d04
f910f2e5
f9f6ff07
fdf5f40c
fb010cf8
070c02ed
fe0f0712
fb0d0ad6
f8fc0904
fe07fffd
f90006e9
1810eef1
e2e40213
f1ec1efe
0a08f203
f2161119
ef000102
eccee306
090e1003
19ee03fa
1c12210c
1104ebec
fc29f012
07060ded
ed060ff3
01fceaea
0ffaf3f1
dbe40104
0eefe4f9
fd09fd07
fb132007
0002fd18
07defaf2
fef7dfd6
dce7f403
130aeafb
02f31b1b
f4f51fe7
e83104fc
e9ddfedd
f4fb0101
fa02f9f4
00fcf8e0
2f0afd15
e7cd0413
e2f70d10
0f130207
f0160f0b
ea001cfc
ddcef213
0f060df1
1ff70ceb
0005130c
0413fed7
f52904fc
01fbfdec
e2f90eff
03eff2f2
05efedf8
f0eafdfe
f9ef06fe
e812f6f8
040b18fb
10fa0d14
00e608eb
ec0de5e0
03f1110b
0af4f2f2
08f61a0c
02ec1cea
f60f0a05
e1ef04d3
fcfa0719
ed0afaf8
ede000dd
26eaf005
f8e3f30d
d3fb0c02
12f7ed05
fe1f140d
e3f90c02
e0e6e420
1bfaf8fe
22e5f9de
f213070a
f61ef1de
ff29e7ef
effdffed
e712fcf2
ff03f9dc
fee7f5e0
e9eb05fc
04e3fe1b
e800f7ee
ff1117eb
eff60206
f6e7f7e2
ee10eecd
02ef0f16
06f80dfc
ebf00af9
eaf329e4
04fc0f01
e1e2f6e8
05e9271c
02171be9
f4d728e9
fde1f906
e1f3f5f9
d6eb190e
12eef0f6
1905ec0d
f8fdf8ed
ec00df0e
1df7fff5
11d7f5f5
f616f215
032a11f4
f40ddbfa
f61007e3
0a0908f8
f210f8f9
ebe2f4c8
e5e80905
05ecf51d
d71b13e5
e6020ef3
ebeb060c
e3e6fcdd
08f20dd3
d6d4eefe
0601fafb
16ee07f7
e11006f7
1817e023
dce7f1ea
e8e4161c
0efd15f0
eef72be6
e7f2f60e
defee70c
cb102012
0cf6f5fe
0c060efc
0feb06dd
edf9da18
16f60ff1
06ea0af6
e8220604
13070d00
fe0ae004
080611ee
f91ff3f5
1af6e7f8
f2edefca
e8d5f009
07fbff14
d9161aea
fdf729fb
dee508f8
e5cd11e6
f8021ddb
d4d4e5f3
f003f8f9
2a0704f6
fc0c01ed
2411e20e
daf3f8f1
fff02118
f00a04f2
edff1ce5
0cfdf700
fa03f8f2
eb0d1613
d509ffed
f8071b03
fdff0acb
ef0ce909
123107fb
00ea21d4
ee1c0e16
0c16fff9
d60ed7ff
060e1ada
0209e3f5
fbf203e7
ecd2f9e2
ede5e2fa
f8fefd13
cb160eff
1a0904ed
dbed0003
dfe1fbfe
ddf8fdeb
f2ece504
fe010b08
0c10150b
fc1e06f9
16fbd52e
d5e80313
0fea1301
ef2122fa
fbdf0cc6
29fff3fe
e5e3f507
df131020
e4defbd7
fc0f1900
eff50dd4
eb04e01f
051e05fd
1fcb29f0
da1b0716
fe4604f9
c10efff3
150d10db
f906b5f0
ffffede7
dce60ed9
d6e6f80f
f605e207
e925290f
fefcfdf7
f2fa2305
c9d4d5ff
e4f709e5
ebdaf30d
fff909fd
0b120c17
0a0205f5
01f9d519
c9f004f6
ecf3fbdc
f5253004
e6eaf3cf
0a04f8f4
f8ccf8ff
ec210b06
10f002e2
010017ff
0c0bfcf4
d5b5e20d
e7eafbf0
0cc61def
e6fb0116
fd09e0de
fe1d0c07
ffe80dfc
03feafe8
f2f1e9eb
fbee090d
d7e91e1b
f7f1da0b
0a2b24ef
f4fbfa08
e0fa2807
e5cdd3de
d703fb03
e3d904f9
1500fefa
271c190f
02f50e02
1802d715
dfdff7f1
dff5fadd
f3143a0f
ecf5e5cb
fd18eee1
ddfa0000
042306f9
0afe05ec
eb1f1904
0614f70e
bec4f202
d8d0f2e2
f20312e8
e912f50b
fddae0e5
1809daf3
feec1404
e7f9c9d9
f8f1fae6
13fde812
fce7050f
fceed802
1c2009f2
f3091414
dce1060f
fddefcd2
f604fffc
e4ea0e03
01dff80c
131121fc
06f904cf
1e04d922
ebf608f3
0909fdeb
f5fe0ef8
ebf5fdb7
f10aecd4
eb05e314
053500fd
17f20af8
e6171912
00f7140e
d515f42d
eeb0f8cf
221c1d02
e5f2ff01
0d07f5eb
1012c704
f60407f3
0009d8ef
ede6f8ea
0607dcfd
0103060a
ed02e0d4
2e16fdf7
07f4221b
c1090401
f3071be1
d4000302
f2f40705
f1dbf3fb
ea101a02
090af7d6
ef05de1e
eb06f903
f60a05eb
f6f3060d
ecf7e9d1
ee14f2d3
f40ddf03
f13308f1
0cfafefb
e0fd1015
11fb1014
d12cf0f4
e8b8ffd4
18002206
e6ea070b
10edefd9
191adaf1
f6fe0f00
0d02eaee
da06e6f0
1bfefb0a
fa0f1614
fa04f6eb
3413e711
12eb0527
d50efaf4
ef0a2ad9
ddf8e9e5
e5e404ff
1ee9fdf7
f6061505
020407f9
0100e32f
e204f2fc
fc0c04ed
f5fbf918
e0f9f0e5
e205e8ee
e916eb03
e7020016
18070306
dfebff17
f102041a
f923e9f2
f9aff1d8
0bf20817
e40007f6
08eff8f5
12eaf40d
16071603
fc05e9f6
d90addf2
040c0106
e714070d
f30e16fc
140fe81e
e9f5f51b
ff0b09ed
fb11100c
d704f70e
f4091104
0cffeaf8
06f90d0a
08ff000a
0b01e903
f602eafe
10120706
ec040605
c8e805f1
f207d0e5
ee200210
d9f91d20
220beeec
edf60807
ebfaed1b
f600e6fb
f5d40ed6
10f8fe03
e8f207e5
1701e9fd
29e8e306
1d14f9fb
0018fdf5
e4fefb00
012aeb09
e5f90cf9
17f22a0a
1dfed731
fa021015
1deaf7dc
fb1ff50f
da0a1e12
07181509
fcf5f1e9
fc11f403
f6eb0602
de15e6ee
fdff00e9
ea12f3f2
da00f7f4
d5f409f0
180ad311
0608f226
e9fb1517
1508d9f3
d1fe0005
e3040b07
f20ce2f1
fe130de2
11fdf6f5
e4ff10f7
0ff2c1e9
1702e309
0ded0601
17150411
0007fdf9
1316d90a
00f6f0eb
1df71a09
2812e303
0f0a1710
1ef1f7e3
ff08ebf8
db001408
fafe0306
fc14f4f7
f21dfaf9
04eaff07
f70eecf1
fef500de
e3e5f5e2
f106e509
f5f4f8f8
0103dd08
161be724
f7ef0001
1607e9f8
d2f8f70f
c10602ed
f0daf7fc
ec010fe5
f9efff0d
e6eb1bef
0506e5f6
0afff5e2
04e40407
f61805fe
f3f3f101
0f1dee00
0b0bf5f5
2af91f13
1effdd02
0207fc00
1cfafae7
0e0af216
fd190920
f90ef90d
e8fedffe
ef19f5ea
1cfa0beb
200101e9
17e80df1
f30607fc
06f5eefc
00f210f7
020fcce2
24faee0c
ebf40604
1b11d3f8
01faea15
e10af813
02e203fc
fcfdfbe3
fbedf210
fcf004e6
18150a00
00f7faf1
07eef612
defe0207
f3f7e2f7
fb0d0502
06090c17
16041b0d
19fccff4
0210020c
0cfaedf0
0c00ed20
0a080013
0cf9f113
01f501fe
06edeffc
ee010be0
0820f8f0
16fdeee2
030df6f9
02e8f614
ebfc1706
180dd0e1
28f7030d
f403dee2
fc11e9f9
27eae52a
f2f8f21b
1101fef5
000d0cf0
07feeb0c
fee0fa03
181a060c
f5f4fdf6
ec01f20d
e3020417
0b0df3f3
e80c13e0
020c141f
fd0c2a0e
ef0ff1d1
05131206
fe10f9fa
fbfbef02
fefff807
12fee60b
f9010401
12e7e517
f3130dfb
f32402f2
0decefd4
e5fa010a
0505f517
fbff0f0c
1feae4e9
f4dc0a1a
fc0a05e3
0321caf5
2416fc2b
e50eec16
fdf9fef4
01151500
0c01e709
05fbff20
21fbdcfa
e9fafbf6
f3ef0717
130d2d07
0f2113d6
fdf8eeec
ecf31710
faf8e711
e5c7fbca
36fd19e9
e800fa03
00ed1ae7
dc0a00f5
1afffa1a
1705e70d
07fdef11
f31f07fd
ef26f204
f6efebda
dd0d001e
2019f2fb
fef800fa
27f3fa0b
daf11006
0e0718f7
1022e805
091e0307
0608fbe9
01fbea0b
ff340d09
f5fae7fa
fe10ef03
00ede4f8
f3fbf909
09ef0903
09f41f03
192011f0
0500e7fe
e7efeefe
eef9f1f9
0fe8efee
2be81bfa
f4fe01ff
0cf716ea
e1f9f1f5
fbf3020e
ff11ee0d
e6f00f01
fa0a0ef5
f821f811
f1ff04e6
03e70627
16e919db
1c05f40c
09070200
e81efd09
0d09041f
28fb06ec
23faf8db
11e3e6d2
0a04fc18
f80fe713
0520020c
f3e6d5ef
041f2322
f701f6d5
1d22ffec
ec01e1dd
06e4ef1d
dafbf4f7
f012daea
ee030e01
0b1f1527
f1f82112
150011ee
f3f5f816
111a04f1
01effbf8
f418edfd
d4f8eff1
0f0807ea
0307fedd
1d020602
16fb030a
180d29d9
11f90aeb
1421eb0c
fb230f02
11e70d21
1906ffed
070a00da
0f01f1e0
edf4f901
fe07edf3
f804fffe
0b0ae4d8
02101804
fc0de9ed
23f413e2
d302dfe9
09fde115
f826fef1
fe13ebdf
21ee0eff
0c0ff229
e3072514
1fe71003
1208eb27
0e0b08f7
ebebf306
f6edfeef
def7fe00
03090ee4
f81bf3ee
25f40dfc
fcfc0405
0604fe06
05fb0205
fc0506fc
02fbfeff
0007fb08
06fbf707
010302f9
fcff04fd
0607fd08
0707f9fd
0506f9f8
f8fefbfd
fc0404f7
f90206fd
06f80005
f909fef8
0701fd08
000605fd
fe040102
03fcfffa
060306fa
fc030304
f80207fa
08faff09
03fdf8fc
0302f8ff
05fbfcfc
00030302
f80205fc
fa010302
fb040705
06f8f8fb
fafffbff
fb02f8fb
fc08fbfe
f8f90403
00010002
03fb02f9
06fef805
f8fdf701
0204fef7
fcf800ff
fb030702
0100fe03
fbf9fbf8
0102f800
f7f9f8f9
00040002
050206f9
07070300
05050302
fdfc0705
02ff0005
05fc0205
06f7fb01
f8f704fc
07040702
ff020505
040901f9
fbfd03fb
fa08fa06
0606fb07
fc0907f8
0207ff08
f903f805
fd0afdfa
fe000801
fe06fdfb
f80105fa
fe0704f8
f80906fe
fcfb04f9
020506ff
09050009
030606fa
070607fd
04000806
ff010400
0705fe05
02fb08fb
04f903fa
f9fa00fe
03f8feff
f9fff8fb
08070504
06ff0103
0508fc01
06fd0905
f8fbfafa
09fd0901
05fef804
050305ff
01ff0807
07020a01
050008f8
0608f3f1
f9f8f41d
1913ec23
080115ef
e509f315
f1240213
0ce00f20
f1e6e5f6
f3f519ef
181efd1a
df170c12
111714e2
17f1fc1a
ea070a02
f9fb160a
e516ea12
1aebee23
19eee7f4
f10118fd
060cf316
e8131ee8
0e1c0de3
11faed03
131b0bf7
eff3050c
e4f2e40f
130b1af7
fe1009f9
f722ea14
fae7fe20
efe912f1
f413f110
03e7fcf2
00deee03
0be8ef09
06020105
0013e816
0711fb10
0ef4051b
fdfef809
f2ed1adc
0809fe21
02f9fe0e
12032d01
fcf90905
ee08ff08
fbff03f5
f209f50b
0903e309
fdeafdfa
eb0902f0
040be8fa
fd0614f6
250708f5
1c030809
170314f6
f40c08f9
ee04fe07
06071af9
ec09fe01
051000fd
10f01207
05ef11e3
f803fb10
fb020cf9
faf80105
f70e01f4
09080801
f0e7ef03
ee0ff6f7
1411ee10
f8ff0602
fbfe0f01
f714fcfa
031902fb
0bfd07fe
fb08171b
fef7f8f2
f91a090e
07f202f6
fdf50300
0ef4fdf5
0813f101
ffeafc0e
fdfd050e
1106ebf2
0d0b03fd
0dfa070d
10fc06f5
e9fdf6fc
f6fc0afe
fcfe0b09
080210fa
0bf41bf2
fb05140e
f70df8f8
fff20bed
f00908e1
f416f2e9
1025fa06
fdf2ef07
d5fd1103
0f0ce90a
f6050609
edee17fa
f50ff307
0b0d07de
1502e6e8
06140420
f2f7dfe5
0f331404
14f404ea
0afb16f0
05ecfeee
13f0eff4
ebdc0ef5
15f2f0f7
24140cfb
f30ffdeb
0bfcfa10
00fb05eb
f5fbe000
d8fbfdf5
fe00f6f6
eafa0b07
e9fb1d10
eb141b05
f002ff0d
f3e917f7
041717eb
ec28f3d3
101aee0a
08eeecff
c8fd1d16
f8f2dc0c
fcf2f904
f5f309ed
f20ef30c
04f5e7e7
1332fced
10fff811
fdf0dcf3
221b1ffb
050100ea
f6f60408
12ddf307
f400f5db
01d5fdf8
00f9f5f6
f7121203
f0f8ff0a
0a001b0d
eaf0fcf0
f1faddf7
e1f4fbea
051f06f8
e9fd061b
e6070902
1404f51d
11f7d8fc
eadc0efc
f1f820f6
0a0cfae4
0703fbff
fcefe60a
e3f61c01
f7dbe50e
fdf7d407
09fb06e4
df1cf919
00edefed
243902f7
ed10ef0f
fdfffb00
000b0cda
e90df1ef
080200fd
02ef0908
eafafdb6
0ddbf8e3
fcf5fae9
f00520f6
ebf51c21
01f62e04
e7e60ee9
fefae609
f7f904f4
0422fb04
e30ffb09
0414ee19
19faf710
19fedcf8
f0dc0606
ec0b09f4
f008f6dd
28feff0a
f6f3f31a
ebfb2500
edf0ee0a
1018cc1b
090502d7
e915da15
f8f40d02
1a2801ef
ec08f514
05eef5f2
fc0f05dd
f4f2f2f0
1bf7f7f1
e20201f3
f5f918b6
0cdaf1d7
fbeee70f
1bf80ffb
e1e40626
f2e63105
c3d800d8
eefbd2ec
dbd5fffd
171e0a04
e8110707
dd16050d
15f50602
f903f4fb
e6ef06f8
fc2220f6
ed060fd7
eeebf1f7
edcbff0f
d9fe1b08
0700e9f6
1310c315
06fd00e0
02faf324
e401fcff
111000fa
f802f303
11faf900
f20df3f2
da03ffea
0ee7f2ee
e50ddcfc
f8df05d5
facd01ea
06fbe10b
10fe1a02
ccf1fe1e
cdf01c0d
c3c60aec
eae9ef07
d9f9e0ec
0ffe031e
fb151111
de36fb12
2204ef1c
f701ebee
d7f706f0
fa1c1cdb
fa0a11e5
fb0a03f0
01fdfe0b
d3092b07
fef1eff3
0716e914
02fbf8db
05e1eb29
e4191604
2815f9f3
f023f5f3
0afef2e6
ec1415ea
f60612e9
02f0e1f1
e506ed04
f6fbe2df
fecfecea
ff15e3f4
050c35f4
eef61a0b
e8081c10
c9eafde6
dbf80304
f6f1e7e7
09f5200a
fd1e1221
f6350204
fe16010c
f00ffddb
eae9fb0c
080612f9
02000af1
f3f808ec
00010610
e8fd1f19
0804ebf5
020b01f8
10db05d7
f5ce0913
013122f4
18150e0b
ea080a00
1a1df6f7
da081de3
fa030df2
e6fcd709
020808f5
0307f5f2
eff2d8e9
fa05e801
02052902
0709f411
f3082901
06e8fa04
e0f1f5f7
0a05f4f0
f306ff02
fc0e041b
0a1509fd
ff0afafe
fde9030f
f6e6f80c
f7120d09
f70800fe
00070303
0c05f816
ea0a06fe
ffecdbf0
07160208
10e809d9
07da0e1a
f222260d
1bfc1715
e80e0d02
0911f2f9
d9f927de
f2ff07e6
edf7bd04
070afaea
dd0404f7
14f8ea0d
ecfede1f
0100291c
f81ff4fd
f0161afc
ece4e90c
c6feeafe
f708fe0e
fe12f7fb
1116fd1e
f4060110
07e603fa
f9dfff18
f1f9f611
ec1c02fb
e806fee0
fd14fcf5
24ffec17
fc1901fa
08ece9d9
fa0ff3ec
1ff80ffc
07ccf702
e8041510
2af517f5
f1fb130d
f1f0d8fa
f60720f2
0102f5eb
f003c2fe
00f4f1e3
ec10000f
18f1ed07
e407e70b
03123307
f20ef5fb
022115f5
0ad9f7fb
d3fbfaff
f1fe0b00
0610f9f2
1d240109
ecf50203
27de10f8
00f1f507
030e0403
060e00ff
ddfdfbb4
e5f5e9d9
ebf40717
fb10faf2
fef10aeb
ff05e3fc
03040415
ff01f713
efda0400
11f01604
f8f5fd0f
06f0ed05
0110f206
f606fdf4
f304e0fe
ebf9edf3
ebfffe0e
f4f7ee29
f509f0fd
fefa1509
e90509fc
ed162103
e8e60fe3
eeff0007
e4f8fbfa
06fef9f5
25071fff
e611ede6
14f2ef0a
0109f214
13fdfcf1
09feec06
e2f5faef
ef0bf2ba
ea0af218
f90f08f3
15fefafc
fb05eb01
01000819
f616f11f
e0b90b0a
11fa0c0f
f704ff0c
16fa05fc
fbf6ceec
fbf1f7f3
f9f7fbf9
e1e5f1f4
f005f700
ef13140d
fc18e70b
19f210f9
03030707
e21a2101
ecff0cff
e6041d0c
fb04f50a
05e0e6f9
0a170504
11f7f9e7
fafa040a
fbfcfd10
f5fc06d9
03f3f920
e5070203
eb09eac8
f2f9e510
f313fcf6
0dff1d03
fffdf40e
0801f9fe
0024e708
e0c80dff
23f6ff05
02f60e04
0bf50af1
0300c6fd
0af4f0f7
15fd0115
ed04def6
fff9fe0a
ea07170e
fd12ff10
fc1ef9ff
f802061e
ec0b00f2
e1f81ee7
00fe0f0a
fb00fdfc
1af4f9f1
ef10f90a
1d09fafd
f40c0617
fafcf2e4
f10a06da
0be3fc1a
ebe50cd4
dffdfaae
effcffee
d608f4f4
f7ff0c20
05ea09fc
1cfbe8fc
1310ed06
f1bdf50b
14bef70e
06f3fefd
16ec03e8
fcf3d503
0ffc0df7
09f41711
e510f402
07030efe
d50e1709
110f1212
f625090a
00020017
f3081104
dd012e02
10ef1200
fd15f9ea
14f508ee
f918ea2a
2c1003f0
e9131113
01ff01e3
eef712f0
f2f8f012
f3f605d8
0601e5ec
f9000001
e90d0901
1204ef17
f2e1fb03
0c07f50c
0611f813
f3fd06f4
0dcdeb0d
06f417f4
00eb03fa
04dd0c05
0010fb06
f3030210
051be60b
fb01f200
effe15fa
10061a18
0114e014
0310fc16
fe0b04f1
ec0d29f6
0af7140d
071012fb
fefd02f2
f90fdf16
290df9f6
ed0c1111
f5fa05e5
d50811f2
f312e217
e50304f8
25feddf6
0cf4f805
ef0e0e00
05080c08
ebf9effe
00150e0a
f81401fb
f61910ed
07ceeaff
0e0313eb
fdc5e1f2
0cf9d7fb
05f80414
fdfc0d1a
2721e40f
0cf8ed08
0decf8fb
0605071c
f50fe212
0d181403
1506e5f4
01ef1304
ec060a13
0f0114f4
0b00fbfc
fb11ed14
251703f1
ea0f0613
fdfdf5ed
d3060604
f300f702
e3fe0c02
1601cffd
0ff6f60c
efff0607
0afc02fe
f200e500
ed0b0714
f113fe06
f419f7f4
0cdce309
030409eb
0bf9e70f
fef7defa
030a05fe
01020410
0cfdf113
16fbe9de
1df80cf6
fe02fa23
f817edff
fe010efd
1500eeeb
f2f80102
ea0f0e02
0d04f7ec
fc05fdf6
e017ec05
0f1b0af3
f509f502
0d0ef4df
ef020803
0aff050c
de0b1124
18ffd422
2809ed0e
f0f301f6
1904dc03
ec0b050f
d40b0122
f5250c07
f118eb05
f1d7ebfc
fdfafbe8
fd0c0302
f3eedf09
f3eff704
f314140c
faf7f602
070afcf4
16eb0dfb
10e9fd29
15f8d3f7
f10e17fa
1aefd5eb
0dffec1e
e807fa0a
0608ef08
e6ec04fb
f700e7fa
03fb1a05
ee0feef9
fc07f0eb
f5030a1c
0f020d17
04020128
13f4e314
2105ea0a
03fbede9
10fbe91a
14fdf519
ea140115
0c1712f3
f21afbee
fbf7e0f7
02ffebf3
fff80cf4
dbdee504
f301e911
04fd121d
f2eaf214
dc3802e4
13e703f8
fdfbff24
150acaee
e1050a05
08f2e9e0
08fff8fe
f808fb05
0900fb04
e1f80307
f7ece6f9
140e1b0b
06fbe603
02fff6f1
fa10f121
112d0202
0beb17f5
fdece50f
2e0d07f2
06e1f6f6
231fdfe8
0f1ddbfd
0416db00
ece302f2
ed1aedee
eff9d2fb
f008e304
08e70a06
fce9e7fd
0b08faf6
f8031603
dd09f516
d32dd3e0
03effdf4
13dbdf02
090ee7dc
fae31c07
06defded
1f24f802
09102201
f915db0f
dfe7f2fa
f4dee0f3
f6160edb
1206d0f8
08e9fde0
f9fef028
1e0dfedb
18f61efb
09e5f304
2a341508
0ce900f7
0ffddce8
1124ecec
0203f0cd
e3fa1a1a
f403d208
eb11e003
f611ce06
15e81117
08fbecf3
03ff06ec
190cf6f1
e8f60b0f
e02bc2f5
0ff1d4e3
00e9d6da
f2f0f6fe
01df20f1
11f2f0ea
0930f21a
042c3a20
eb1cfe14
e5e0f102
d4e7e4ee
fc16f8cd
0e1be4fc
1efb14e8
0cf9fd12
030007d8
0c1a15f8
0bdd000e
1b18060b
fde9180a
1ff9d5ef
1e24f7e7
05f901dd
ea250f12
f2efdd09
041ce80d
0708cef6
1a010c1e
0d0df9f8
eff911ec
1cf8f402
f4ef0e07
da3de3f2
10f5d9ed
e6f7d9f2
050502f9
f5e507f3
f5f9ffef
093004fe
0a230d10
140bfa06
f208f805
dcf8f6e9
f60afce7
2215fdfc
120d1df6
00f2ff01
0e040ce1
15f90bf7
f903f60c
121d0302
05f3fd05
20fee8f6
0412fffd
f9fb00ea
f7ef0e06
f8f801fe
fafff407
fb08f0ec
0a0c140a
fc0dede4
09e5fbfc
f31806fd
04f0fc11
0414e9f0
0d06e1f4
06f6fdfc
12f1f314
e9fe02e6
05f813f8
0918e908
111cff0a
f20ef9fb
f4ee0206
f1f805e9
f60712f0
000806f0
11ef0f04
01030e09
fc1effff
e90a13e5
0c0bec0d
13f116fc
03e506f0
010ced08
091c140d
fe10fc16
f0f3e5e4
ff0718f6
f2f1f6ff
02180bfc
0eebe9e2
180af204
17eb120d
f0f816e8
130c0c06
0c01ef18
f1fa09f2
09e7fd14
f1e5e207
0c0804ee
0ef3ff05
15f30cef
f01907f2
e8f2f711
0fecf507
fae810f4
15fd0bee
fb05f301
eef403f5
04fe0608
f9fbfdfc
0203fc04
fffaff08
00fa0501
03f802fa
01fbf804
fbfe0208
00050300
02050102
04fcfa08
04fdfaf9
fdf80105
04f90202
00ff00f8
fa02f901
fc0703fd
0003ff04
fcfffcfc
01ff0507
ff0307fc
fefe0407
ff020603
fffc0304
0301fdff
00f804f8
f80808fe
fa020802
08fdfcfa
07f90401
f70203fa
00fdfb00
0904f806
03010401
08fd0402
f9fc0103
00fef901
0109fafd
fd0006fb
fefb03fa
fd00ff05
fefc0100
06fe0204
09000607
fe060503
f9fa0104
04fffa03
010107fd
f90102f9
00000907
06faf909
f90607fb
f902fcf8
f908fe01
08faff06
04fa0703
07040601
fc03f8fb
fafd07fc
06faf802
04fcfe01
fd060001
fcf9fefe
fc090708
f612fff9
0103f7f8
0017f70a
03ff09ee
eeebf60f
f9140817
01080611
efe9f4fd
02fd0ded
1201f50d
ec0f1609
150115f3
12fa0715
f10eeef6
f7fa120a
f201f404
14f2031a
1af6f4ee
f3f50ff3
fcf3f90e
fe1b18fe
09161a03
14f5e912
0b0c13fa
01fa09fe
ebf0eef1
180a14fe
fa1711f7
fd13ef0b
ebe71314
fffa12fc
ee0aee11
05fbee04
0bf0ffef
10f0f0e1
e51600fa
0d18fe0b
fbecfd15
f70e0101
ee0bfd0c
f2ec05f8
fce0fd19
f9f8fd11
1c020a00
f50008f5
fbfb0607
ec0f15e0
19faed04
ee0801fd
e4e30608
e0f6f8f7
fe02fd00
0afa0e05
1f0d04ff
fe031bfe
0d0319ed
fd06eb05
01110400
fdf40003
f80af402
f7030bfc
f80406ed
051817e5
f9f9f7e3
060c10f5
f207ff14
f8fdfdd6
111f00ed
fbdbf705
e40601f6
f505e612
eef80811
f8080e0c
f1d6e90e
0608120b
14f1fcf4
0d041211
f80cfae2
ea222bf6
eb040605
120118fa
0deafaf9
1f14e1ea
f2e503ff
00f90c04
07190ce8
0b0416de
f00dfb13
faf200e8
f007e6e8
e7e6f0e2
ff1aeafc
fc0024fb
11f803fe
fb172302
f10201ca
0bf1fae5
e5f3dd21
093ee8dc
0823fb31
04f20321
d2fe0521
11faf30d
01f114fc
e8ee14ed
0c0b0918
f40607f6
f50df713
17e50a12
f224f4f0
11152003
f304fbed
140b12f6
28eef6e7
10f30de9
f9fe0af1
12effc15
0df7f0f2
fffefdea
18e5f4ff
0ceef7dc
ed06e2f4
cbfae305
eefefcf7
f0e3f104
efd40512
fbfc01f6
f508ef08
eee804ee
e4fbfc03
1a3ce3c6
fa190920
13ffd810
c2011a11
fadbe515
f7eb0e0f
f0ef1be8
e6fd0520
def7ff24
0b0812fb
0a020a15
f100f2e7
f41d21f4
f604efea
fb0c0707
1bec00ef
fa1217de
14ea03ee
0009fc04
fe0301ef
fff3f6f0
fc020bfc
01fbf6ce
e313def2
daec120d
f314170c
e4060a0c
e9f60813
02f31219
01fae6ec
e4d6e4e1
f80f0ef6
fd28f3c7
030df811
040aea15
d3082606
ede5e30d
06130112
f1ef0edf
e621f50a
f9fbe1fd
0d2203f0
0305f411
fefde50a
081915ef
ee02f2eb
0b0df4f3
0fe7f2ec
f30608ab
09f5f1e6
f501f01a
f306fee6
0af3fefc
ede70111
f106fedd
f010e6dd
eddc190b
fa0fec06
f113ec05
e0110d16
0bfefa05
f4eee2fb
d1e1e7e3
e81110f8
fe24eadb
f5250213
e9fd0614
e6040d06
fcfae7f8
00170d10
def718cd
fc1c0005
09ee13e0
f010fe0b
000c04f5
feeee30c
2104fcfa
dbfbffef
fdeae0df
03eefaf8
e81308c3
f001f6dc
fd07d010
01f301f1
f5f8fd12
e9ddf424
c70e05ef
f10ffdf4
ecebf2f1
07f9ed13
e103f5fc
dd02161a
f50a03fe
00fd0111
bee5eedd
f9090df8
0721f0ef
fb2ef424
eaf1050a
e1f7080f
fffde6f2
03f71608
fcf913db
0003fbfb
100b1ae0
e40cfa17
f40f09f2
fbe9e80b
19fefffc
c704f6e8
e8eee0d9
15eefefd
e8fdffce
f1fce0dc
f1ffca06
0af30ee5
eb08f40d
05e5ef1a
b115ef09
eb090107
fb00fcf1
f2dff50f
f814fff7
e00afb03
040aedf4
fd0c07fc
bff0f3de
ff1417f7
0b1909f3
e524020b
e8e8f205
acec190b
070ae8ed
ff0af903
0cf003ea
f5e30af7
042b17fd
faff0010
fb1efaf7
04daf20a
ef0707fc
e8f9f6ea
eb01b8ed
fe011c06
e40be8ec
09e9ecf3
f501bbfa
070215fa
fa02f60f
08f51710
db04e508
e600060e
fb0701f9
f6db00f4
10f70709
f917eced
fe14f5f2
0efa090d
eff9f8f3
030d0beb
f0fe0c05
ef15ff07
06fd16f1
c5eb1208
1200ddde
0809f8f2
14f3fbe2
11c50712
0f14030a
03f9001a
0104fff3
1fe6fc09
e4f307fc
ecf701df
e7f3a903
f2021d07
e114f8fc
f7f3e3f3
ddf3bb13
f6fa23fb
fd04fe08
ff022407
fcf7ee1c
e6fc0ef1
ec09fdf4
f9ec06e9
18edfa07
dc12f306
e70ceff3
07e50d01
e40905ed
ec1b05ee
f00105f4
110f05fc
0cf01105
e6f91502
04ebc1dd
0705e302
120c0be3
1bde08fa
f812f822
15ff0110
09fffd04
02faeb0f
e6fa1909
f3f802f3
05009d06
fef60bf1
f002f010
06f5f20a
e6f1c7ff
040e1a00
fe06f70d
ed171700
08eb0300
d3f912cd
f313f602
0beee5f6
05ef0909
d702fb11
fb080ef3
03f111f8
f0fffa0c
fb02f7ed
fbe5fadb
fc1002fb
f5efff02
eb051005
fbdedade
fdeeedf9
0a0701ed
fad30504
15d6f626
f70b0f10
05fb0705
05f6f111
03ea16f5
fff50303
ea16bd03
fbe9f0f9
e904fb01
ecf1eeff
df09d4fa
14012813
00030001
f0081013
1af4fff6
dc0a16d4
f2f4f1fe
03e6fbf9
11fe00fd
e1f70305
0b0613e5
fcff0a01
050b06fc
01f8f605
06e7fbf1
f30c060b
e1f20613
e5fef5ff
00fbe8ee
f801ee00
fcff10f3
fc0c0102
06bdf815
06061802
0008f405
0004f911
1cfffaf0
fef507f6
f804f2eb
09faeae9
edf6f604
e6e4e309
f011f3f2
11ee1001
fa0501ff
f1041107
03faf3e8
e0fb15f0
f6f0ed07
00e50200
07fb03fb
f00c10f8
0eecfaed
07f31206
0105f0ef
05dbf606
f4f50a00
e5ff02fc
dfe6ef18
dc010803
0017f010
f5f5e802
fbf40001
f005ea13
0aa30a1f
100418f9
07000119
0cebf403
1cfbfdfb
0c08f7fd
f30803ee
0a07f4f1
fffc0417
cfd7ee10
f110ecfc
02fb1318
1513ff04
ed10110d
f8f2f7f5
f2010ff2
faf9fc03
14fdfbfc
0b12ef01
01080907
faf406f9
01fafff4
f0f702e3
05f800f9
f90e0a02
e008f9fa
fbddf90f
d9090c0e
0a10090c
f7eaeb00
08e0f1f3
fb15f419
01d40412
160c0bec
09f70402
0ee6f1f7
26faee00
0b14faf7
f30505f5
0100effa
0005f30d
bbe7ff16
fd19effd
05050208
02160213
fe090cf9
faf607ec
0303180b
f9f206f4
fbfee607
0607ee0d
0713020a
020104ff
fe00fde8
f4f002e9
100df402
e7e91def
ebfceffb
f2f3f8f9
d70403f9
1609e20a
04e8fb06
0606f2fc
09210c08
070af709
08ffeaf0
0903feef
27df0401
03f1cbff
0afdfefa
eb1207f0
020efdfd
0a07e708
dde80809
010bf20d
fff80210
fd0e10f9
faf709fe
fd0e16e1
1f0412fa
f7fcf60e
04f1fa04
0611d4fd
0a0c04fd
faed0306
f3fe17fa
dcfe1010
0b0ee504
02fb04dd
0c2204ee
fa020002
ec161bfd
09fefe01
fae5f6fb
07f6fc01
00e7fd03
1b08ffed
0ffdfbfb
01020dfe
30dce5f8
d6fbd5f4
0bfc05fc
f106f3ed
031e0c11
f805ecef
04de12fe
f00df50b
f3f20618
060a09f9
effd08f5
08f80ed5
fd0a1cf3
f9f101fa
f81700f8
f8fcc20e
1006fdf0
eff30721
fb0e0ae9
d5fc0f1c
0c05f109
fef5fbe3
0cfdefe7
0bf801fd
f701fcf1
ff07ed01
00f9f905
0314ff0d
0713f9fd
fc26fae5
1be2ed00
f717f7ef
37caf8f4
d8ffd2ff
06fa080b
0df9090f
002add1f
1007f80b
14e40d04
d4120a16
0000ec17
d80d090a
dc0706e1
01f51be3
00f907de
0b09fcff
fc201509
f917d608
171afaf6
e7edf91f
070812e1
f90e0c22
01f8edfc
f10c02e5
17fbdeed
fef507fb
d6020904
0c07f0f5
f70ef3f7
02fc0015
f7faf5fb
ed21f9e8
10eee1ed
f50cffd3
2ad6eb00
c8fad90d
15fe0dfa
f501150b
ef11e310
0d1a04e6
1cf80806
f004f315
0205da10
def62111
f9030ce4
f01102ed
fa03fbdf
0e06fff2
f2120801
f817e3ff
101d00e3
e612de0d
0501f9db
f50a0804
11fb1d07
ebfa1605
13fccfd8
050ef505
db0007f4
0c06e9f9
f607e3f9
f0faf118
111300fd
e010f7ee
17dbf6f6
060f03d4
12fcf701
c4f3d0fc
0106ed04
f6fd0cf8
fc1cdb07
050409eb
27fef016
fb02ce18
fd06ce0c
e8ef0f07
fc09f8e3
faf9fb01
f30207dd
0b05eee2
e003f707
fa0edf03
112bfbfc
e3ffd91f
090de2db
eb16fef5
11f41906
e3e01602
ff0de8e6
fd10011c
e901fa00
1c22fc0c
0afbdef9
f8fcfd0b
2007f6f8
f315f6ef
2cddf4e1
0cf2faeb
03ecf7f1
b8fed8f2
fcf9da04
0205160e
f717ee12
f30e1def
2c10e60c
f713d80a
0f09bc03
e0ee1b13
1cf30fe0
1704f70c
03110be6
060ef6e1
e20902fc
fbf9d910
1f3b0409
f2e6d6fe
0a07dcf8
e520ebf9
051a180a
e4f810e6
0a24f9f2
0d0af120
e3e8080d
0e29d2eb
f9eae300
061ffcf2
0d0af20b
e921f9f6
04ddf5f1
1319fafe
edeffcec
df0ad6fb
faeef809
0ff41814
04feeb0e
fc1200f3
200fddef
f6fbf0f9
1614d7fe
ebe9110f
20ea0ae9
2209f106
f80c02f5
ff01ecfe
e0f11600
e4ebe503
1e210ce2
06e2e604
f7f8e0dc
ea0ff007
0623fff6
f2ea0edf
fd0406ec
191f0201
fbe9f6ff
07ffbff6
fc12e203
f91101fd
ff091010
fd21ebf8
0102de04
0806e813
eee0eef5
f012eefd
f8ef02fb
15f70416
f1fcf7fb
e214c5fc
12fbe4f2
fbf9f0e7
f512f3fc
f9e521e8
1af308e3
0725f9f7
e2011507
0c17e706
effb0ff6
e9ede4f4
0b1bf1e4
fef6eaf6
fdf4f7ee
e2070003
00061df3
fefe17ed
feeb0ee5
0f34e909
f80df5eb
20f8bcf8
111e09fa
ee05ebd7
fe171216
0b00e3fa
1307eb08
0cf2d305
100b0510
e62101f0
06ec15f7
00f6f6ff
f7fc01f3
dc2ee3f7
0c08dafe
de0101f2
01e70cfb
e7de18e7
fdff16fd
ec1df308
120f0910
111ff4fb
f2fe11fb
fbf9fdef
fd17ede3
02fbf1fb
14ff03fd
07fef3f9
001610eb
08ec0bea
1209f9da
09031805
f2eff3e3
0b15eaf7
1a19f71f
f40eda06
dbd4ed14
12fc0d05
05fde41a
0a0ef3e3
1d25ecec
d625f5e5
17daf403
1c1313e5
fd2509f4
0b03eeeb
e904fbf7
1febf106
fce50307
02fa1bec
f9f9110a
0b09f9eb
02110af0
0004ec22
05f0f100
eff219fb
0b0f04d5
f305fb07
11f203ee
08000608
f31b03ef
e8fc0fef
1400e514
04021303
f1f409ee
031de4f9
03190c0e
f511ef0a
edf6e113
00ff08ee
f3f6e5fa
000ff6eb
04fce5f1
0b12e6fe
18e20f03
f2041bfa
1018fd03
1006eef0
f20813e9
1ae20416
e9ecf30a
f31210ef
18f0f712
0bf700ff
ef0b02fe
e7f90c11
0ee5ee05
f9e91def
f90417f1
000dfb03
01e20dee
fe02f9f8
0506f901
050203f9
faf700fd
fdfe04f8
07f8fe04
0205fdfa
010401fa
000300fe
faf8fd04
08070503
0802fe02
06fbfd05
0605fb00
0504fb07
f8070807
fe0506fb
fa03fd04
ffff0504
09fb04fb
07fbf8f9
fdfd0100
03fff805
05f80608
07ff03fc
070505fb
0007fdf8
0605ff06
f8f9fd01
03f90102
fb0501fe
06fc04ff
fb03f4fd
000d00fe
0406f2f0
0a0c0fef
fbf7f100
ff070d11
0306f608
fc0cff04
ff040bfa
f7f7f60b
00081210
0a0609f5
ff120b01
0207fef3
fb0101f2
0101f7f1
f70cfbef
fdffff00
fbf1fafc
11fcfdff
f202fcfa
16fe0804
0dfd0708
fa0404fa
f702fdf9
edfc0a0c
12ef0d0f
f1eef401
fd100af4
0f0b09f7
fff60afe
fa0704ed
f5f90313
f70bee15
1a02f215
1610f610
eb0c0018
0910fc1f
f902f7ff
f6062106
effb0aed
10030d01
19fb041c
0729ee18
0ef909f6
fd1207f7
0ef70319
0811fd0b
030bf2eb
23fb0dfc
02fd09f7
f10301fa
21df0309
e9e9e60d
0815f9e7
f9fde617
030be10d
f91604f0
02f31816
fbf60009
fef622f9
06df1602
ff09fc00
f6f10004
fe1012fd
0601e50c
220bf208
ee1622f1
f7edf700
0504fe0d
db03ff08
01e31111
ecee0112
ffed06fa
03f4030d
1f080905
03130b02
f8edf9fb
fc1b070c
0514f3fe
09ff06f5
f2e5f913
04e9efe9
f013f4fd
fefdfbf5
0f0c1d05
00fa11fa
0817fe04
fc0bffea
fff80ce5
f3e8e7f7
ed0c0bfa
0aedf404
0803e2fc
0b0602ff
eef6eeeb
161524f1
ef150018
04ee0a07
fd0f10ef
12e4f2fa
07ee1004
dbfce10c
08020dfc
fb04ff04
f600fc01
00fb0414
150700fd
17000c05
f4ffebe7
0d141517
f11b1bfe
17fa14e9
f2f0f10d
14f5eeee
f218faf6
1206f70b
fcfa0efd
fd0010f1
e1fde40f
0b0d02f2
e7f802ee
dcf4f4f8
000b1bfc
f1e40c0b
0a09f7fb
0e191308
07fbeeee
f10a0adb
f9e8ea1c
111df31e
f025011f
23f6e50a
fe0d0822
0305f40b
10040bff
e9ecffdc
e6211c0f
f00a0209
f0e3f601
0903fee2
ef16f3de
1cfcf213
f112f8fc
170a15f5
17dd00e9
08f80dec
3433eae8
17f8ea27
01fce3e8
000700f3
f7ded2ed
2d04f3f8
e11d1539
d2060510
dfe410f2
e7fcf0fb
f3fa0a07
f1f80f0b
09ee01fa
f2ed06ca
ebe7020c
0c34e901
ff13f71e
1203e417
ff060d13
e7e6f4fe
03f60a00
e3e802eb
041b1008
e008f20d
0ad9f804
11fe0805
f61bf1e8
18091b03
f10bf5fe
0cff0ef3
1cdd0ee1
02f816bd
3718e7f5
0e0e0007
07f9fdd4
faf407f6
02f3e5fc
0f09f8e9
ef0ffc1f
f2ed1413
dff0ec02
ed02f6f6
e202fa11
15fb0e09
f8e0e5f8
e0f301d9
f4000309
fd0cfcfd
0215f719
0ff6f31d
e7f7130b
f508ddf2
06fb0204
ebfd02e5
150514fa
fef3f2ec
f8e0f905
01f9e9f6
0f06e303
0af61408
ddfdfef9
15fb01e5
130001eb
f8fe16c2
0300eee7
06fa0017
06ef06eb
f8fb08fd
0de7fb1c
e30c00e1
f20ff60f
00df070a
fcfcf40c
00fcf702
d404fa1c
f71701f9
fdeae7f3
d7eae8e7
e40e22fc
0b130104
0e160c17
01daf90f
fd040d03
f2f9dce5
09021909
eff9f9d8
05fafef5
03fc1bf0
fd05f116
0c23fbf5
16f8cb09
06fe0715
e90bf9f3
f7fbf4f0
0e01fef5
fd0701d8
06fde6df
0203f90d
09ef01fd
f5f8fcef
feebf60b
bb01ecdb
e1120f1d
fe02f9f2
efe1dd04
f3fefaf6
ef08fb09
f916ffeb
07fc0a01
efddf2e4
e70909f2
051209ff
02130318
02f3000a
e6fb1b18
fbf8d8f6
f60e21f5
f6ec01cc
ef18f403
1d1615ed
f6fd05ff
0a2901f9
0efcd100
1000070d
f71af8f0
ea00ebdb
09f3fef7
e10c07de
09fde1e6
eef5c000
07051300
0603080f
fefbf411
b50beefc
e60b1722
f7f9f004
e6ddf7fb
efecf7ee
dffcf7f7
fc1201f7
090a13fe
f1e4fafa
fef707fc
140d0bfb
021d0d12
e9fd0304
ceee0720
06fcd600
f00cfcfc
0cd9fbda
f9f7fc07
200e02fd
f6fc0713
130bfbf6
15fbf213
e1f1fd01
fe1ae6f5
f00dc3ee
04e701f9
e204f1f0
f401d5fd
ecfdb306
fd0116f0
14f3ff0d
12001110
e50ff20b
df060c0f
f806f403
ecf0f4fb
0feef603
eef9f7f3
fd22eef0
06fd1204
d3f3f7fb
f5f3070a
0c0dfbf8
0b110211
ec0b15fd
e5f205f4
07fdc0e4
03f3f0fa
07fc07e5
14cc0ffa
2304df18
05fff80e
0111f9f8
0ce5ed10
e7ea0102
f4f6fef4
faf8c109
fcfe0100
f60df909
f102e91b
ebfed90d
ea021ef1
0700fe04
0afc161a
f3f60208
ddf306d6
010ffdfa
04f106ef
06e80907
eaea00f7
f91b0407
07ed10f2
f7f4f705
f2fd0509
0a0f09ee
03fdf708
eaff0b00
fff408ff
f5f7b7ed
01f3ec11
fefb02f7
13ba0704
23fee010
0815090c
f90ef5f4
f4edf510
f2de0403
f8fef50a
02f6b609
02f7f7fb
eff1fc15
f4fee70a
e803d1fd
f10d1d0d
fc01fa10
ee091e16
1becfc0b
c9f9fcc2
efffee0b
02f502f5
01fdff04
eafd0b04
030bfff7
0c0c08f2
0afc0000
0ae50201
16f6fbf1
f40b020a
eafff8f7
060c05f7
000cd3e3
04f2f518
f8ec04f5
02c7f4f7
29d2f214
0dff090c
f5f4fd07
00f10819
fdf501fa
02f9f6f9
06fed2f7
01f5f804
0109f41e
f3e9e7f8
fe07e4f8
070817fd
0806fe0d
ff122912
1c02f6f5
e60207ae
fefffe10
0205faf1
0c0609f1
00f10d07
0e070ee6
0607f8f7
08080d0c
0acc0c01
0ce00906
e5020803
d40105f9
f2040806
0606e3ee
0106fe03
f5edf604
fdeff6f9
28baf70b
f8fe0ffa
fcfff3fc
f9de0118
1d02fefa
01fdfc04
02f204fb
e8eff303
ff01091a
f4e3f405
0403fcf4
110210f0
f706fe04
f2101b0a
1008f401
fa0a06bf
0bf6f90e
0802f1ef
0f07f802
edfb0eff
fce4f3ee
05f609f9
e70bfa16
fee107ee
09d90bfc
e2f90900
d6eff902
e504010f
0a04c8f9
00fd0cfd
fff0f807
f805f603
30aef210
ff070a00
f8f5f20b
0edef320
1603faed
040400fa
05f911f7
eb050000
0d00fe07
b6dc001c
e91007f6
0a0601f5
f7061208
f7081221
f900f3e9
0c101df0
06fdfa0b
09fffbff
1008e317
e00500ff
ede400ea
fb0011f5
d9f5f818
10f80704
02f1f707
de010d03
f6f2f5fc
e6fe0009
0702e912
ecd80509
07e7130e
fa27f612
24ed0714
05050601
fceefe0e
21d9f819
020ae1eb
08000afc
fb0017fc
f9f6fe05
f5090fe9
95d8130f
e21b12f5
0b0af5f7
03000705
09080f21
e90402e6
ff111efd
14f1070b
fcf8fcf6
020ee610
e4fbf5fe
e5e60ce8
fffb1609
e0e50514
151100f7
06fe0307
f3f90a01
ea0601fb
e00a01fb
1103e808
ecda0400
06f2010a
0221fd14
1efd0105
0b1301f6
f5eff411
28f20010
f2efbbf4
040517f6
02f81303
100808f8
0713fbd5
d5d52013
d51113fa
13fcf300
0df81006
0ef714fc
f0060be8
ff0a1f08
03eb0903
00f80201
0707d50d
e7ee0bf7
e2db16ff
03f71016
eaee09fc
fffa07ff
01e80604
f61a05fd
fe030106
eb0812fb
160b04ff
02d2f3fb
0aed0508
07faf40f
1210fff0
0c030bf6
f9e30500
20f0040a
c6f0db02
fd0802fe
06f60cfa
fc161502
fa1009e2
20e21612
df1306f9
0701fe09
04f3020f
10fb24ef
f2fb14eb
f3061210
fdeaf8ff
fa05f9fc
fdffd303
e5f300df
edda0c00
000701fd
e8f503f6
f5ed0d0c
f5f80def
0f10ed11
10fd0803
dd181119
1f1efcfe
00fae203
09fef5fd
000303fd
fb0efed8
f808fb02
fcf9f7e0
0bf70806
abddb900
fd0ef50a
0301fef6
0d12160b
f80804f9
1cf511fb
f1080712
0d09f305
edf20f03
fff408f2
fdf71df4
060b0d0a
0600f81c
f5f6fcfa
010cd6f3
fd0304f5
f1d80a02
0b0b05e7
eff70603
00d7e80c
ef0914fa
1200dafa
100e170e
e611030e
1a1201f9
02f8e0f7
0af5f904
0006fa01
ee1b05f0
0cf7da09
f7f9fdc3
fcea0605
8de0d3fe
09fef00e
070b0a01
f9fc090b
f00efff1
150216fb
e9ff0a05
0e06e709
ccec0709
fcfb0fdc
f5fe17f4
10fff5f5
0dfdfd14
f3eafcfd
010edcf1
01f5faeb
ecda0200
030b05cd
e3010905
f1e7fa11
1b051015
1c0ffc06
050c030b
e907fcf1
00f1e801
f0f505fd
0bfb0007
210906f2
f7f50302
0a0cefff
fdfa07d1
05faf506
d3f6e40a
05010511
0700f903
04fe0612
000010e8
1e080a03
f900f205
010ae718
fcd8f412
0d0c04cc
010307fc
061813e7
12f5f1ee
e4fe00ff
030bdff3
12ebfefe
eecd0212
f100f8f5
ecfbeff3
f3dcf70d
ed0706ec
02f1ff0f
13110f03
d5e702fa
0e140df4
f5f20b01
09fffa02
23f80704
f1f8fcfc
06f1f4fe
fe09fce2
faf409fe
110bd1fe
fc09ea0e
03f4fcfb
f31f0807
110605fb
190eeb18
030bfeeb
fefde611
efde0209
2cf6fbd4
0002051e
fd0a10f1
0300eaf3
e1ecfd05
0302c407
161407ea
f3bdeb1a
0efaeae3
e802e5f9
f4f707f1
d90b1bed
eff2e3f2
1b090d0f
c9c506f8
1011f3eb
14fcd807
fa07f8f6
111a1d16
e90de7ea
1501e0f4
ec0fccd9
fbf81906
2413e1fc
f50adf10
24fa0604
e10316f8
fc07cbfb
2efce3f7
f8f801f2
f80aeff7
d3ce10f6
1bfe13c2
08ebef0c
0a1608f7
1811fa08
ddecfffb
f509d2e8
fb38fcd8
f2a8d7fa
0800ffd1
de05e4fa
f10e0bf3
cded06d9
f013ede8
0c12160c
ecc7fe11
1d27dada
fffdc2fd
fc090010
f3f2f518
e50903f7
04eee107
f31a08ed
051c01e6
1814f4e9
01e7f5f9
04000102
e5f609e4
df09cef1
0bfae8e7
fbe70ff3
0731f314
caf314ea
1be1fce1
17ebea07
ee200a02
0203ea10
e1dc1908
e802f2e2
161bface
f4d2f3f0
09eb06e6
d324fe0a
061111e5
f0ea07f3
0df615c7
f01916f3
fa1510fb
39fbdfe1
0a1aea09
dffde61f
fbdf041f
05fde6f5
09ebe118
05f3ccff
1016fff6
c538fcf8
10ebee02
0ef00efb
000f0afc
de06ecd7
f40ef0f7
f906ee02
07f20416
d7f51bea
f9f703fa
1704cf11
f80807fa
10fbf20d
f00d1eef
f8f4e70c
f411ffee
e719e302
1d09f7f0
f200ebf4
ff0dfce9
fc0113ef
0f1312ec
fd070cf8
f60ef7f3
1d0beefa
0419ed06
f90ffdfe
ebe8fd15
101503fc
06f9f103
f0fdeeef
1503f5f1
f110f4e9
06eafce8
0c020503
160c0905
070beb06
05fe02fb
fcfff2fe
ffede914
01fc04f8
01ff0607
0cf4ea07
061402f9
03f6fc13
04fffdf5
01f4f70d
e6100ff3
edecf807
04fef6f3
f80603f5
f61205f2
f3fa08f9
05100d07
f5f9fdf3
f80e05ef
100be4f9
f11aee0c
fa06fe03
e5f4f102
0a1314fa
f708ef06
0711efff
05ebf2ed
e410f6fe
08e6eaea
f5f90e00
140a0b05
ff11f1f9
ff141705
21f4eef4
0ef1ee1a
04ea0104
14f9f801
12fdfdfa
010cfb05
f9f5051a
0efffafa
edeef809
04ff06e4
040ef113
fd0406f5
fd07fdfa
0204fa03
f9f806fb
07fafb01
08010807
04fe07ff
04020203
01f802fe
f9fbfe03
050103fd
fb0805fe
ff02ff00
00fa02fd
f706fbfd
0906ff02
fffbf904
03ff0308
0500f9fc
08080001
f8010109
0c02fcf9
fe05f6f9
03fa04fe
f801fefd
feff0200
f9f70402
f9060206
01fcfd03
0002fdf8
f8fb0200
0803f7f9
f900030a
03f2f0f8
e90b14fb
2506f202
07292201
e0eff30a
121b1d1a
f1f6f8ef
0c2b2111
fff810ee
f2081013
10e2fa0d
fa1e0cf6
03121cf7
f415e0fc
fc0514f6
100b0ef7
f812e7de
11f212f2
efe8fddb
02fceaf9
18f5e5ff
03030220
26171506
e60204f0
080efce1
e90c14f5
f8e10e0a
edfbe506
f40afdfb
31effe19
e4f31c1f
ecfb06f2
01fe0307
0c0de417
1c11f21d
15fd040a
e805f408
0e00032d
f6f0fbfb
01051ef1
f70a08ed
080d14f7
1ceb0207
f727e418
1cf4f0fe
03120dfd
14f6f113
fb2dff02
06fdfef6
12f50b09
faf605f1
ea1207f5
1bedfe1c
dff9ee0b
0b04f2ee
02fed71c
090f0008
06010ff0
02ffff04
02e406f5
f3eb1102
0be90613
12fffe02
fefdf70b
0503f8f9
0ae8e21e
2ff8ee36
ef271d0b
f001ed11
1a0bfd1b
ddfbf5f9
faea16fe
f6e412f4
0b061606
09e4fd03
12280818
060a2208
f4000618
0e031020
0c2cf3ed
1c06e3df
14dd1400
f3e2ffd3
0333f4f9
05060ef0
e4f31322
110c0dff
0102e9f9
060bf402
fc1b1de5
e5ecebf1
eb0cf402
f5d3e5ec
1fedf21f
1b00f6f1
f3f3f2fc
060c2ce8
fe06f905
12e8fd2b
f50d1cea
0fdcf301
18111a0c
caffe208
02ff15ff
030df202
fcf6f4fc
f809f91a
1df707f9
02fdfb1b
0c0000e8
150b150f
f1210de6
20fb23f7
ead5e006
0ad8f7d0
f80703ff
1126fff3
f0ef0ff1
ff001517
c717f301
05050203
0807f5ee
e80005e0
05fe11f8
0cf504fb
f80612ff
170a1e23
ff0df7e3
03fe1be3
ebd90bf8
fa0b041c
ef0bf9d9
1ee0f309
fe130e0d
f9daf914
0f05f5fa
02f3f5f0
08201200
d426060c
f6d907fe
1407f8ea
040c01ef
1feff1ee
f7fd0008
1cf209f0
f9fbe9f2
fffb0bda
1c0cedf9
0e0f0813
04ff00e1
fc080406
ece3dbf7
1e1406ee
0f071027
d30705ec
e0e3eff1
03fbe9f6
e31317fc
fdf3170a
03f9f40c
f0ea10c8
fdebf60b
1b14f013
f9060d00
0cf9db0e
140c2207
ebc5fcf8
10f01afb
f3e1efda
070a09f4
f4fbe4fc
f0fa0303
140700fd
ff0cf800
0aef1911
e0050a10
fde4f7db
09e4f1fc
f1f90dba
0afaf30b
0615fcf9
ffff19d6
f8fefc03
0111df17
f7120bf7
f7f60009
e6e712f7
eeedec01
0df9eeef
e200060f
25111002
f1fddd0d
f601ffc9
ec05160d
17feecfc
160802f8
f8e3f118
1b0b0b09
02e9eaf4
14f80e0f
03f0fad9
f804f601
f9eff0e8
03ec0604
0906f8f0
0c0bd604
0200160f
e10cf20b
feec02e4
0bfffceb
f50309c2
fefeeae6
16f307f9
05140eef
08ee04f8
17ede910
ff15f7dd
fcfcf80a
ede30105
e5dae812
ebfcfcf2
f1fd0c0c
18230fea
faf6e104
d7f2eaf0
f0140904
0af3faf5
080510f7
04edf6f7
05f90b18
01f1f2e6
fb0a0afc
f4ebefc9
e00afefe
08f4f1f5
0407fd01
0c1ef2f4
1803c90e
ec0c0bfd
e40f01f6
05e600e5
fc0afcef
fef4ffd3
15f3e4db
fe03ff00
fe1e27fb
effd0cf5
fffcf706
bc16e5d6
e3fb1526
fc0e08f7
dfe9e008
f30000ff
fa060407
fc1f11ef
0dfe00fa
f3e0eefb
00040305
0f0ef608
12090d01
0e090704
f7fb0102
11f0f9fc
fc0c02ff
0be3fec3
f814fa02
2005eaf3
ec090718
1013f7ee
08fee5f9
0afa0315
f215fbfd
00fce0e7
00fd00ec
e6ee04f8
f900eaf3
fafae213
03110bfc
0506150e
0701fd07
b907fcfc
f0f81125
f40df10f
fd09e207
0402feed
22ff0009
0b0f0c04
06fc0709
f3e5f5f3
fe070613
1108fb01
0f11fe07
fb0ef002
fdf8fb11
23ffe7ff
f714f309
04e3f9df
fef0fb03
0814e6fb
ff1afc15
0410f1e6
ff10f3f7
f3f3fb0e
f811e511
0d01d4ec
fcfaf8fe
e9fff20f
fe07dc0c
0fface0e
020900fe
130e1804
0ff20602
d000fb09
f9e9f914
f11af30c
0508e6ff
05030bf2
05f809f1
0204000f
11060c04
f2030d13
0ff80f0f
0d10fbef
090304fe
eb0202f9
effd0b0d
110de3f4
faf6f307
08e306e6
f7c5f608
141edffd
130ffa09
f50dedf9
fcf4ff01
e5ee0908
0f03f10f
fb05bcfe
ee00f207
e605f318
0a0ce016
f3f3ee0a
051c03fa
100d0d00
04f11306
fcf6fe07
dadff5ea
ec00f409
0b02f9fe
f9fe1a01
01fdfd03
11110505
020c09f6
07f60013
10f40308
160500ed
f5f5fa14
dc1004fc
f1fa080e
1104d1ef
f3e0fc07
0bef0201
03d0fd0f
20fddefa
0b04f804
ecf7eeec
fffe0912
f1e906ff
f815f207
09f4dffc
f4f7f611
f00aee0a
0b05e90d
f3f9fc01
f408f8f9
1408030a
01ff0f02
1705fe0a
deefecbd
f5fdff0b
0707ebfc
06f510f6
11f20709
02faf3fd
0310f5f5
10010b13
15d11206
1c0507fe
f0f40213
f3090bf6
e9f81013
fa0ddcf9
f5e81602
17f10408
fccaecfb
31d8e30d
070304fe
e9fdf1ea
fdf91a1a
0def14ee
f80c0807
06fc0d04
fcf90104
fe16ea1c
0305fe06
e200f8fa
09050bf0
f9fb060f
120d1412
15f2faff
0312ffc7
0bf10109
0c16f3fe
0305fcf9
f2f50c16
fef4f902
0a0ef9d1
03100d12
02d30904
0ffc0000
eef70905
d40e0cf7
e1f71617
1b16ddfc
f0ec01fa
06f00913
fff3eb03
27ba0205
08fa13f7
f0f9fe07
fdef0514
21f120f2
f7040503
0bee27f7
ec04f304
02100411
cafaf900
dffb18fe
141c03fa
f7f601ff
050d21fd
08fdea05
0bfefce5
05f50909
091b0af8
f7fcf800
ecfbfefb
f1e1f9f8
01fdf8e4
e5fff210
f7d70c09
0bf7fefd
eafa11f9
e7ff12f7
e9f10418
110ad70a
f8ef0408
fc000019
f114f306
29bcfa16
0ced0ffb
ebf80b05
15020c15
020708e7
fdf2fb00
10f819fa
f009fc0a
06fc03ee
abff0604
ddef170a
030bfef1
f5f40302
050a1c03
e700ed03
ff070f10
1501031b
0d06f2fb
fb05ef0e
f2f4fae4
facdffee
04ef09f9
ec02e910
fcf910f9
08eafd08
df030ff0
ef0615fc
fde90116
180efc17
efd0f40e
15f5081c
ed22ef0c
1ef41409
fa081cfd
fddf0017
260f000d
f906daf6
0605f70d
f8f60601
01fbf0fe
fe1012c1
a7feff01
e5ff1c02
1710f8f6
0ae6020d
0e001b0c
ebfceffb
02040e15
0000fafa
fe0601f3
0504e211
f7f6f803
03db0be6
0af00d09
f1f6e9fe
0c0b0309
0bf6ff09
f9ff08ff
020a18f6
ec04081a
110ffd1c
00e0f600
04f00d02
0a1cf710
02060918
f10e0e09
00eaf712
1e1b0811
f2efcefb
fb020fff
f5edf901
14fefa03
fd0116dd
f2f70f07
d31811f4
09fef6fe
0ee3fe06
0ff10002
df020506
f61b0cfb
f4fd0a0a
f2e905f4
0904e803
eff7fffc
f7d407e9
fdf3101a
efedeff8
04fb100e
f4000705
04fdfdf4
06061dfe
fa1c040a
120b090e
05e6ea18
12f9060c
07edf8ff
0b1118f6
fa0b0104
0cdb0506
0e0a0d18
ade4defd
0001f003
07e9050b
0f0912fd
e7fb17fb
17e81210
dd171409
fdfefbfd
fdea0516
02fe06f9
e2f017fd
050a15f0
0dfd040e
f9e903fb
0d01e7fd
ff0301f6
f7dc10f1
06f7030f
ebe7ecf1
03e60a12
f7030114
1ef3f90b
09fb1805
eb210b18
1e0df20a
01f1e30c
10fbfaf3
fffbfd0b
0b010be4
f9fbfcfe
11f3fded
0611140d
8ad7b8ff
fb0efe08
08f0fa01
0b011afa
e5080ff4
16090f03
e60e0d00
0c0ee604
dee90117
04fcf902
effc0cfd
120b06f7
07feff0f
f1f6fb09
0107da00
12f80d09
06e90903
06f502fa
0207f5f4
05d7f609
fc000208
1ef2f0f1
090f17fc
e4060211
250ef5fb
0ce9d805
0efe0100
080709ff
f6110cd3
f805e703
0702f2c6
f52810fe
cee7bdf0
0c0bef03
08f001fb
09f70f0e
f50efefe
090b08f4
ef0501e9
0e0ce319
dae9db0e
f8f6f5e8
fefe0005
0f07f1e5
02ed0512
eae60907
fef2edf4
0a010b09
07dd0c02
fdf707f7
040cfcf4
f4de0607
f6050710
1704fbf1
21fc1b04
cffafdfc
08e601ef
fdf2f9fa
0e040005
09f60d06
051a02e1
0602ff01
12fefdc0
0807fcfa
f305ca1a
0c0609f6
faf8fb00
0cf60b0c
0b07190a
0922ff00
030b03ff
0108fa17
e9e8e10e
05fcf8e7
f10e0813
1a110ae8
03f407e7
eb0009fd
0afaeef2
0efb0bee
fadcef0e
0308e9ea
0e04e5fb
eaef1101
06fffa09
03f9f4f7
33081ffe
bbdaf50b
fefdfcf7
fef0fa00
04120614
12e114fc
fa0afcd6
0c0be806
fcfff6c6
0f060bf0
1209cb02
0dfff00a
0de8fd10
05250e0a
1702100a
1a120207
070e05f7
0300f90b
ccd2e80c
1bff0ad3
02f70318
181407e8
0500f1f0
e4d30a03
fef3c3fc
0f0705e1
08b7e50c
18faeedd
00dec2e2
dccc0706
e8fdf90d
00e6e607
2cfd0d15
d9c7f200
fc02fff7
fedfe015
03fc030a
1def1d12
d10cffee
1107e416
e1f0f6d2
f1102c02
16f5eae7
0af2db1d
0b020a1e
fd0e05fa
f9e8fa14
1d04f80a
020600e2
f5fcf60c
d8d2edfb
28fb0ccc
e8e7ff06
1709fbe9
1406dc03
e7dbf408
fe16cae1
171d0ef3
0cb4dfee
09fcf8dd
f2e3edfe
ebf2f50a
e304f5fa
03f4fd11
f90b0d00
f2dbfffa
0405f2ec
f1e7dbf7
f5110bf4
f8df210d
d2f703f7
f4fe0503
e408fadb
e2092c01
03eae9ef
f8f1141e
fbe90916
06eff6ec
e402f1f8
f9feed04
f4eaf21b
0a17ea0c
d101fae5
fff7e1d5
05ef0015
0d0c28f2
10fb0604
d8d30507
f90be1da
1e0112eb
fffbe4f3
04fb10fa
f7021305
031205ed
e1fd000c
ee0523f5
d7f218dc
000710fe
23fd02fc
faf80bf4
f1e9e3eb
dee0fa12
eb0502fb
f1f6f6ef
f303d4ed
fdf701f7
fe1200f9
11f213ed
ef0d05f0
fd04e31b
e725e5d5
ea0fe9f6
eff3e8fd
1f17ff3b
defa0bff
02f6edfe
070fdb10
02fe2af4
fbf510fb
e4ea2bee
f0edf206
0d0dfef5
ea1ef8fb
23fb0905
faf8e8f0
fa0a04d1
f3fd3df6
0513fdf3
fe101dff
d0f9f9ec
261dd5ed
0f3fe217
f2180002
f4fc0c14
0419f202
08ddef02
f4fbd4e8
0a16f900
ee10e80f
17eeddd7
ff071014
161b17fb
070cd312
0ffd1df5
f1f00308
0dfbfd0e
f4f3fff0
f40af9ff
0df2da02
f71a0804
18120f1f
13f3e7ef
0ff6fd0e
db3413ec
e8ebfc06
12ef02de
f011fd00
070d05e8
09000bf2
16000809
f8fb08f8
f70a0ae9
0b0eddf7
ed21f918
fc1b001b
effaeff3
100c1603
f5f0e806
f00bf607
0becf1ee
f70ff3fb
04f100f8
00f40af9
141bfff5
0119f40d
f20c0e00
09eff403
0be7e813
09e7fef5
01f1f50a
11fdf1f6
020300fe
f9f0fb0e
0df8f608
04f60010
070806f3
0d10021e
01fcfbed
e123e8dd
e02f2428
2af9d5dd
0c3225da
e7cdc8e9
1ce9e31c
ef2e2917
25eef117
241fd519
e0eb30c9
e41328e8
dcf118f7
1b2e28df
dbca20e1
0c2ae7d4
21ebef1c
dc2d02d4
172bd9e3
1ad20f17
1c02d91b
2f11d50c
20eadd25
1e160313
11e11aea
2dde24f7
2de6220f
ece4e1e6
23d9e917
2b0a33ee
392debef
1ae1ec2f
01ddf728
0b08fdfd
00131308
1a0af608
0b241e0a
eff50a02
0a0e010d
0ef50ee5
191618fe
05ed0aeb
f6020f06
0eeaeef2
f40d0cfd
120204f2
f71be509
11f90913
0b1bfdfd
070cdee7
03f609fc
f0fb05ee
fe1bfaf4
1df5f5f1
09fff519
17151c02
ebf0f603
1003f4e9
f9f417e9
eedaf3ff
f30501f8
1404f70a
18f2eb13
0afaf70d
fbfcefeb
0a0c0003
05feea14
100df519
14040012
faf8f90f
0f040007
eef102fb
fa031200
f9010ae0
071018f5
0b00ff10
eb28f109
02f8faf0
fb090407
11e9ee12
031402f7
0c08f3f2
1b011202
00fcf7ea
ff2201ef
07f3fd17
deeeeaff
1e05faf2
fbf0ed0b
0703fc02
010412ff
ef04fa05
00f40603
e6f90ff6
07ec04fb
1c0a1103
0302fe01
fdf7fcd9
08d4ff03
26eaf911
14190c15
fbf2f60d
1b08fef2
f8eeefff
16fe080e
f8ef1705
12251103
faf6fe00
0210fc1c
ec050fe3
ebf90415
0ae60c0b
ec1aeefb
2100fbfc
0b0808ff
ecdf00e0
0114fb01
010b060a
e5f5031c
141005fe
0f03e9f7
ff0b0dee
e8221ce2
0bfdfbfe
f103ef01
02f4e0eb
31f6ff24
0bf20e06
0eeff400
06f500da
ebdf1ee6
13eb0421
1c011403
0005020b
1c2ff8fd
c9f1da15
0e1511fb
080a0702
102906e1
f215f707
1cf407f6
03080510
0500fd01
32f316fe
ef04ec0b
29031c00
02e5e2f0
11e2e9e6
ff02f8ea
f90ff905
f7050cf9
110ff917
f013ec09
2007f9e9
100df5e1
09f40eec
fc05f3f5
00090af0
06031612
0bf718f8
08f2f0f4
11f7eee1
eae9eefd
f400fd14
0ef30ee4
0eece80a
1910020d
ffe9f304
081bfc00
feebf7ef
022e16f8
de1715f5
0ce50502
fdf902f7
0af6e401
23f7f903
f8f90909
07f5fded
08fee8e2
0f08fddb
06f3f9f5
1105fd09
0c0a0aee
0a0e1811
050cec05
200eedfa
0d060427
ebfffef7
e8dfe2eb
00ffeff2
fb150809
07fa13df
f7eee918
f301edde
fcfcef08
fbfbf703
fa001000
03e9f7fe
100803f2
04dcfe02
12000504
f8defce2
110e15f9
f5edf1ef
f6eef910
0b0afae8
07fb0d10
0f06030b
f107f708
03ea03ea
fdf5fef4
11070acb
fcf8f0f2
0a041f03
040b18e8
fc0f0200
e403ef13
0b12f101
06f1fe09
f6f807f3
f6f3e7f8
0101faf1
0208070b
060f11f3
f7fef2f4
eeffe8e4
f6fdf90f
fbe306fa
08ed0903
f6ed0e07
0e10fc10
0cf9fcf8
100f02ff
07ec05cd
080e0900
f7ebed02
f8edfe0c
040cf4ec
02fae813
0a080404
f606f905
13f30ce5
0a090ff1
0002fbb5
0effe6f3
08ed0afd
ee0604fe
07f304f8
03f9ea0a
fc0006f3
ee03091a
f8020113
ecdecc10
fdfdefe5
04080f03
011016fb
05ebfd01
dbf2e107
f903f017
09e5fa15
07e80c11
020602fa
f2ffe903
12efeafd
09f80f03
00e5f3c4
f00308f4
0df4e1f9
f6ff080f
0c0ae6ef
0803eb09
edfcfc08
f80cf112
13eef500
080614f0
f8ff03ca
03f6e7ef
fcfbfb11
fb0e0cf5
fc0300f4
0106eb0e
c6f00700
edff0f1a
080dfc09
f70fda10
fe0d0407
0b070f05
fa0b13fd
1bf4fc09
e5eff114
f419f3fb
0404fa11
00e90906
0810f6eb
0305f007
04f9ee0a
0918fb0e
06fe02d7
f80a0101
1718ecfd
f4f9060d
0c04e3f6
0414f301
ff040014
fa0ce511
f8f3ceff
06051701
f0f6f6ea
fbf3f104
f207f90b
fc0afdf2
04fb1000
f4f9fa0f
9cff1305
f4ef0732
fb0df108
0e10d7ff
0a04020e
16060214
07f51019
18f70f01
f1eefa0e
fe13f809
1a05f20e
fde50b14
fff4eaf2
03110422
060be7fa
f909060b
eeebfdf4
00fe0b0e
171ce60c
0414f912
0804eaf1
1106f506
effe18fc
0b17f0fb
fbfeb301
0407f8f6
ec06ff01
07f5f810
f300fa00
fbfffff5
080f10ed
f504040a
bbfcf1fd
eee2e919
fc06f8fc
0d26e9f7
08ff0a14
03fce507
0d090108
0707030a
07f7fe0e
100700f6
1a090a00
02d0f804
e9fbfdec
02ff0118
0d10fae7
fe061000
fefff7fe
09d9000f
1c1ae1ed
fa0fda0e
feeaf0e0
0d0c0d0c
e4f70df5
f906f5fc
e8ebbff5
f701ee06
f406f9ff
0dfbf51c
e6f9f303
fbfde6dc
ff1000e5
fcf700ff
f204fa01
caf2f1f3
f505ee09
010becf0
06eb11ff
f7f5f418
020cebf2
f10df90d
17f10606
06f31409
2608f2fa
02edf305
edfb0301
f7070016
0e15e8f4
f7ed060a
18f6fbff
07c9f306
090ae5df
0d10f0f5
0afbfde4
fa180d09
f8dd13f8
0012ef0a
effdecfc
ef0cf4ff
fffef410
1dfd0315
faedf0f1
09f8d7f3
f20f01fc
09ed05f8
10ff0407
fcfdf3e5
fbe8f90a
060c0af2
04f40a00
f7fd1420
f7ffeaff
e606fef1
1609f9f8
03dd1a03
220b00fb
f4eef00a
efff0804
00f0ff1d
030cddfe
fde3190f
fb000510
0bdef0f9
23d5eef1
1112f1fb
11fcf5eb
050f1411
0fd63100
f00c070b
07fc16fa
fd0304fd
0506ec1e
fd0b1106
f1f0ffeb
09f7ebe1
f40010f7
02010e00
0ffa0401
1511fee2
15ec0a0d
081a04ff
0dfd0de7
e6fe1310
dffdf707
f30b07e8
f505eef7
fbe20a16
2802ee00
f0051202
ee040a03
ebde0e2e
f908dc0f
eedb0601
02f40903
0505edff
23b200f4
f0fc0afc
10fa060e
01141000
21dc3dfa
040c000a
0af60a03
f403fa0c
fd08f614
cf1c09f7
f1e506fb
1cf7f0f2
04f1f411
f8171309
16fdfe03
000600e9
04ff010e
07150efe
0201effd
f800f0f5
eaedfefd
080807ed
edfdebf5
edecfa15
1df7e80a
df0805f3
f4fa0afd
ecedf619
fafaed1f
f9d60a08
00f30b00
031c08ff
02c11a16
f4fe2303
05f70e18
1e1b1904
0ef515fb
fcee0104
03f707f6
0504f101
f30f0ce6
b3150afa
faea1203
08fbfdf4
10fce7fe
fc0d03f9
f102f70c
0405000a
04fffd11
030103fb
e80bf003
0bf9f8f8
fed10301
0af31219
fbf9f0fa
fe11060d
1ce9fdf5
fc0b15f7
010816fd
eef70010
eefc0118
f0e0fb0f
05fb0101
fa1e0807
fd041f16
f1fe2409
03f70d26
20241c04
eb04d900
01f5fd17
f3eb05ff
08fff8f9
f90118cd
dd1001fc
fa020ef8
050a06fd
16e9e500
10fb09ed
effbef14
09070408
fdfd0106
fffcfdfe
f704fdfc
fb05f2f8
f2e005ed
07f4100a
0bffe0ff
1c0e1116
17f1f802
fd0415ea
03ff29fe
ed0ff521
e8fd0416
feeafd09
13f800ee
fe0afeff
f30b1a0b
f50206fc
01fc071c
19221812
c304d9f8
fbf9ed06
eceef5f3
08eef004
f5f711db
0705ed06
f40a0af4
f20108fa
13dcdf01
0af8fefb
f50df40d
f8150cf9
ecfbfb0b
0deff6f7
0c0f190e
fd020c08
f8d312ec
00f7070c
1deff3f4
1bfc0414
13080013
16f8ff13
17062e01
f931fc16
f8f5fcfc
01edf809
10e70deb
f8000b02
0b10110a
f91e050b
06f4f1f8
f11d240e
a0fae807
fa04e80c
02e7f2fc
17edfd08
e9fd0af4
170b0b07
07070700
0bfdfd06
f6ecda2b
0202f5ed
f700f811
f80b0cd6
eef8fe0d
fc010906
100704fa
f5010603
16d917ef
02f9fc04
1bfdfbfa
00deff14
00040701
1cf80305
03fb28fe
f931ff06
f9e5f90c
f4e7f70a
24f2fee5
f9e2fb05
1b0b09ec
f80c02fd
0af4eff4
f91614fb
c6e6c9f2
0604fa02
02e6f1f5
0efb0105
eb020df2
000afafc
f3100bfd
0f0e0019
e2edd51c
0b03fc06
ec0617fc
0c0e06e5
03fc0501
05fb0eff
0708f70e
0aff0b00
08f80917
f90208de
210afcf5
04d40807
fcff0cf6
13ebfef5
10102dfa
f10af807
fbf20004
150de714
09f6f4eb
04fd08f8
f30c0cd4
0400e709
00f1f5d2
f32f0efc
0bfbc4e0
1b0f040f
1aeff4ef
03081200
f7f3fe18
0315f8f7
edfff0dd
0f10f41b
d5dde011
edfdfaee
fa030309
0f100100
040406f1
f7e70303
02f902f4
0007fcf8
14faff04
f8ff03f4
2c0fffe1
ffe6030c
fa0b0309
1d0cf3ff
1bf62206
f4e5f1fc
e8f50301
fef8f206
04040a07
fdf70707
01020fd3
070de80a
f80309bd
07190cfe
14f6cefd
11fef202
0af801f8
11fc0a03
f2fcfb1d
ff0f02ee
0103f5f9
08f9f219
d8f9de07
060905ec
fffe0e0b
1628f40a
15000afc
ffeef7fb
fe0011e6
01fb0ef0
feecf3fa
fa01fdf6
17fcf0fd
e2ec17ff
1300ecfa
1105f1fb
0ff817ff
d9dcf21a
f1ebfbf6
0af60011
1cf30e00
04fc0d0e
f705edd7
0a0cec10
12f903c0
0b0f05fe
1101e304
1209e90e
00f0fd02
ff14fef9
eced0a07
0c12ec09
f606f1eb
0c05020a
b4e9f4f7
0d050fea
ebfe000a
1c140012
1511e0ee
edec0303
f70de006
fe110102
f5e5ebf9
f2fff4ce
1c05dae6
e9e519f1
eef503f9
f4e3e1f7
0be720fe
e3c9f31d
ffef0ef6
0906e6fd
09d4f705
06bc1509
ccfde8df
ff04d905
05efecd0
04160505
100ae206
0309fa1a
0201060c
f62006ef
f6e404fd
0a0ef108
fd0200dd
ff05fa17
d9ddf4fe
f206fadf
e204fcfe
13101ef8
f617c6e1
e2ddf80c
0409d5f9
061803fe
0308daf3
05f0ecd4
2707e2fd
ddf8f7ff
c6021601
c9f5d008
10f021ea
f5d5e205
e2ee0503
f707dafa
eff1f602
03df180b
ce08e5e8
ef0ae60f
e20bcbe7
02153b2b
0aece2f0
01e50d1e
f300011e
e5ea16e8
f6fbf7fc
fd1e070a
03e70a0d
1413e707
e3fa00cc
07f1edce
130bfc1e
182028f1
0a16e2f6
d2dcfd0d
eef9bae3
fb090bfe
1006d2de
17ed04d5
fe0400f4
1327fbf9
e602270c
f3030a13
04e811e4
eb02e4fc
f0e2f0ff
d81beaeb
040204dd
fae01a0a
f026e9fb
effceeed
d10ad8df
f9f6101b
07f6ebf5
1cf101f9
ef100710
0df8ff0e
020bdaef
0d22f9f6
f702f605
21ff191f
e8f90dff
09eeffd9
110bee22
f11c3303
0a250dfa
e7e61c05
e002d9ee
da1d0f09
fcfc10d4
1be821df
ffeee7f8
08e406ef
050024f7
fe0afaef
f9f22301
ecfaf3f8
100be1f3
0021d0fc
0501f8fe
00fe0e0f
07fded07
0ff9f904
f0eee0f4
0619ef1e
e60ef203
0fe7e9f0
fe040705
f611fff3
050a0a04
09fd04f6
f0f3fe04
1508161f
03000600
fd11fa07
f7f7e6ff
f9260bf8
1629ff09
0fffe1ef
ee02ee04
e9161501
fff701f7
0ef10bdc
02f7fd04
01f4fef4
09f306f4
f80701f5
fa040af9
ed03fcf9
0ffdfa00
0306ea08
02f50106
0201ff05
0ff2fb04
03fe0301
0002f8f9
0e1b070d
eafdf6f2
0602ee06
0402fefa
020f0bff
f808fff4
f70c04fd
060800ee
1101fb00
fbec05f9
f5050008
0505f806
09040605
fb08faff
090009fe
f7f902fd
060afbfb
f008fff5
0b0705f8
06f7f605
0afb050b
0c0ffa00
f90d0a13
fffb0306
0603fcff
fff10302
10090bff
fffd04f6
0b0601fa
01eff6f9
fd0ffc05
040003f9
f709fd00
08f8fb08
ff0af9f7
0601f600
07f80107
fbf905f9
fc1103fa
03fdf208
f9fd04fd
04fffef6
03edf709
0402ffef
080e0bff
03fff704
f5feee04
0e01f4f6
03f2050a
0601f6fd
05fbf70a
13f3f0f3
07ea0111
0f0de10e
0d10fb1e
f40f0b0c
fe06fe03
09f5f8fc
0f0f0a0d
f5f10dfd
0d18140c
07e80800
e8100f15
08f50ef5
f20dfe0a
0df0fd01
f603f00e
ff1cfcf5
0ff104fe
f3fd11f7
fd01f703
1be50202
0601e7f6
0a0ff2fa
0febf50e
0f00fcf1
ff101004
f7faf910
eef7e3f8
fbf3f4f7
15f1ff0b
03eafbe7
f2fdf411
f812ee01
0d0d10f0
15effdff
15f918fd
0308eef8
100df6dd
eee0fffa
1cf90b10
0a080aee
08f802ed
07fa0116
02fd13f3
f711f0e3
10fcee07
f9e0e9f0
f803f2f2
0502fffd
00f609ff
eb02ede2
10fe0cf1
f304f409
e2fd0903
3106eefd
f7f304ed
040614f4
000d0fe4
03f8110a
e604ff07
ff0f12f3
18fa0102
f9f812f6
f2e9faf1
fb030eeb
0ffc11f7
1ff400ff
02071cfa
07f2f2fa
0afff0ea
0de214fb
1bf80a09
14eb0efa
021b0307
02f20df1
02060c0d
ff1006f9
090ce40f
d7f009fd
011d05f9
0209e3f5
e703000f
e6fdffd6
f7f70a05
fa0ff50a
f113111a
f4fcfa0c
f513f1fb
ee1403e4
f70c0cd2
15fd08f4
032316fb
01ff0104
110cdd23
f7251312
1c1401df
14e7e6d4
01e4f106
1ae00629
1ffd0ee8
04f0270a
2c2bf4f9
0e07f90c
16f60800
0afdfceb
031b02f3
001d0c0d
080f1400
05ee1f07
0c01edf7
19101c1e
05f4ea06
0f0f09f4
14e6eee4
09e50cd2
dc0effe6
14fde70a
100916f4
1c130728
0012ee12
15f91805
1510eee4
1ce9fefd
f40af5fa
07f510ed
edfa0903
19140bf3
edf1dc06
f4efe7ea
0af2f61f
18e90502
0ae51dff
04f2eee5
1a03e7ef
e2f5ff21
1efd11fb
18caf7e8
f0020b00
f3051209
09ee140b
15f51cfe
f0f5e904
1e00120d
f90cf513
0ff3fae3
fceaecf0
0ef101e2
fa03e2de
07f3d70e
fe1f23f8
26020e17
0116f903
1500f6e9
0a0bfe15
f3f1f2ef
fbf2e600
fdf9f5fb
030b04fa
200bf0db
03f0edf5
e8f3d4e5
07dbf605
07f3efff
fbda1802
f7fbe70a
0707daf0
fee50906
0e1906fe
fcdb06d0
14fe1103
fadaf20d
0700100d
0af604f8
fd13f50d
13fffa0a
ff0beb16
06fd0de3
06f206f8
100703d7
04e9f1ee
13000904
fc0f0dfa
16f1feec
e20a040d
190bfaf8
f409f70b
1604ee01
fdf8de01
0310f7eb
fe0f0af0
ff0c07e7
08fff3f9
ec06d1eb
fae6f609
02f1f801
fec71119
f5eef2fc
0113e104
08fcfaf9
01131902
14e8f9c8
03f8fb0b
04e9ddfd
ff0efe03
0c0fecf2
0110f3fe
fdffff07
fffcfa0e
f8edfee7
080112ed
0c0a07ba
f3f2d5ef
06f6f819
fb01eaeb
20f700fd
02fe0203
f50402f0
f3010501
0e07fd04
f7f6c909
ef02fef8
0efd19ef
f20f0304
04f107fc
dce2d809
ff01f30c
0be6f60e
07c00d1c
e802fc09
f50ed2f7
fef0fcf9
1908030f
faee05e8
eeff0e0b
0e02eef8
02fd0119
1109e3ef
0a11f710
f100f200
ed0feb07
0ae4e602
021405fe
f3fb13b7
f8f0e6ff
fd090f1d
f9f9e9f2
04f105ff
0a080bfe
caf608fc
e8fffe12
1007fa1a
0825d00a
0109faf9
0cf102e5
fcfa00fc
17ef0a00
e0f7ec11
04ff0006
05eef1f8
00c6080f
0209fffb
02ffd900
0906f402
0508020d
fd0dfe05
000e06fa
f90ee5f9
0308fd07
0c07f4f6
0c21e307
f9faff0a
e00af00f
fcefca05
110202fd
e1f70aef
f6eaf602
03fc0b1e
1408d9de
0a0401f0
f7f004fc
af00fc12
def6eb1f
0413ff04
1c28e9f5
01fa0216
09fd03f6
08ebe804
05f50af9
fae2ff12
07faf501
1bfdecfc
f5d904f8
eaf0ecf9
0ffddf0d
0f0709f1
07ff0b06
fc02f814
030203fa
fafe01f3
f617f711
07f2f2f4
1c19f30b
e7010ffc
f310f101
f9edc307
0509f907
dffb08f8
09f5fd10
08fd050b
0ce7dbf7
fa19ecf1
f50310fb
a608fbf7
c8eded01
f70009f0
062decf8
00f50701
fef8e806
0efacefb
00fb03fe
fee90011
0f03fc03
0a02f602
03d4ed04
ef0af1f9
0bf7e0f9
0df40ce8
0f0b14f4
fb08f90e
14db0508
fd17e6ca
020ce009
11fcf5fd
04221205
f7f509ff
ee16f503
ebf5ecfb
0202f201
0802f806
0c051203
0de00500
fcd6e6e8
fa18f1e7
f2f700f4
f517f10a
dff605f3
040314ff
f90cffe9
fee919f8
effa0c22
00feb8fe
ef050200
06f6f3ff
0d050503
1509f1ff
f2eded03
01faf200
08f2f8fd
03f6fce5
12f92004
07fff4ff
04c90110
f80df8d4
f71beaf0
19f40cfb
f4251e08
fef51213
f8210303
f4fbefef
ecfefff9
ecfe040a
250b0203
15e8e3ea
03e0e4dd
ec0608fe
e6ecf900
ff1def05
14010cda
04d609ec
f41b14ef
fffe0cf5
f1051723
e6e4cafe
daf5fb00
05fbf9f3
08de04ff
19fde80a
ddfcf700
02010115
fce4dfec
f2f5f00a
09ea150d
f9fc0b08
16d2f402
f2d6fffc
020eecfe
1df01506
06211a0b
04e62b0a
fd1bff16
fd001010
fb010302
fcfff816
f30e0700
12fcfbe9
02cde9e6
edf201de
ee040906
06120d03
241203dd
0fd3f8fd
06100df9
0df6f8f8
fbf8120f
e1f1ee00
e712f3f3
0c05f4e2
f8db0b07
23f9f501
d414fffe
f3f30f0f
07eeebf5
e50aee09
feef0f0e
fee60c02
16edf407
f8c20811
00f6fc06
14001e1d
0d2d1002
19e03904
fe081507
04170cfb
f4f9fbfa
0bfafb15
cf11020d
14df07f4
0ee6fae3
0deff8e5
060802ed
16120306
160f13df
f4daff03
020604ee
04f7f4f1
0806e901
eb011204
f700fff9
1110f0f2
e3f4f1f7
23ebf609
e2030604
f1fa110c
fef3f201
d0f70114
efe51204
fae60ff6
0114f70f
eddf0e08
fc031605
08050134
27210505
fefb00f9
fc070b00
ff0216f8
01edf904
03f606f5
b11c03f7
08e11a0a
fdeb18e6
1ae5dae6
0f2002d6
ef08fa01
0ff80804
f9f7fefb
020bf3f7
edeae900
0204dd0f
e8fe05ef
0afdf80b
1214f9f7
ec1b10fc
1de0fdfb
05f801fe
050d0707
f701f2ef
b3f31222
f8ed0a0d
fb0210e6
0510f608
e8171709
08fa1d0d
0706022c
23210803
ec08dbf9
f7f9e3f8
f4fb07ff
09070007
e8f317dc
e90ffcf7
12f70d10
effc13f2
1ff0dafa
1a1404e6
dc05e20b
0f060b07
ecfefefc
fbf5ea00
e600190e
f700f00b
ec0007de
0ceaf90b
220bf5fb
0501f911
0b05f8fb
19001302
140dfe0c
f525f70a
b3f40a03
04fc0406
fe0911db
081006fa
091a140d
f8fe0908
14fb0519
ff29091b
d205d205
07fedaf7
fd00ebeb
0df5fe0d
def50cde
fe03d6f7
1700eaff
ddf311fc
15f0d903
1408f903
fd05d30b
f71a0b08
eeef0e0b
02fdf7fa
f61514fd
0102f606
efff20e8
fdf5fb00
2efff7fa
22f2040d
0a10ff01
17f2f715
1a1f0b11
fe35fd01
b9d807f1
fc06f10e
0ffe04e4
0dfe0bfc
ff1900f7
000cff03
04f1f2fe
f5261a0a
cd0bd60b
0bfeeef5
ffeaf6f0
13f5e91c
d9f1f901
1011e5f0
18150800
faf806fc
f7e6ce1c
0f0d05f7
fa0bea0a
f60004fd
f2f51001
100108fb
001b0efe
0b0808fa
02e61100
fb0c0207
2bfb06fc
09e8f923
fb06fff7
14000e08
1bfb0c0f
f42aed01
b4d6f90b
f608ee19
050416f4
0cd508f3
0dfe08e1
fcfcf702
fef0fae0
f91d0307
f6f9da06
030afa00
fdfde7fa
02fef609
ddeb0707
0e0ef10a
051af1f0
06f9090c
ede1d613
1105fc03
e90628fc
0e050e0a
0d0e0af5
0bf10605
141200f8
0efa02ff
12f4061e
f50604e5
1cf409ec
fdf6f210
f40606fa
21021d08
09000200
0e0ef4f2
b0c1f003
f818f911
05f209f5
ff0101f4
f70805db
020ee30e
01fb03de
f9140e08
1106d2f9
0903020e
0ef3dcf5
fdf31303
f0eaeefd
0b05f105
010ee3e8
fbf1f315
d4eed610
f110fcf3
e8fa14fb
15180911
1b0524fe
0ced02fa
100606f0
0303f0ea
16fff110
fb030fe1
19f4f7f1
0d06f70e
050301ff
2107ff07
10fb0401
08edefee
b6abfdfd
06fd0411
10f31308
eef30c06
0100ffe0
f10be615
f402fcc4
f70501fe
1c00cb0b
08f9e913
0c00ebee
0ae50afd
e1ffef19
0e040100
091107f1
0cfee518
d4fcd30f
f1080403
ff0d0dff
0417f40f
12121207
09eef70d
10f813f3
f4faf6fc
11f8f204
f40400ec
21fbf5ee
e1ef0704
0c10e7fb
1005eb05
09f40a09
06da1028
d1bc05fe
04001308
25df14ff
01e9fe09
eafffae5
fc14f104
07f600d6
f116fb13
1015f40c
0b13f516
0a0bf103
060b02fa
e2ec10f3
0bfcf304
f802f9eb
05f7f30a
da00f2fe
0108fdea
e212f6f9
050cfcfc
120ff6fe
eaefec0b
0103ec07
fbf8f00d
f111fbfd
e9ebf6d1
0ff0d4e7
eee52901
fd0908fa
01f0f2ee
fddffcef
27d4e606
c5c4f510
f21d0d15
0fe2f801
fcde0505
d5f00eef
0b02fb03
0206ffed
04000214
0b11fcfc
160ef316
0a10f712
ea1403f2
f5e70005
0e01fa09
fefdfaed
0cf9011e
ee0cf00a
fb0704e8
fa1b1df3
1d052102
0f22e1ec
e4eaf3ff
000fe6fe
071ded00
1af3e3ef
ffcaffe8
2af8e20d
fb161cfb
f5e519e6
d0f7b803
05ee17de
0ed3d2f4
e3f60904
f325d517
f5e9d90c
02ca1921
f10ef6fc
f6e5ee14
d106d8ee
1802431b
f0ebfcf2
15e1e61a
ef18e915
e2f918d8
fb11f8f3
0710150d
12e313e4
210fd605
ebf309d9
10ee1cf3
03f71412
451d2d15
f637c913
f1d7ea03
00f5e9dd
0e14f7e2
070fd6e0
13ee0feb
1ff804f5
f62a28f4
e1fc26ec
e10ee0e4
130022fa
d804e4e3
edfbf5f7
0939c504
16f7db0d
f2ef1211
f510fc07
09f7fa12
f0f5cbf2
0d153139
edfe07f7
24eaeafd
f31803f9
f2060eed
f90bf5fd
311cf6fe
19fef811
29e6fc1a
f3fd0ffc
f8fa17e7
f80eef09
424425f6
fd3be614
f4fbea02
fd15d5d9
dd220109
14ebf2d7
1ffc22d9
09f4f8fe
0ee116df
faeafdee
ef05f2f1
fff41c09
e801fdfa
14f112f1
1f11f2fb
02ddf1e9
fffcf9fa
07fbfaff
0ef50014
01ebdbeb
011f071e
01040bf1
0f17f8f3
021ff1ea
e60c05ec
f803fbfd
020afae7
10fcf7eb
160b170e
0cf80c02
00fe0102
fd12f804
081b1a16
f521f503
f30fedf7
f808e2eb
e604081a
f1faf4e3
0af4f7e3
f90001ea
13e2e601
14fbf8fd
0fff150d
0424f80f
12030d04
10e61202
f8fa17e7
03e70aec
0ef81405
19f8fde4
f9080f10
1aee0601
e119ef14
22e10b01
f71600f2
fdfef8ed
0df80013
ea020e06
02fce0dd
ff071315
1301f9ff
261dee02
26e5ea04
041cf60f
f303f5e6
fbe5f207
dd0afaf7
faeee8e2
ffe41317
f1def4ea
fde7f50f
ff02fafe
050a070b
000ff4fe
fe0e0806
f5030309
0e0c020c
00f7f3fd
130003f8
f9f90903
fc0602f4
fefdf501
00ff070d
060505f8
030b0107
05fcfd08
0000fff3
0c0400fe
0afb0b01
fbf80afa
f70ef8f7
06fbfe0c
f3f4020a
0c0600f8
f8fbfb04
050bfdf8
080f0801
0400f6ff
03f4f2f9
09fcf9fc
0a01fa08
0c01f503
fc01fb10
0bfaf5f5
feee0000
fbfaf800
060dfb0c
fc08070e
030cfc01
08fefef7
0f02fd07
fdf20404
03100003
070703f8
f908fe02
05f206fc
f606fcfe
0df8020b
fd08f204
09040a04
0ffffdf9
f9fdfe0e
ff02f6f8
14fc07fa
f812f0f9
0204fefb
0af7fa07
10fcf905
ff0304f9
02fc0007
fef9f3ff
f1fbf708
07f40204
f9ec03f0
0001fe0a
f61801ea
00fefefb
0f06001f
f71d0b0c
0df90500
260dfee1
04f60cf1
26fb06ed
18fc0de9
17121cef
fcfbeefb
ec030509
1a06fcf6
f707f803
09e7dc0d
faf9f003
12fe08fe
06020ef8
f6feffe1
fc0ef1df
13fdfe0e
eaf5ec07
0d18f0fa
e9e9f9ec
16eafff5
fc06f903
e4f90a03
dff604f5
fefefafe
25f9ea1a
fde513fb
f0f2f613
03f408fa
00e312f9
13eaf8e7
1b1c28e0
05df05ef
fe0fd9e4
0fec08fa
06ea0b14
160906fe
eee4f408
0702fc0f
f9fc13f0
f60d0c18
1bf3f4ff
d305130f
090d0402
06f002f1
ea01f70b
f101f5d9
fbf3fef2
fc160af4
0e271326
05fbf614
ea160bfa
012529d7
050f0edc
01dc1601
04361805
f9fe0ff8
f4110410
040d0f14
040606d6
fbf7f8e4
f6e0ed18
f9d00d06
20edfcd4
0def1a03
0a07e8e8
1cf7f506
13e9fe15
1f02f7dc
07fd090b
f419050b
10020909
04eb11f4
12fdf102
0efc0f1b
f300f20f
120211fe
10d800e7
14d512ee
ea0402df
1ae705f2
181e0cf0
1bff070c
fc100010
fafa03ff
1614fcfa
1d0d17ff
f318f8ee
05fd12fa
f908f8ef
1417eae6
07f7e8f4
e2f9f4ff
2ae4da19
04f80b0a
02bf1ffa
12ecf4e8
fdf6d4df
03e90a10
0ee00fe0
1bd4f3d6
f0f504fd
ff12e70c
f3132216
1cfc0700
130b0103
fcfb1706
07110f12
0cf6fcf2
06daf406
0f03f5ef
fe0deacd
05ecec16
f70c16f3
fe0cf20c
0a17000c
fcfb06fc
24ff1800
fdf9ebf4
04f6e414
01e404f6
e90afcf5
1909d4f4
1efaf708
f704eafe
12e3f0ed
0be1fe05
f1d119f9
02f7efee
0f04c6e7
eff11802
1afe1c08
05deefe0
fdfa10fc
11cfe6ff
fc141a05
1afff7ff
0d0f0010
09faf90a
f912fe14
05f4e1e7
f90307ff
fefdf6e6
d707eff7
0909e20c
f614f8f2
1df5f6f7
0717000e
0400fcec
0df511f4
0ff8faf2
170bee08
0806fbf2
f5fef701
f418e2fc
17fdf9f5
f6ffee06
f6f1f4ff
02f802ff
02bc0efe
f0eeeef5
030fb9e9
f6fd03f8
1a0d1b07
f2e2f4d5
19f9020d
07f5edf4
040ef10f
160f02f9
0509f703
1912fe07
060c0d01
01ece304
010e02f2
fe03fad1
fe08d8f3
f9f9e60d
f4feebec
0ce8f5f1
070100fb
040b06fa
f5fff70e
0a0ef5ff
fafdde0b
0b0afef2
f7fffdf6
f20fcafc
1ff90603
f6ffe70c
f3f9fe08
02ee0602
06b5fe05
f3f9f601
f3f5b6e4
0ae20901
13081507
eff904f3
f81b0a02
01f7e305
fc14000a
1704f5f4
0712f40b
f90bf7f1
f515fa13
f9eecf0a
0c0b13fb
e00009ce
04faeb03
f6fa0408
09f0faf1
fde7f405
16ff06e5
da06fffe
da060027
00130607
ff10d9fa
091100fa
03edfbef
0bfeaefa
1cfb0df2
f4f0ef0b
f60309f9
f7fefb01
02e0f8fa
0afc02ff
08f0bae5
000018ed
130e19fe
f6200c0f
01190008
f601fcf0
ed15ee1e
0afe03e1
0716dd06
f702dd07
f509e30f
f1f8ba11
070c09f6
d9f610f6
fc050afb
06f9f90c
09dee2ee
f615f4f4
0300eeef
bc09f407
e6051511
f60d07f1
060df5eb
0900faf8
fbeb07f5
00eeabfa
14f8fcf4
06ebfffe
03fb0bfa
0801f5f5
f8f1dff7
03effe11
0fe5b6dd
0f081eed
1e140b03
0301030a
fe0afc01
ec0202f3
f91ee906
1f0509f8
0617ff02
e7030309
ff05ec04
0101da07
fa03f8f9
edf7fafa
030f0af4
0be11317
0ac5f6ed
e41cede2
fff302f6
cd10ebf6
d7000310
e70d03eb
f108eaf0
f0fdf9f5
eefc0b0e
f9f7bcf2
fbfbf600
f4f6f108
0f110111
05fdfdec
f5e9f309
e6f0f600
13e9c9c2
fff90cf6
10050ff1
090401f9
0d0311fb
eb1900d4
f61dea04
160c0bff
0a110d0a
f007f810
eaf3020e
feee0400
f7f80000
fe060406
0f0c14ee
0ef306f3
fec7fae4
d51aeff7
fbebfef3
ea08fc0d
050e0bf5
001010f1
f31004eb
01f601df
e8020c0e
00e7ddf9
d8fefe00
00f9eb03
06ec0a07
060703e6
eafef2f9
ef030204
0ae6cfc9
030bfafd
0c0a04f2
04fa0103
fee2f80e
c904fff2
fb0af3fd
0bf8120e
02fe1f19
ecf51016
fb030916
f0f00514
e2ff03e7
f7020404
00160905
0bf000e9
06c4fbef
e9fe0eeb
e100fae9
030d0012
290c1bdc
03f5fcef
f40f16f3
06fcecfa
ee0c0b0c
e9e6f6ee
ccd6f5fb
2507eafa
eecd0a0d
1007fef3
e511faf6
d2f7fe08
02efbbb2
f502edf8
030f0e0f
01f4040e
12def60e
c7ca0b14
05e6f204
05f32c0d
011e050f
14df2113
f30afc1e
ef0c0605
f9f8f3f1
faf30910
d816ec09
22f41cde
0cd2f6ef
00dd11dd
fe0600ef
25050118
2c1319e9
e3d7dafd
ea1917f0
17faeaf8
effcfaf7
ddee09f6
c1e7e507
1e14f5f9
ece1f6f8
20e4fa10
e711fde8
cbf0010a
f7f3c5c8
df06010d
fefdff10
ecf00206
10e3f103
cbc91202
ffcc0712
eff11921
1018fa01
12e71ae7
f7f40111
f2021608
fbfeedfd
0fedef05
b315f11c
10e817f5
08e90ffc
10cff4e2
101d0adb
1fff1504
230810f5
dddde2fe
020cf5fc
20f3dff8
fc07d209
e903190a
eaeefb13
2021e2f0
ed08e9f2
16daf408
0207effc
d81dff08
fa01dfe2
daeb201f
f4edfdfd
fbf109ef
0209ec06
d9f419f1
f4df1b11
02fb0b2e
140bf713
06f5f3f3
02eef408
f9000ef7
01ecf8fa
f8e80403
bd12e808
21e30a14
08010d06
20e0edf8
2713f8d9
0a02ff09
1afb0c19
d0ee02e3
fb0fe8f2
0aeff010
03f4d818
e50e09e4
fedced22
1a09f806
f91604f2
16ed0502
0f0c0c06
f60fe205
fc15efea
d9f4200c
f5e6fdfb
feed0ef5
f714fe06
f90d17fd
fcf52a0a
f1fa0b2b
1302f511
e708ec05
00fbe5f4
07100c05
0de8f703
e7f20de4
da0bdbff
20f3fe1a
e2081e02
18f1f808
0d1401ea
f5f7e405
0805fb17
f2ec09ec
ee12eef7
f4fe13fb
00fbe318
f5f513ea
f3f5f909
02fdf4f6
09040518
1216080d
24f90a0c
0608c805
063cf4ed
bff716f2
fffd0503
fe0019f4
030c10fb
0b1afc07
021413fa
040bf713
0206f90c
e011e114
fb04e2f5
fe05ebec
1edcf609
d00709ee
f7fec4f0
1903d80e
df1111ef
03f9f10e
fd1f0209
07f5e4ff
f50ffbf9
04ee15f0
ea1105ff
f51217f3
fa08f30a
f80a0f10
03f00618
0ff40812
1fea0209
060dff0d
1c020a0c
1711d522
0524fced
b5db19ea
fcffed08
04eb1d03
ffef0ce7
0d0b06f3
0afe0e00
f6f6f9ee
f9fffa13
fe0ccf15
fa08f7f6
1204f3f9
0aeff522
cafe1403
1214e4f3
2916e700
00fe0dfa
dcfae30b
091bfff6
fcefd9fc
ea0b0701
11f511f9
f50cf4fb
f613fefa
11fce6f1
0df51112
0c090708
19f40307
03f5fa14
f708fe09
23ec1d0a
ff09d60f
131dfeef
99d810fc
0113f904
02f817fa
fdea08f9
11fe02e9
1301f708
f6f1f6d5
ebfb041f
1900df04
ff0602f4
0104f0ff
fe02f617
d0f70ff5
0f13f5f4
1a1bf8f1
fdf2050c
ddeaf803
1008f8fd
f6ee00fc
ee020b08
15f707f9
0d0704fd
f60dfef9
1bf3ecee
17f7f212
060c07e9
17fafaf3
0cf0ec10
f8fe0000
1d03330c
e907e8f1
0ef5f5f8
a2c00f00
fe1f0e09
f7ef1305
03f8f8f6
f9fb0bf3
fd08f708
03edf5d3
edfe0517
15f0d708
f8f5f8f4
fcf9d2f9
0afb010b
cef9f7fc
fffefaec
0b16f6f5
01fdf719
d408e006
fb0dfbf7
fc050cee
04110f17
21f9200a
0feb02f8
0e05fbf8
2cf0eee3
06f2fa0b
faf507d5
09f1faef
0700f702
f811f7ff
07fc0f02
08eeeded
08bff0ee
b9ba0005
1c000208
13e20100
ffe90304
060209f9
ef09ef03
f9f8f6e9
f6fd03fe
1a05cc0d
e7f3edfa
01fff1f8
10fd0bfa
d604ff0a
02fdfbfb
ff19f702
11f8eb12
d207db0b
f804f90d
f8fa15ee
060ef607
13fb0bfd
06e2ffff
16f2fc04
01f6e7f3
080e04fe
edf3f4ea
0ef4f0f1
00f1fe09
0d13ef0b
05f702fe
10f5d9f3
0cb9e903
a6b6ee08
fffb150a
12ea01f6
03ee06fc
f7e304fb
f510ef0b
ff00fbf2
f7040610
1605f9ed
0d04d915
070ce90b
11fe09fd
e9f0fb06
0701f40a
0f0b07fa
03e9f422
e30eeb08
050407de
fd1222ee
0f0f0414
271c17fb
f3eaf009
1105faf3
13fadce6
0df9f109
f6de00f4
17f4ec01
f8f01903
0701fdf1
f8f8e4f0
08eee0da
19c9e5f7
92c2fa0d
ed060c19
11e6f000
feeff2ef
f6e00f04
fe03e805
f806e9f3
0ffb100f
041815eb
1cfedc1b
151bf104
e60002f8
eaf3f303
ffe30f04
f8eb11ff
0ef00f0c
f210f1fa
fe0e06fe
f4122eee
1bf61d1d
1120100b
f9e2edfb
12fefaf0
130fd705
2103f8fa
f2cdfef3
24fbf40e
de291d03
e7f01802
ee08c00d
14f701da
f9ddecf3
cfe50ffc
1113e112
ece6e1f9
050008fd
e7ef00f4
fef2f711
f801d9fc
fe0c250d
ff1a11f2
190ef011
1523e307
da041fdd
f106fa0b
1002fbf1
ffec0dea
14100310
effb08d5
16f516fc
0d0f2100
30032a32
f327c501
f0eee9fb
0ae90df9
1214ddfa
160bd8ee
14d708e2
14140306
fb1826f7
d5f404e6
e7fd02fa
07200807
e207feee
f4f817e0
f80407fa
faf6fdef
ffd9ef08
02fe08f8
05001013
e702e806
fc0e0c04
14011213
fb12eef7
f11ef100
eef905ef
f20a0f05
0804f1e4
00e61f14
17131c0c
041006e8
22e70309
1e18fc12
0d122820
ea11ea04
effef9fb
e9fbfbf0
cdf4070c
f20cffd7
13da1ee7
0d04f7ff
0a001ce3
f6fc0ff0
f1f502e2
fcfe0907
e51afcf1
0feefef4
09fe0500
faddf7fc
06dff70f
0803ea00
04f6fb11
0ff7d20c
0022fb0d
06011904
0724f1f3
f00bf5f5
ea00f7ff
ee1503f7
05070301
ff0100ed
21fc12f7
32ec05f0
f904fa02
ee2df00c
00020c15
0613effe
f910fbf0
fc12f103
e802f60b
d80a02f0
08f3efe1
fcfa01ed
09e7f9f9
0105f10d
08fc0a10
041aeb0c
17110af9
10f70505
f0f81bfb
02ef10ed
15fb04fe
04f5f1f6
f5121304
20f40b0e
da07df0e
14f70f0c
f41dfcfb
01f60103
11f4f801
f5091d10
0500effa
0106fd05
0ffaedf6
2711e3fb
10fcf006
f725fb00
ecfff2dd
06e9fd02
f51a0bf7
fcfce6f7
11e60b1c
03e608f5
f8f0ee17
fefbfaff
0600f00a
0000f200
0f060d04
ec0f0008
05010708
0ffffdfc
0d0500fa
f9f9fe02
09090403
fbf80503
ee05020d
03fa02f2
f801fc04
0df9f000
f80a0403
0608f800
12f605ff
fdfbfdf9
fb0100fe
0ff7fc12
eb00f901
071101f9
01f0f70c
0a00f9f7
04080cfe
fbf8f903
02fdf8f9
03f801fa
0cfef90b
08fdfafa
04f80203
fc07f4ef
fd151824
1305dff8
090b12e1
ede2eafb
13fae50d
0b172204
0ef2ff1d
0601f101
f1040af9
e80c29f6
f9050103
0d082202
ebf81bf2
0811fafa
0deaed0c
f50204e5
0514f2fb
18f81711
16ffec14
0a0af6f5
0e04f00f
1509ff0b
0ce4ffeb
1dee17f5
11f519f3
e6e5f501
17f3e602
1afb240c
290de3f8
09eafa12
f9e9fa04
0f00f3de
21eff00c
2200f219
0d1c1701
00fd0ffa
3103e9e2
10f412f1
0cea0506
0a0c0a03
f4f50bfb
f20410e1
ee25f819
16f309f5
0a060f0d
e6fcdb16
fffc00fc
110d13fd
15fe04ec
fff7f9f5
e31ffcf6
1bff1710
f7ede910
f525ff00
f1e8f4f8
0e122100
0508fcec
e1f5f9f8
050d0cf8
f3f2fef8
e7ecfe10
e0ee0ee5
f4f0f30d
0adcf7e6
fcdffef6
02feeb08
072826e8
f1f4f801
0e05dfd7
f7ed0f04
fdf51623
05de09fc
fdeb0310
0eedff0a
1102fa15
fae71105
03fee91b
de06020f
05f9dc09
161a02e2
0409f3f4
f6e610e4
eff8f003
240707f0
ea15ff19
0309fa00
fc240e19
edfd1bed
022304e8
0fd80a0d
0b2feffa
010301ef
f9f20000
11080307
04f6f6f2
13f5f4e2
f1e609f0
f1f11509
14fbf6de
0ee723f1
19f4dbdc
19de0800
1be7f617
0be8f1e8
fe0c0118
ff0f0601
2bf4f318
180109f0
0101f502
01060f16
01fddd04
1c0d14f2
f0fdf4e0
f7de02e9
f8010be1
12e715e0
13041605
1414f4f1
f81e0c08
ffeafff2
0b070308
1301fa04
041de607
e1fdf304
d81700ea
fe0dd105
0ef3f3ed
e2f1e000
09e9d108
0309fde7
09dd03fc
15ef03f0
11f0cddf
19f60aff
09e717e9
02d8f8d7
02f506f8
11f9e903
fb0c1018
0e1cfefa
0415f508
0205090d
f40af7f8
1309f1f2
f8f0f5ff
e9f9e5e5
eff9f5d6
f1f4f604
f3080cf2
f010e800
e223fe0a
1103dff6
0b020e00
150df6fa
0b13ed04
eedefefd
ec070efe
0a0ac7f6
200bf408
f1fcfe0d
09f1e2f5
0104f1f5
f1d101f9
05fffddd
11eab9d6
01fcf9f1
21f80d02
00faefed
fefd09f4
0ee3e2fd
f90c0304
1315fc0a
0b030d13
f90cdf0e
fb0a070e
02efe5f8
fe1f0702
fdfdfaf7
f303f9e5
f6f0e20a
fcfbd7e2
f200e9f4
fd09fc0b
0df007ed
f502f8de
0304f9fa
1707f50b
15e605f9
f811fffe
0518ce08
1f02071b
0ff6fd16
ffe1f2f6
fcf8f9fe
faeaf7f5
ffeff5ea
fef8b7d1
f9fcfc00
21fa0402
f9ffff00
03fb0008
faf2fbf3
0400f404
0a040a0b
05eaf910
fb1bf20e
f7fd0a10
0f09da0a
0b1814f9
f80ff0e9
0016ea04
04f8ee03
06e7e400
f1f3fef9
02050df1
04fb18fd
f913f9fe
0612f602
0dfbf803
1101feee
fa09fa09
0117c507
2101fd06
0406000a
f4f6e3ef
faeffb07
07f3f903
fcf6ecf5
ebf8bdbb
eef100f9
130a2cfe
f4161003
f41c07f9
f5ea0002
edf2f010
1502fff9
0b05e801
f71ae606
f1090512
fcfbb207
ff0614fa
d5fbf9e3
f101f8fa
ef04ef10
facff308
06e8ff0a
1102fde4
dd0d11fa
de0e2112
14fafd05
fdf3f3fc
0ef3fce3
f7e3f903
f4f4bb0b
23fb14f2
f6e4fd0a
fbf80109
edfa0701
f9fcf300
0af2f4ee
15edbaa9
f8fef9ff
1d171ff5
f4250c17
f62612ee
fa070103
f01fe117
100e0df4
fc00ea06
ec03e313
fdf7f902
1601e10a
00fe1104
ddf5fbf5
f4ff0d03
eef50312
02bbecf0
ee18f5f1
f1fce0f1
d20713f9
e6031210
ff16faf4
0002fce1
f9e7fce0
fff306fd
0705d005
27e707fe
09f1fd08
fc05080c
f0ff0503
ef0ef70b
fb01f4f8
09f3c5c7
00fffa0a
0f02fdfe
f00d1502
f50a0e04
eafe0df0
f21ffb04
0a150305
02020518
f700f8fc
ecf5fd07
0bfbf808
fa0208f5
00fa010c
1c0d03ec
f8ef1007
0da802f7
dd1cf003
04f6f9fa
f1ee0201
f0131316
e71ffeff
fb04fef1
f4ee04d9
07f90c05
fffdfaf7
0ee10501
05eaffff
0a09fe10
fa030cef
de0cf10f
e916fbeb
0eecd1c4
f80005fd
1c04fbff
030209fc
110e1000
de1207fa
f118ed02
03071b08
00f9141d
f607f626
eeeafb06
13f20305
eff206f5
fbfd0a0a
201409f9
07fff1eb
f9d60bf5
dd0406fd
f5eff1e6
07fdf010
2003230a
f52ce5ef
fe0b11f4
fae3fce9
f305050b
f4ec08f9
fac6f8fa
0eeff903
06f10205
f3fc20ec
e927ed0a
ec02faf4
0af7cbb0
0101f003
050604e6
fbfe0204
1c041410
cc01e904
f5e8ec05
d8091a0a
f6f90418
fddb0615
f7ef0e07
09f30709
e8fff8ee
fffcf912
0708fbfb
10fbebee
f8e207f6
00f918ef
edf6e3ee
24e1f50a
271c20f1
e915db06
effe12ee
f406f0e1
eefe02fe
e8f91c06
dee4f606
1ef60019
ffd7faff
fef20ef5
ff1ceff6
c911e706
fd03d3c5
f80efbff
0721f2f9
eaee0b11
0febf90b
c4e5090e
02b8eb02
d7f60f0d
f9fd0906
10f50fee
05f30000
eb0c06fb
f60df10a
0c01ef04
dcfee000
10ef10eb
f9fa0405
0ce11fe9
fe0902ef
1dd203fb
0a0a1ddf
dbf2d70e
f40604fa
0109e1e9
0affd7fb
ebf3250e
e3e10307
0a06e204
ddf8d7d8
f8e20e19
1609f7e8
d218e715
0106e5db
1405010c
010ae40e
dfea0316
05e8f90d
cbe605fe
06c6f014
dbef091a
11fafb0c
0aff1cda
07eced0b
f607080c
0af9f3f3
10f6dff1
d1fce118
19ea04fc
f2000617
24e605d7
092308dd
0ceafcf4
0b0503de
def40914
fa05f4e0
1714def6
07ebdc0f
e9021302
f5ea0b10
100ec70b
dcfaf4b5
07d9f808
0d0cf2fe
d42aed09
f705f5fc
01f2251f
f706f5fc
f3f20609
0207f2fa
ed090bf0
f7e10d0b
e8f60113
0dfbe916
0decf3e7
01e3f1fb
f01908ef
11ddede8
ddfe09f5
d001d508
1af20410
eb11fe0b
16f804e3
0c1f02e6
f5fef9fe
0c08f1f3
eef40906
ee16cfdc
050bf908
f6e9ef16
e0fdfbdc
f7f10511
080df015
dd12fecd
fef50e0a
0cf3f316
f505e10b
fe13f8f1
02ed2a01
f0db00f1
fdf9f91a
0510ef02
040b06f9
fa001006
f009f806
23e7fd17
e1fce11d
edfdfdf8
f218fb0c
08d1f2e6
d60a0efa
e803db06
0fe80511
ecff1aee
fa0f0df0
0a0906ff
f7f9e00c
f40df0f6
fef51df7
e920e5e6
020a19ff
ebeeee0f
d80cf7f2
f8f4050e
e6f60212
fa000709
0512fd02
03fd031e
ff03c404
1024fcec
11fe0fdf
fbe2effa
edf9080a
f9f60bf7
02ff01f9
f7000a05
fc12fbf7
0ae71c0d
e3f6d919
f40306f3
f225f7f8
0fd9f7f9
c4100bf9
fc0ce2ee
1ff7e212
f50a06ea
d71f0a06
03000601
0fe1cc0d
d919f8f2
10fa1709
f00df7e6
f10723e5
f801e20a
e80fff01
f6e61929
ddef0917
00ecf209
12180903
16fc1911
020bc616
0c12ffe3
01f211ef
f2f903fd
00ed1a03
fdf2fd00
06ff0cf9
fe041406
f8fc09fc
ede50a05
f206e30b
00f8fff2
0718f906
02ebee14
c50424ec
1407f7fa
2009e714
fb05f9ff
d217f208
081103f0
00edd3fd
d9010705
1cfe1ef9
f817f4ec
f80a13ea
03f2e6dc
04fdf60a
06f90813
e9f60311
0cf300fe
fc00ff04
14f12b16
dd02c8fd
15f50af0
dbf00de8
fc120b0a
f5030a06
f6f1f4f0
10f407ea
05faff05
fafa0cf0
f3ec070f
1c02f30b
f20402f1
0211f502
07f3f717
cdf010fe
0a0a02fd
1517f4f1
dd01f005
d004ef04
f41df904
06f7e3fe
f4fe0311
17ef17f9
121209f8
f8fd0af2
1df3dce8
1ffdf004
0606fade
f5e6f8f0
15f3f0ff
fe06f5fb
0903380e
e1efe1f9
10e8f6e5
d9de0a0d
0a081a05
eaf20d14
f9fff001
0bef02fe
f8f3f10d
fce6f7e5
fffc060f
1a02ef16
dcfff1e9
0505e2f6
0afbfe11
e3fe12f7
ea0f09ff
0e22e9f8
f605ff0f
ea0dea0b
f21e0105
fc1102f3
03fc01ff
1fea27fa
11f5f9f7
0efc11f2
0cdde7e8
01090a00
fc05fad2
fde8f6dc
1012fdeb
f1040a02
efeb10f8
eff7e4e3
f5d8eef0
d1d6f707
04111504
fd010304
04fbf7fc
02040e02
ec02eb0d
fae9eced
f8f50603
0520ecfc
e7f2e4ff
0808f3f9
01fe0505
e7fef409
eeff0ef9
05190804
f304fefb
ef14fc11
fb17000b
0cf90eed
0f0df50d
1b0c11eb
14e3fbfb
0af604f9
faf6e3e4
0301e0fd
00f5f8c6
fcecf8ed
10f4f5fe
060603f4
f9f703f5
f804cae8
07d4fe01
b6bdfe05
fe091804
10e7fbe4
0ded00f0
10e113f1
ed07eb12
deeef3ed
eff51502
101a04f0
fb09e608
1112f0ff
08ef0207
e6fdfa0a
eb001301
0cfe1a00
02e3f714
fd0dfbfc
ff0100fc
fa170ef6
0bf80518
1d0f1b14
f0e603f8
06eb06f8
fcf5e6e3
fbf9ed00
f5ed06df
1ee8f2eb
0ff8f40a
f4eafce6
0804c5ed
fce7ceec
fde7f3f5
aee40814
fb09f701
0ee7ede4
14e3f9e0
18e8fddc
e0fdf518
e000edec
f4e91ff6
f51d0c09
0601e919
ff18e104
eefa08ec
f201f007
dffc130b
0adc1807
15fe04ec
031af8f9
10f7f721
ff112ce6
1df41f2e
f911f206
fee0f504
15de0706
02f9e813
fa20cff1
fdea0ef1
0ff2040f
f70bff12
fcf61cd8
e900d6f8
07f1d3e7
e6ed00e2
c0e61804
0708ce0e
f5ddccf8
11e4f5ed
04e4fce0
e3fcf026
f801d6e5
0ff61a07
e311fff3
fa19f01d
0517eff8
e70815dd
f71501ea
fa0c1cfa
ffe21c00
19ff1303
eceb25ea
0f040215
e51034f8
23033c31
ed02c303
f4f2e403
1eed18f5
1b25e40d
1726dbe5
09e904d5
17071205
e604fdef
cde923f5
d6ff06f5
1a140611
c51006ef
e4e80edf
faf9040e
f2edfd13
09dae3f1
fff2f1fb
04ef060a
f0fdd902
170ef618
dc251308
db200afe
e910e80e
e91203e3
f30907e2
ff06281f
f1f312ed
ef0319d7
02e309ee
fc0c0f1a
e5141ffa
00121108
0900f701
0e11faf8
16040f10
d912e605
f92cecf6
0bee01cf
05f1e7f5
f8f813e6
e9ec2a01
e81301da
08fc2116
e018e1ec
f90ffbef
0914f120
15fcf307
0ef0011d
05fbf9fb
16f3f30d
0affe510
1f1dfe1a
f1fd00ff
e9f3dce9
fd14ff0a
e40a03fe
0214ebfb
041f2426
02fd0aee
17f700d9
0eee18f0
f82519f3
db0d02f9
1e11fd0f
1e1afb05
0815e2f6
0e14f40a
f61ef6f7
f40d0405
130207d3
0307fc01
fa07fefc
f5fe0300
090ef600
fc0c0407
05100310
fc0b0dfb
f9f9f6f6
07fc08f3
fdfffe02
f9040302
fdf60ce9
11fe020b
fff9fb01
0d0c0904
02fafeff
f5fd0308
010cfcff
fdfd0a05
fd04f2fe
faf812fd
110af2fc
fffaf7fe
04fa02fc
14fef909
0403f9fa
0408fff4
fd0303fd
00020705
fa04fefc
fef4fe05
00fef500
09fffcfc
f9fbfb09
0807f807
09fdf2fc
fc09fd0e
0dfef809
06050005
f90502ff
01060c02
02ff0b02
05fcf7fa
f90a020b
fcfbfd01
fb11070c
05f8030a
fd000002
02f908fb
0bf5fef6
03f31008
0a0ffb04
07f40207
f3fbf801
0714fc01
fcfdf702
0c090414
ff05f4ff
fc000103
02f7f9f6
00f5fd00
03f1fe01
09fefcff
f1ff040a
01f7f507
04fa01ff
fd0af308
0afb0e07
fe050b0a
00fffbff
0ffe0104
0afe06fe
030608f7
fc0cfbfe
05fc0af7
fa090803
0200fffb
f6fbfc03
00fa0b04
0b0802fd
0d090002
010206fa
fe04fb01
f909fcf4
08f70202
02fcf2f9
060404f7
0403f706
0909fd02
010b06fc
f9fb0105
0601fdf8
050306fb
03f6fb01
fc04f800
fd03fc02
07020001
1ff8fcf9
10ff0213
fa0a151a
0802f5f7
180cd8dd
02e7f7fc
0ef4fe03
080b19fd
f9f10ff3
f2040bfe
ef10ef0f
f2060af7
0ef51504
01d5dcfa
0ff40800
0d021109
1eec0501
f4fe00f7
e91101ef
10031914
f0e3e911
f61bfbfb
0f070207
08011b1a
0f0710f6
00011ef0
fbfe1004
e904f5f7
e9f9fd16
f2e80ffd
0602fd06
0fe4edea
01e801f4
f1f8ef12
fa201ff6
f8f30d01
08f9fae4
f4ec330e
1ce9091c
01ddf7fa
f8ef0ff9
1de9f5f6
0ceaff2c
ebec0111
09e8ea22
e6f4f903
f5f8dc02
171e00ee
161f09f0
f7df02e9
f8efde04
26130002
f3ed02ff
f71b05ed
fa27161d
f2e00cf5
042207e4
0eeaf80d
162bf701
03f3f303
12eae705
140be2f9
0ff1f307
06dce3d7
fae9f9ed
eae90e0b
0b0dffe5
08ee13f6
26e1e6c2
15dd1718
0ee4091c
fbd502ef
01f004fb
07f115ea
1a09ef1e
0dfcffef
0600f00f
f9e50a14
01cddd06
141c20f9
fceaf0fb
00e4f6db
020d0bf5
0ae81a01
20d50103
041ee4f5
fb181c1f
0def00f3
1007f6e9
2402f91a
0d28e513
f2f4ef04
0700eaed
011ad806
fef1eee1
f6f8e2f9
0ed0c5f2
01f701e8
0af70efe
11fddaec
15e4e7d0
0ff91107
09d5080c
e7d0fad6
0712fdfe
03f2f007
fc1de71b
0a08fa13
060ffe12
ebfe0a07
ffcff2f7
1517fbfb
ffe5fef9
f2ede4d6
fdf503e0
f7e9f60d
f4da01f5
ef21e3f9
df20ff06
0ae6eeea
021908fe
1d1207ff
040aea0d
e0ede7ea
0002feed
000ef4db
160cfff3
f9edfa18
0ee8d9f8
fdfcf2fb
fbf6fafa
1712f7dd
fbe4e2b1
f8fe04f6
03eff204
f9f9f501
01090eee
010af4fe
f7f2f5fc
f5190614
ffe70fff
eb0de2f7
eec3190f
fef70001
11110d06
e9fdfce5
fc0afae9
f4f1f920
11dbddfb
d90fea05
ef120306
0ce501fe
ef2204ea
060715fc
ff06f20f
10e7fbeb
030705f4
f917e8f4
130407fc
15fafa0d
01ebf100
ff0cf003
0a15ea00
0fedffef
fcf0dca5
05f800f6
14ec0405
e6fcfe06
03090dff
f103ff00
1002f40e
fcf81205
ecf6ff07
f81ce900
fcda0e0e
02fdddf4
1d1507f5
d60603e2
0810f80b
0bf40904
05d5e311
c60bf3ee
0401fae8
0af10601
f31e02f4
f407fe00
fdf9e8f4
0ee610dc
05ff040c
fa0de405
13fff50e
120d0c00
f8eef6fc
f5010d0e
fc26ed14
0becf6f0
feeeeda7
04f000f5
131215ff
f8240d0a
f90b1600
01e3eeff
f2fce70a
0b10160b
00faf6fd
1302ea19
efd817f6
08ecbefd
070b14fa
e00df5ec
fa0afb0e
0003f70e
09b0f90f
d306fae9
dcfffcf3
f6050804
e61c0903
fe09f2fc
03f7faf5
fed3fbe4
f7e90601
00fee20b
1bedfd0e
01eafa15
fbfaf800
f50801fa
e21df200
fefa0ef2
fbf2f5a8
060112fb
0b08f4fe
f5230917
fc110f09
f0000cf0
f505fe06
0211070d
edf308f9
fbf5f90e
fbcdfafe
1101f305
e515fe02
eb00f500
0d04fe13
f1060912
0ea7ed10
ce1aeaf7
e5feedf2
dde91c05
e3fb161d
eb0aeef1
04f20fe9
0ed608e7
00fcf4f2
05f8ff10
1de6f905
0cfdfb0c
fa0ffa0e
fd0e06fa
ef1efa22
ee0efefb
09fef9d3
00fc0103
f90ceaed
011115fb
f4120913
e70800fe
e705faf3
e1200e12
f3f6ff05
0b010712
f0d40ff6
07feff13
f5ff0cfe
fa0cf315
1e0cfaf7
0c031afd
0bd7080e
dc180104
f5f9f3f2
fbef0304
f9051b23
eb1bfbef
f2e80af2
04e512d6
040712ef
fffe1701
1ce60406
10f40507
111a0111
f5170ef2
e924f209
edfe01ef
1af7fdd6
fb15f4f3
01fedef7
e7070703
0d0a0705
d2f4f6fc
f106fff4
de100efd
f1fa0d0e
00e8041e
edc61000
fdea1d19
fa0a08fa
fd07f21f
1e14090d
0cf4fcd6
f2ef0e0d
f90715eb
02f3edeb
13eaee10
15011909
e32ddf02
e5ef04ea
0bf2fde8
090406fb
ff071d03
0fc60107
04f202fa
15010820
f0101ff3
0f29f3f9
dffff9f2
fb0802ee
fd12fcff
f30ae4fd
ecef0900
17000a07
d100dcfe
f5cdf7f4
d3100500
f6e91206
0cee0404
05de1cf1
fbe9fc05
0307f20c
0b03f421
1112f6f5
040703cf
ed100b23
03e20ceb
f801f0d8
38d8eb02
180226f5
f521effd
ecf507f7
030ce0df
0d13f802
05f71609
e9e40610
06fb011d
08fdf1e9
f70b2af1
1712f1ec
dffcfd06
ef1a11f5
fb0e12fe
ed21daf9
d8f70800
1b020105
d00df411
fba3e6ff
ba14f10e
f8db1404
19f816c2
07eb0ef8
e30b040b
0a11e000
040bcb11
fe00e512
03fa20d7
e9011322
13e609de
060f08e3
18f6eaf6
061420fd
eb190511
eaf3f9e8
fb1fdbe6
fe06f408
fefb1409
ecf611fe
1b04e410
f1fde5b9
e7dc08f9
0cf7eaef
dafdee0a
fb070dfc
00062017
f81ef714
e0ef1a1b
03f1f106
f7fffd11
19d3eefc
ea080914
0ee1fc03
11061cb9
0ee1000a
ee1c1aff
09fee8e9
fe02e100
e8efec16
07e915ee
f1040113
24eb1de7
1f1a0ef9
0404ece8
0e12f8f0
fbef1417
fefdf0df
f821ddfd
04eff816
d61000e5
e10608e6
01faca16
e1fae3a1
00ea0411
15faee29
ea12ec0c
f30afcfe
0ceb1d0c
f5160807
fc011606
000cebfe
fd150af9
f505f704
f70e0716
01e7f51d
0b01fcf0
fce0f8fb
f418120d
16ebefdb
f108fbfe
fcdde40b
fee914f1
fbfcf1fe
0d0b0be7
230dfffd
ec00d3f9
f913ea04
11f31716
f816dee5
ff13fcf5
f2dc0e1f
dd07f9e7
ebf3170f
e3f9e405
e30ce8ea
f907fb0e
10fced26
e5f6e704
020803fe
08e410ed
fdf80b07
e9fe0f0f
0f0a07f6
fe070ae0
f10a0408
02090609
16d9061c
eff6e811
edf610fe
fd15fc1a
14e5efd9
f30b060c
f8e6ed10
f7ee0508
f8fcfce7
ff1a17f8
1c0af90e
03f5cf11
f908eaf9
25f91407
f005d5ea
0bfb0ffb
e4f1ff1e
da09ecee
eadd071a
def20306
e4050610
1411060c
05f2060d
fa08ec08
000b01fe
f0021ae1
00f40d07
f1030710
06fd0df1
02fe06d9
03071000
0600f8f5
fdef091e
e6f9e219
fa08f401
fd12fb12
06dcfbf9
faf50efd
fefbff00
010cdf09
edfefddb
ec161fed
01150ef8
00f2e006
f117fbf7
2a0216f8
fe16f4ef
04031efa
e504f000
f114f0fb
faed0618
bef80a0a
e5faf007
110b0902
05f41215
f70add09
0df302fe
1bfc01df
fcfc1bf5
ecf9060d
fff30afe
1204fdf0
fa0717ff
fd0413fe
f3ea060d
fc05ef05
fdfc08f6
f713f30d
0eee020a
ec0a1d06
05fb0ae7
030eed11
f3ffe9e9
e60d12ed
f305fbff
0707e613
e51000ec
210717f4
ed1ef0f1
eb0715f2
f8f0f6df
0702fbfb
fff30216
c3fffa09
120b07f9
0bf007fb
f5f33112
e3f4daef
03dc04ef
04eefaf6
fbf60c00
e304f602
f40208fb
13ef06d4
f8ef0103
f1ed0af7
f4f2071d
171208f4
e3fc08fa
fffcef06
fdf10022
d2021cf5
fcfd0df6
1538dcfa
d90505e6
edf7fb10
e91efc0b
070bf600
00fffff8
18fd0ae6
0c01f4f8
fef512f5
14fbd8eb
0f0ff3f6
1b16f6e4
dae7f9d8
1811fbf4
00f9f9f8
f6f92806
effcd4f3
09effff3
fcf9f60f
fdff1af2
f00301f3
140afa02
0a0802f6
ffeaeafb
e3f006f7
eaed040c
1307ee08
d8ede7fb
0207ee0c
f9ef0519
ddf902fb
fcf911e8
152407f9
ee0c04e9
0010fe15
e5230d06
0f15060a
fd03faff
190613f0
0cd6fbef
0ee804f0
0df4ebe8
04e001fd
0201edf3
ebf9ffde
141cf0ee
ecef17fe
f7f100ff
f5f7c0e9
05e9f6fd
f2de0214
050e0df4
0201fef8
20f40900
0e0bf80a
eef3f813
f3f1f309
ede70107
0820e7ee
d801fbfb
07f6f802
fee80e08
ddf7e905
f30215fa
081307ff
fe0201f3
f7180816
de100409
f60c0ce1
0905ec0e
161200e6
15d5fdf8
04ed00f6
fb04eef0
0deaef06
fa05f6d8
ecf90fe4
2314ea00
0b012004
f903f4f5
f2f9b2e4
08ec02ef
e5e41a0a
f00d19f5
06f7f6cf
0ffaece9
0cfc14de
ddfefa03
e8fcfee6
ffed09ed
101efd0d
ebfdf2ff
0300f901
e6d90909
ebfeedfa
ed0a25f8
16fbf010
03efff06
09180106
dd00030a
f11516e2
0be7f907
0c080a01
12ff12f6
0adc0906
06f9e6f5
02f8de0c
040902dd
efeffdf0
1ffbf109
f8e809dd
06f8e314
fae1c5f4
1308ffdb
d7f2030e
e911e3f9
0305f3e9
11ebf7d1
08100be6
c403fb15
e90ff5ee
04d128f3
e912f318
0502f511
fe08f8f8
f7f912f8
060ed8fd
e0fa33f5
0fea1a19
0c0100f8
f3260404
ff01f721
fd0922fa
16e90820
0215f1fd
0cc7f2fd
02d10c05
10fef1f6
eb12dff2
000615f8
fbf707e4
f812f111
e1f808f1
00e3e0f1
1edbd9d9
072107ef
c6e8fcfa
1830c202
f4fde007
0bf213c7
f722eef7
e203f5fd
f70de6f1
06f01a00
d9260ef1
ef15e90d
fcecf808
f11408da
0106dce5
faeb180a
f201240e
f8f30ae9
ed0b0802
e010d808
d6e92af0
15ec0800
e307d8d0
0be6d908
23f2180a
0a2feb1c
110ffd0c
0306050f
1b0202e3
e11000ee
caf416fd
ec08f105
070df3ff
fd14fff0
e5f218ea
0f20df08
e8e4f806
fc1201f1
f00adbfb
f501f9f0
000de4f7
091012fc
e6041f0e
dd10f8fd
eb06e7f6
f117ffed
f300d3e1
e808f50f
f9f52cff
e1fdeeeb
01e6fee4
0101f205
e4001206
16eefb01
fb0ffaed
f4e8f40a
ffef1101
e90adcf6
f11108f5
00010706
12faf607
f007ffe1
e6ed11ef
f30ef4e3
f6f610fa
ebeef6ff
10061ff3
f806ebff
fcecf7ea
f0f6fe17
01f2f3fd
00fffffe
fefff2f0
14200003
f3f50219
f301eeee
f410e7f3
e300fa02
fb02f8e5
021d040c
0df009ee
061bf9f7
e5fd0df0
0208fe01
f603fae9
25000522
000eeefa
f00be7e8
01f8fd04
ec00f3e8
ef17f3e8
0afb13e8
f7fe0006
0105fffb
06060605
00fb01eb
fef30503
fe03fcf9
fc0a0301
0bff05fe
08070205
07fe09fa
0000fefd
0406fbf4
1102f503
0dedf3f6
07030bfc
01070600
fcfaff08
09020207
f9fcf9f5
f9020806
f70703fe
0a0100fc
fbfbfc05
f7050008
fcfd06ff
f6020001
0b030504
090b05ff
0603f5f9
fafe0103
fd070708
fe0102f6
f91404fd
01010504
f1f70301
04f600f0
0608fc09
fdf7f6f4
07070008
00f3f700
f705fe03
ff12fd01
f4050c0a
0dff10f0
f1fb0407
f70002e9
fc071003
0500f809
0b040c13
f90100f8
04040012
02f80506
fe050704
180002fb
fcfffb02
00001bfa
04e70109
ede9e4fe
0b01fef9
10130bf8
030efd0e
000a0501
03fe0b06
f605ee06
fdfef104
07fc000a
0a02f706
0206fd06
f9f50506
1304f30c
2103fa09
0203040f
09fcf9fd
06110501
fafa09fa
f315f90c
1bf603f8
f7010afb
fffefe19
03fcea06
080707f6
0309fb01
03fc0009
050cf9f9
0303f8fa
fbeff5ff
09fffaff
fff2f4fa
fef40803
140606f6
fafaeefd
00f6020a
07fbfff3
120a09fb
fffdfb07
fffaf807
04f2f700
08c7ff08
0ffdf317
0b0b1617
f1040917
0cf5fc16
20c90cf9
120e2000
0ae711fc
05f616fd
04dbfbef
f41a0410
20ea17f3
f408f514
11dcfe08
040ee613
0f0ff1f1
23fc0105
ecfc22f1
ed18eb0c
1af90aff
faeada08
100bfbf9
13f50613
131109ff
041106f1
04e5f10a
f41af0f0
08f1d501
09ebf020
0cf303e6
fe0df612
f5f2eade
0beafeea
e4feef09
f3040c11
09f30c03
06ed0af1
05ec1402
12ea011a
efe401ed
f5e9140e
25f2f3f2
17ec0e14
f0e80414
09e2e421
e4f9f3fe
f6f8db03
181efe07
151104f1
ece103e9
ede8e405
f8160bfb
05ef0309
f11c0bed
f3201f22
fcf3ff07
0013f8e6
14ecf40e
070403fd
fbfcecfc
18f9f601
1211f5f8
07fff918
fbe5e4d3
0bdbf9e1
d1f80403
050ff9ff
1400faf3
0cd908c3
17fb191c
00cc0c00
07d6fbe4
ef06f4fb
e80d19c3
ea040517
f50109f1
ecd8f916
eeeff9fa
13bcef14
fe2613f0
07faeb0b
ebe7f3dd
1cfcfffa
01f70420
1dd0ea1f
f42fe018
0afaf70b
0de715fb
0d1ff2e9
2000f4f0
00deed00
e9e8f7ed
070804df
1efbe8f1
0afcfffd
11fbf4eb
0ef2daf4
da081fff
fa0af003
18e9dfe0
08de0ac0
08ec1aed
0bf5ff0a
ebd3fad7
f419f6f4
f30f0eed
e70ceb0b
011dfcee
faf8ec1c
eff0f71d
0fb705fa
0428e9e2
0011e6fa
f3f3ddde
210e05f9
05fdfe10
09ca0112
de24ea04
d3eff20b
0cdbf8eb
022c07f5
0826ebf5
fdf4e9fe
f7e7dcf3
000beddd
010bdef6
2a0f0309
f4eb1102
0ee5ddf9
f206eefd
f91afa0f
1f05f2cf
f4cc03c3
04fa10f6
f7e6000b
f2f5f804
e714ffe9
ed0d0308
f005e702
e5121010
04f4f105
fd02f4f6
0a9e180c
0303fb00
1a08f5f9
db04f0f9
04140100
fcf5ff22
23e0e921
da0afa05
e7f6ee0b
04ea0ff9
022bfff3
e9070eef
09ecfffd
06d70cde
0c0607f2
f70e1004
fb04feee
19f4fc1c
0ce8e704
f610ef15
ed12f017
1cf80bd9
f5e4ffc5
15f9faf7
faf4e7fd
f918fa03
020a00fc
fa04fc0b
0705ef0a
ef08f60e
f7f90512
00f7ea03
0aae000a
0cedf615
1f1a02fb
da04fe00
0526f806
0801270a
19d0ec08
c6fbf6f8
0ef1f7f3
02f60412
0b2cfffc
ea0910ee
05f607f9
fbd0fbe9
09f6060e
00fc0bef
0df2fafa
02f00409
00fcf505
010e0a15
f316f014
17f30cdd
f8f707d0
07edfaf8
0503fbff
ed1e1416
ec170afb
fc04feff
0315ef0d
f6081406
ecf6f7fa
f9f70106
feb4f3ef
10f3e808
fa110ef6
ea07f5f6
05030309
05020006
fabcfb12
ce0202ef
f2fbf3f2
e5fbfdfc
f606f903
f50506e8
06f510fb
02ddfcfa
08fafffa
0af20b03
0703f8ff
06f90304
fdfcfb12
f2fc0b09
f223fe07
070213e6
f8f50dee
01f5f8f0
070fd50b
fe1b0211
ec070f00
fb06fefa
ff0a0cfc
df10010a
f0eb110c
02e70b16
06c1f4f4
0a0afd0b
ea0f09fb
f205f8fd
050af4f4
060b1103
08caf00c
d81cfbfd
e7f4fe0d
f0e70d05
eb080a25
f90ceeea
06eb06f9
04e600e6
040cf9f7
0df91211
1aeffd0d
06000101
fe0ffb13
f1020b14
eb21f509
121003df
09001ef6
04f5fdfa
fc08e0ef
df1a06ff
e2001307
f501ecf6
edff05fb
d21e000b
01f3ff0c
0dd80212
f8d413ef
0ff60113
efe908f6
020eef05
151df6ed
09ff14fd
f30af40e
fc1e06ee
0ff0f502
0ceffc11
0112292a
f026f5eb
f4eb17ef
f8d008df
0dfcf8f8
11fc190c
21eb1617
fff10b02
07130228
f4061700
0d130bf3
d9e80dfa
0dfe1606
08f90c03
f20deaff
dc08f5f7
04fc1414
f2f5ecf4
ea0301f6
c70b0307
01f91008
f0e90c0c
08c21be7
fff70011
f908f7ee
080f0009
180dfcef
0cfdffd0
e00f0a11
fefc03e3
160b01eb
1100f409
05182b26
f72aff08
f2f3fdf3
06f303f1
1a0ced01
17fe0b0d
1df41410
eefdf410
141af318
f7f70edf
0700fbdd
d8f80ae5
f7fa2a1f
fa1615fb
e115edff
d8f9fdfc
0ee20218
f100f705
00c5faf5
d020eb0c
07f525f8
030607c9
0fe211f0
e0f60704
f511e4fe
0914e31b
160af4f9
02f717d2
e90f0a1a
07dd09de
140406ce
2affed07
10092026
fe1dfeff
f3ea0de6
fb0adff2
fb08f1f7
0ef9030d
f5020a14
fff3f229
070bffcf
f2db0edd
0d02eeeb
dce20bf3
f20c2a0e
ee0b1b08
ec08e8fd
ddfe0ff4
09f4fc1a
040bf02d
089fe2fc
ed1ff400
05eb16fd
02010281
13f823fc
db08120d
f110effb
f915dafb
eee4f611
e9fd13d9
edff1712
0aeb10d5
141704f0
0617e7fb
121b1e19
f60f0b0f
edf9f6f6
fc17e608
e905fafa
ef0f0bfd
eb0d21e8
0efde317
f3f0e6af
f3cff703
12fdfa02
d9f00905
f6111015
02032018
010afe09
f4f9230a
ffefe602
07050d11
1cd601fa
0b11f60c
07010806
ff08fcb6
12fc08fb
f9170816
0e0aeef6
eb08f800
e6f40611
d9fb27dd
f7fe010f
12fd0403
15250a00
f01edff9
fd16fbf0
12fa190c
ff13f0e9
f923f20c
fcf40b17
f102feea
f1f404e5
f4fdf91a
e4f0c6b9
f6ed0909
01ebf92b
ec13030f
020b0c08
0aef05fa
fe051002
f30e2515
fe0d03f6
0c080002
03eb030f
f911f809
12f20412
0000f7e6
03ff1ceb
f30b0f24
12f0eeed
01ffff0b
ece50e10
d7f20aea
f7f00603
f0050308
1309f605
e808e500
001ef500
16061106
04fcf9ed
06130101
eadf0f22
d602fbf7
eeee0a01
fb01ff16
da08d8e1
f301f2f3
01f9f924
f100fe07
f6040703
eaf104e8
f6071400
f80a2009
090308fe
0805f5e3
03fff7f9
f50a080c
19f4fb13
03fe0108
edf626f0
e6000d0c
05f2f4df
1e04fc00
ede40e13
e5f304fd
eff215de
000e13f3
0511f820
05f2e00b
0219e8fd
23020910
1007e9f3
fcfd0907
d1ea1b13
be13faf2
ddec0908
f6f400fa
e3efe608
0804ec0d
02f00f13
080a0203
00f2f600
f0fd11db
ed1119f3
f1fc08fb
06070a0a
040deddc
050110f4
fb09f309
fbf5fe15
fef8070d
f3f1fffc
00feff0b
fef3fdef
f9f40df6
0b0107f6
ef10edfd
f6f5f3e2
070117ef
fb15f701
09fae611
f919f4f5
2100020e
f715fcec
0004ffed
e8fe0bf4
fa05fdef
e905f424
c7feff07
e7f3feff
14060306
01f92118
0602effd
10f6f4ec
f40afce6
f00012f6
e8030bf7
00050511
01fefff8
02020ff5
ff0805fd
ecf30000
0f0805ef
ecff0a01
f5f9f607
0df3f809
0bfb0e11
0e0104f9
f61edf01
fbf1eee8
14ea12f2
ea06ff10
f708ea01
f20c02e4
23ff0dfb
0816f701
f6fc19f6
fc04fff3
0e0401ff
0108fc0c
c001f70b
f6090eed
0ae803f9
f8e01914
fce7f8ec
f9dd09ee
0e07ebf7
f9f906f3
e616f8e7
0309ff03
100a0bfd
fbebf40b
e3f60bfd
f8fef201
1110f6eb
ebf20411
0b02da04
06f30412
0d05160a
09f808ef
f41cef0c
d7f4fae0
13fe0f03
ed19fb1a
0b08ffff
ff12ffe1
1bfe06e6
11cae801
04ec24dd
10fff2d8
190ffef4
111702ea
bbfcedd7
0f0f10fb
f9e90bff
f8fa1724
f211f000
10fdfff1
11ffda18
f00a15f1
e407fee0
2cfb0806
080f09fe
fefaea0a
e3f81105
e7f0ef1f
0100f7f5
dafcf402
fcecec07
06e20c1d
eef9f10c
17f203e1
0a2310fc
e9eb05f2
1504070a
da12faf5
160c1200
fc11f7f5
150ceaea
11bef5f6
03fc01eb
02f2fa00
0eeefffa
0507f9f7
c7ecfcde
1518f2fd
fdf1150a
07fe090a
0305c4f2
11f3fefd
02f9f515
011626fd
fb0fffe7
2e0906fc
050b0e03
e3f4fc18
f4fa1107
f3f40817
1002db08
f0ffeb10
17f70708
f8dc2509
e4fbe6f3
f5fd25e8
1605f507
f90afcf1
19130818
e6030bff
fa0b21ed
160ff2fe
0a11e9ff
1ce7f2fb
0bef00de
0800f90c
09ea020a
0209f1f8
d9f805e7
1414e9f4
03e61e18
fbfcf2f4
02dfb8eb
fefb01f5
08fcfd16
fd0ffff3
f912f3cf
071cfef8
f61614e5
d6f304f8
f51702f6
ebe219f8
100de309
03fcf216
28f7fc08
eaea1401
ece9d3ff
05041fe9
1aeaef09
f8081200
ff02030a
d5fd0a18
f5f90de3
32f20601
0801e4f0
170109ed
03eb0df8
1019ef0f
070dee10
1a050003
e4ec07e4
081fe3ff
f6d81c04
fe06f1f5
fbccb3f6
f50a10e3
0efd1105
0713f2f0
ed07f6dd
051afdeb
f61403ea
ca00f0fd
f415feec
fed410e6
080e1226
1200fd0d
0bf1f3f6
e8000eed
edf5d4f3
00f508ec
24dbfb28
02effdf7
0b0d1104
cfecf015
e6f909f6
2df90202
f1f7d1d8
0de300fe
12e613fc
0829f815
ef21fb01
02f2fdff
f90214db
f60f0215
fa0af005
0df30eed
00d8dafa
10031c06
f1d208f9
fd0f18f3
08d7f2ea
f7f9fff0
ea04edd9
ce0efdfc
02fb0cf0
fa09f801
f2172804
0317f30a
fbdcf2ea
ff12fde5
dd2bead8
f608dbf2
0debfe0d
0ee612e9
0913fe02
dfe0de17
e10d0cef
0ff4fd00
c6fcdad6
ede8f5fa
0ae80afa
ff08dc26
1414effb
f0e8fb12
0c0909e9
e20808fe
def0df17
f0fff3fe
df05fcf9
091f0205
e7c817fb
f605fefd
ffe3f7fd
14201be9
f9f2dfe4
f8e50ff5
f7f6f3f5
01fd1c09
f7ed27fe
e519ed20
f004dd01
0817fdf6
d309e1d9
e000defa
fff71608
03ecea0a
21f3f201
fde4dd0e
e0ff1315
15eff607
e6f804f3
e4eceb0d
f6f00308
0601dd21
0b01fef2
fbfc1017
0d120114
f62302ee
e2031303
effefbfa
ebfefdf1
0ff9f7fd
f5f842f5
0af80af2
02f3edec
ff040502
fdf5e2f6
04080ce9
08fcef0a
1e07f0fa
f1051615
f40d0cf4
f5f6e3f8
e410fd03
ef04f2de
e818fe16
f3f5e6ed
fa15ef18
05f50103
fb12f6fc
e603fefd
2dcf0dea
fff5efea
fc16f9e8
18f7fa0f
ea1ce301
0a2d0006
060b0ae1
f00c0705
0a0f0dfe
09100c05
fc04fbed
faf30afc
f80e01fa
f0fe00f5
0b020ff6
fdfa0201
fbf9eee9
fefbf9fc
050b06f9
07faf30c
0bd8fb04
f80b090d
010b07f5
12fb03ff
f6000400
fa0107fc
f60aff02
f200f6fd
0b080311
13f206fd
f60aff00
0404f7f4
0af90aea
fc0002fe
040c10f6
0e0fff0b
f20a0502
0c0af601
0710ffe8
030802fb
ff00f901
07f803f8
f80902fc
00fd08f7
fe060803
fbfd03f9
f9fb0001
0408fbfc
05f708fc
f9030604
0008fb00
06000600
fa0400f9
04f905ff
07fa0802
0105f8ff
040408f8
08030304
00f7fd01
02ffff00
070608fa
04fafffd
070502fc
fffe0500
f900fe08
fd030408
fb050503
fdfbff05
fffdfdf8
f8fafaf9
feff00fd
fffef8d8
e9fffa1b
0914f116
120ffc12
fff9fd08
2114f808
1aee04fd
130a1cfa
fbfa0afa
0b0510f3
fdfdece8
ec210307
21001cef
f11fec03
16040729
f118f209
111906f9
05080af0
f3dd01ff
040ce4f9
1deffa01
0502f6fd
0a04fceb
ffdbe9f0
04f3fbf1
f9050300
f2ffe70b
d8f5eb03
fce9f0fe
0df40006
1dfcfbf5
dbf4ef0e
09fae7e7
fcf8fd1b
21fee525
ff12f9f3
dbfe1c08
1bfffc0f
17eb13f6
2cf5190d
09f109f2
12090a01
03fdf1d5
0a1a1314
1fe621df
f022d90d
070c0a19
f2ffea1e
0d2d09fc
1803fbf9
12e91e0d
f419e30d
21ef11ee
e807e3f5
0416fef0
fff3f8fa
0802f5f4
eef7f9f7
fcebe4f0
fd07e8df
18e3eb14
17e3e9f9
08fa02f2
e9f3e81e
ff1a0eec
06fa00f4
f3fefa04
f80d0311
0c0fee0d
0ff31200
00f9000f
0eefedfa
fd010ee2
fff60a00
1700e8f2
19110609
f4eb0b14
01e9e202
e1f80c0e
05f302fc
2212fe0e
1b0cfcfa
f2cb00f0
ebe0e1f4
f41a05fd
e904f701
e309fded
fa180e13
00ece302
e9f5d5d6
20ef0310
0b0a11f3
efffd70d
02f9f400
151103fe
0413ee16
1ff9f6d9
0ed301f5
f7f7eafc
12010508
04fd00fe
fbf714de
12fafa17
0ae50111
06eb0ada
ed15f0d6
01fa03f5
d9ff0e14
e4000e01
03def00e
f9d3fafe
0fd11a18
fd23f5f8
1706d616
e5deede6
0ef5f0f5
f8f8f22d
1bcfe626
e00de117
e2e6fe04
0ef008e3
1921eefe
08fcd9dd
fcd7f907
ddecffef
f9f5f7ef
000f0cf0
0f0efb0b
16ec00d5
02fcf30d
f8130304
0907f604
1fdcfaee
efef10e8
f30c1703
fcf9d815
0ff4fee5
e925fcb9
f0141cf6
d701f1fe
ce1a0ad4
f0d6f20f
09edf70d
18bf100d
0723e0f9
0f0ce507
fcf0f4f5
300cf706
0dfbf31f
0ac1d519
f614e90f
d7eaed07
eee014ed
f91609e6
ff25e7ef
07d5f6fa
0cdff7f4
ff1efaeb
0cfee506
140d0212
fdf423f4
0005e000
fb090300
f709f0e8
1ced05f0
e9cb1cfb
130c07f8
eaebe00f
f2f3f6fb
e41d07cb
f30809f1
fffbf1f7
bf10fee4
03ecf403
08fce702
0dad0d0d
2405e0f9
0f0afb05
f40700e9
0718fc06
0efcef26
1af3dd14
f6fffcff
c3fbf107
df011100
072bffea
f00ef8e5
07010708
06df09ec
0416f7e5
0005f501
0217f5e9
03f60d1c
0702f810
0013fe11
e203f40c
19ee06d5
ece91606
0ef70302
f3fde7fb
fd170401
f70411d3
f4f8e6ec
ed05f10f
c517e601
f8e61006
f6edd7f9
fcaf0a19
0aeef50c
22140610
eb1bfd01
0929f518
00f70e17
15e1f20b
ddf4f900
ebf0ef06
ea12041a
181900fe
ed0c01e6
03ef11fe
0fe207e7
140b02f8
10f7fefe
190cf6ee
00f30111
f6080305
03060df9
ef0ff11e
13ef01e8
06021406
08fa050c
e707ecff
000f0bf6
da1e15df
f60504da
010c02fd
c81b0001
f5e40ffb
07e3f90f
03bdf3f5
ffe1f601
08fcec0d
ea15fd05
0518f809
fdfb1408
fadcd9fc
0906f0fb
f6ebf909
0a0c1110
f501f615
ed100ae0
fce81f05
fef204ef
1c0a10eb
06001b10
1012fefe
04ff01fe
f812f615
fe05130a
fc16f20c
2303fff2
f9f12617
fe110909
d104e102
e81d0cff
d50411f0
fd0602df
ec161d04
ad150507
f9eafbf1
04cc110e
0cd401f7
fbf500fa
f8e80003
fa0de90c
131104f4
07f01e02
e20ccd07
070e06f1
02eaf90e
15172507
ec070f26
0502ffee
00eb1500
fddc08ee
0d021ae7
0607110f
1a0b0000
fcf2fbf5
fa0a011b
f4fb180c
000af014
1f0406ec
03fa0618
03ff02ff
ddfcf1fa
d41ef808
e1f210f0
fe1703f2
ed05020d
c306fcf8
fe02060c
eee40f06
09e413e9
00f008ff
dce50af4
f80bf6fd
061611f6
11f111ec
e913ddf9
12070dec
0afdff18
172a0c09
eb1c1b1a
fb12fdfb
f7e901ed
13f50ee6
051205ed
120b080c
1ff80803
08f00e0e
fc11f826
ffff0e06
15030602
f7f1feea
f7080f12
eb1020fc
eb0a05ff
db0ef4f8
f3ee0e03
060905fb
fcf601f7
e215e8fc
0be7fe03
f2fbfff0
0aeb0ce9
fff21a10
f304fce5
130bf113
140bfc0c
08f805e0
dc03f405
09fcfbe6
0eff0106
0f150507
060e1d0f
000e0102
fff6fef6
16f505fc
010af8fa
1f12ff1c
1a0805fa
ecf91106
1310eb05
f8ec0efd
0bf4fff6
efddf4e0
e3012014
f1140cfb
ea0b00fe
e203f2f2
03ea0818
03fafa02
ecabf5fe
ee1cff01
00ee1203
f61211a0
0b0417f2
d5f9f816
f113fdff
fa13ee0b
04f0e801
ff0713ed
ebfb000e
06f9f0ea
1a0bfce3
1314effe
040e1812
021e1c0a
fbf000f1
07f8f909
e50b00f7
040d040d
01101514
f6eefbfd
130ff1d7
f8cf07f6
11e8f300
e7dbfee5
e1f8150b
f5fcff0d
0801f915
df0e0504
1df90a0c
0d02fa1c
10a4e202
0614e101
06001605
022c069c
03091be4
fc040c14
011bf1f2
f907f200
f0f60601
e4000df6
f4f2fa0d
feeff3f4
131603f4
021aeff9
1323080a
05171212
fdfbfdf6
f615ed02
e604fc0a
f90b02f2
fa071bf7
0205f9fa
f702e5b8
fcdc0d07
04e8fd14
f8e3040d
db061908
f8e7fe05
0a00fd17
f6f91b0c
1104fd03
03040804
25d601fa
0d01e9fd
f9080704
11230fe4
f1000be8
0f04130d
090601f4
fe02fd08
fdf11f0c
e00815e6
02080206
0adff209
091c0af8
ea14eaec
fc08fcf8
230e1114
f102fcef
fb14f006
e4ff001a
f7ff01ee
f504faeb
08fa0903
eafdcbdb
f4f6fafc
03f1f52c
f6100113
d10e110a
0ceffdf3
01141509
ff04180d
0813fef7
f90cfefd
07f401fd
fa0a01ff
00030303
fc04ecf8
f5fc21eb
ecf0140f
04fcf6e5
fa01070b
fcec1c08
ea0509eb
fff402f1
eef90207
020ff7fc
f019ed07
fd16f3fe
1e111811
fb0000f2
0b0e06ff
d503130a
dbf807ef
e8f808fc
f7001401
e80bd2e2
e00d09fb
fcedfb1b
0b0a050f
d2071209
fc0b08d7
f6230bed
f40514f3
0c0007fa
ff10e5ef
06f504f8
f310f7ff
09fdf306
fa00f304
f5f52cd7
f1eb0918
f3edf7e8
1dfa0b03
00f00611
e40b0c01
f0f00deb
edfa16ed
0709ed09
10fbfe11
e81fe8f4
21080908
ff0507f1
eff4f9fa
c7fb1b08
c80a08f9
f8020210
e8011005
deffe007
fe090506
0be60d0f
08080214
fa0602ff
edfdf8d7
f11b0fea
ec0909ee
0bf806fa
fa06f6e4
f91013f4
0308f606
0bfc0200
ffedf50d
fff516ea
04f7ee0d
0bf3fdfc
fced0905
1002fcfb
e715edfd
e4def5eb
03fe19e3
f40de800
f713061a
f425fa07
12100300
000afe02
f1f7fde2
f00811ed
f30508f8
f5fa0526
fafaff01
e8f7f2f2
19f20509
fafc1418
11f9fe01
04f4fd09
0600f6ef
e8030fea
e80cf6ea
f1070009
01f201ee
f0e40403
fb09fbf9
fef5f602
fdeef0e7
fefd1efd
fcfcef04
0eee0712
0aff1c0d
030a0dee
e316f719
e9f4f7e3
07f613fb
ed02011a
f5010b14
e91919f6
01f90705
1110ef08
00f10ff6
f9040dfb
2718ffff
00100d09
e0f2f7eb
03faf7f7
0bf80214
02f10a29
12f4f9f8
07f90305
0005ef06
0b0b15e1
e00cffdb
10160607
f30d0101
e0f6f900
090414f6
f5f1ec00
000608ef
f50bf704
17e6ddff
0ade0b1b
0cf2060e
22eb07ee
f713f913
efe603ed
1ff61e00
e8edf20f
01030cf8
f01902f1
fd01ebf0
0ecdf601
f8de00e4
10fe03f9
27f700fd
1015eff0
e8e3f9f1
160003f5
03f2f7fb
05f6fd08
0e16f303
1900f1fb
1820f114
effa1cf3
e9100bec
10effc09
fa051019
f8f0f60b
f00410f2
f201f80d
01ef07ef
f6f6f4f6
f8f9fdf5
fada0c15
0007ee10
19f710ea
01ffed03
f6f7f8f8
16051f05
e8e4f7fe
07101f07
031dfeeb
f9f6e7fe
16c7f603
fcf603e0
0bee040b
00000df9
070cf6ee
deeb00e0
1209f901
f9ecf50d
0c070707
12f5d6fd
08fbfef3
070af015
f30c1dfe
05070def
12001600
ee141eff
e2ef04fc
fdfb2211
f4f61415
fdebfbf6
eff4f008
04040ee8
05eb06fb
e4fbf5ed
1ce610e8
0bf9f000
ff1407f2
3605050f
f1e50bf7
05ff26ee
1d08f8de
effdd9f7
0feb02ff
100206e7
18ebfc10
08f0f709
01fef5f2
eefe14e0
171702ff
f3ec0814
0c0bf404
0feaccf9
f2f2ffe5
10f90613
091206fb
f311f8ec
0e01fb00
f2021edb
dbe1f8f9
f50d0ef8
02e218ed
1005fb06
ff060714
f3f201ea
fdf1010d
edf4f3fd
0f1204e9
1edff917
fa1f09fd
1e140603
eae60512
fcf41004
1cf10ce4
edfbe2eb
08ea1bf6
fdf516fa
0bf1fb16
f81aff13
0cf80009
e7eeffd8
f819fafd
06f1fd2b
032000e0
e6dabc01
1d0214f7
2ae80e0d
ff0e0ef7
eaef05e0
f01105fc
e2f9fcd4
cdfc00fd
ff0e18f7
f0ee14ef
0d1e1215
fcfa0918
18dcf8e3
f9f50be3
e4ddddf9
0d25f9f1
2ad9ef14
100b03f8
070efef6
dee9f00e
02f5fbf8
24f127f7
e2fcc7dd
f2ff0cf1
08ff0efc
090bf723
f010f2fc
fcdfe015
f0f60df1
f71d080f
05f1e7f8
f5000fd6
eaecc919
fdf8120f
1fe90fef
e5fdfefe
03fbd8d8
db03e707
e0ecf9ef
d70cfde2
fd0314e2
17ff0ae5
e90204e6
fdf9fd2b
02e603e0
de0cf3ee
e91eefeb
ec13ecde
2df3e819
00fe0efb
ed050601
ffe00306
e605f60a
0ae8261f
cdf1e2e1
fff7fa00
0ffa19ef
0224ef0e
f30bf511
fde3f004
f70b26f3
fe0c15fe
daf1ff16
e5f903d0
dbf6f301
05110914
f7e00601
f5fe01ff
0103ec06
0214f8f9
07d7d1f5
f4f415f1
05fce00c
24f90ef2
fefd0ef3
04f8081c
f9f4f30e
f624e8ff
ebf3f1f5
cff705de
ed03000e
f1edf718
fffb01f8
fd04e61c
d8d10b07
0aed01e9
f3f7f3ea
06f40f12
0d0612f7
fc23db1c
f713e717
fd040316
fb1c0f06
0b1201f1
e81d07f9
e70e16e9
ea0e0b03
f51001f7
f7df0fec
26effae8
04f0f5ed
eefd0711
01e9ebfd
070816f5
0fe8ec1e
1601e60a
e20c2919
f416f7ee
ebfceaf4
ec1fed09
eff104e2
eb0a0a0b
f40ae8fe
050d1223
09faf604
f11906fc
e70714ee
24f004eb
0be707eb
0e1400f3
2316e907
fd08f618
2e0efd17
ff120220
05fafa0a
000afafc
0201fcfa
03f609fc
fa04fe01
fa010507
f8f70af9
fffc0602
fffd07ff
f90203ff
fa00fefa
fafa0701
020206fe
fff8fd05
06fe0705
fbfafefb
ff02f603
04050504
f706fdf4
f7faf7ff
0401fefd
faff05fc
f9f9fc03
02fc0600
f800fcff
09fa0302
f70609f7
fc080afd
08f606fc
f509f5fd
03010009
ff080500
fc02fa00
04fd0209
06ff0802
fffd0506
fbf9fbfb
00f901ff
05fb03fb
fafbf8fe
06080003
f904fdfe
fd0700fc
fc09fdf9
fffaf805
f9fa0102
05f9fffc
00fc06fb
fc0105f9
0304fd05
05f80507
05fcfdfd
fef80804
06fbff02
fd0106fe
ffffff03
fff9fe00
0500f9ff
0708fb06
fe040503
0504ff06
08f90302
070301fc
060402fa
0409fcfb
fbf804fa
02fcfdf8
fe0700f9
fe0104fe
0508fa00
070401fa
03fd02fd
f8fe04fb
fa0504fe
fa06fe03
f700fa03
fafe07f9
f7fdfaff
0602fe03
0305f701
05050202
fb05fd02
fcfcfdfb
f8f8fa08
f8fb0101
f9fbfc02
000602fa
00070806
fcfefa06
f8070007
0006faf7
fafb0006
08fa0404
0702fafc
04fd0700
fb0008f9
e910fbfa
e2040d04
f70ff411
0b16e3f2
1beddf0b
091106f0
04200e0b
f206ed00
ec010ae4
fb1b0509
f924f610
151e27f2
f412e6fe
eaf9f8dc
0a140512
0becf8fd
14090c0d
02f6f9ee
0efbfbff
1b01e8ed
fff621e6
02f8eb0e
041614f4
fc00ffed
15fdf6f1
f3faf40e
071314ff
f5050c0d
f20e14fe
110f16fd
ffef12fc
e8e9f30d
18172eed
eb03faf5
dc2214f6
fefef218
1d15f00c
fd041610
e7ecf5fe
110afaec
f20708e5
06100b03
f904e0f8
ff2608f7
f809ee0e
f9e5e7f0
0def1325
f90d0bef
190fed0d
0fecf5ff
fbe2e703
18f9d1fe
fa1109e9
f2040802
e2f4fef4
fc1dfb02
e7e7e5fc
00ebd5e8
1bf500f3
fcfe1dfc
f905ed05
fd040e0e
0ff90b19
0b1dfe1c
2bf0f9fa
f5d8f9fb
08fbf606
06f6fa17
0e0d0414
f2f2fe03
e8fefc11
12fdeb18
fbf405e3
0f0cf9f2
12f6211c
df0be5fc
df0a090d
0af30309
e2cbfe0d
07fefe08
023f030b
0affe103
f6deebf6
0312f3eb
13eef414
efdcd81b
d5f1faef
14e2f3ec
0803edf8
2c2a1617
f600f1e8
efd7fc04
ecfdeed8
fcf4fde7
e8f518ed
0e020b0e
0af202df
0404f301
0509eaf2
f70f06e5
01140104
f0d61f17
fc1902fc
e1f0e50e
07fbfc06
0106f4b1
03fa2c12
ed05e5f7
ca141be1
0bdbeb0b
f2eded03
21ea0b19
f220e0f5
e41bf20a
f2e6fcfd
0e01080d
1310ec10
fcdfda13
eb04f905
e6f3f5f8
d31119f4
f31d1fdd
f8fdd7f7
00e2f3ff
0bf9fbdb
fafdf9ef
f7dbf704
fa0f04fb
01041cfa
0c0fedfa
f61503f3
fffd00de
0e1df1fb
efed2a18
fd03f6f4
d109f2f8
e0f70909
f40001ab
fb02030b
fde6e9fc
c20b08dc
fbf0f60c
fcfdf8f6
0ee5ff0e
fbfef7ed
f7fc0019
f10301e5
0f120cf4
08fef417
1105fdf9
0b000ef7
ddfafc0e
e9191b17
06160ae0
ed04f0fd
05ef060e
f20304f6
07fa00f7
02ea0300
0023fddb
fa070bea
f710f226
fa1b030f
f6f9f6fa
1604f40c
f6f41b1c
01fe0209
c7fbf60b
ee061a08
f4180ea4
fb00f9ef
fb07eb04
b90a02f5
ebf2fff8
09e8f6f7
f1dffb1e
03f4fdf0
17060417
d9f7fffc
070a0e0a
03e9f714
04f3f8f3
0c03f6ee
0100fbfe
0d251410
fc01f508
eff3daf6
08ed0914
fb0609ef
18fcf1f6
13f7fc03
0507f1fe
f8ff0eee
f21bf809
000b0df8
f8e706f6
0efef301
fc070bfe
04fc0815
b706e613
ef171507
e10710b3
08f8ffe1
fcf8ff10
b214f10b
fbfc01f1
08c90107
fee2ee01
02ea01f2
06f2f1ff
ed0e0107
06fc0e14
f0e91015
e0fee6f2
09feedf0
08fcfc0d
122b1505
fb00ec17
0500fbf7
14f61104
06ff0bea
1a170c00
0e02f70e
1413feea
1104fefa
021ce90f
fbff2503
fafa02fa
240605ef
1ff4050c
02041210
cbf6f10d
fa16f8fb
f0ea02d0
fc0fffdd
eb060602
b90de704
02fef4f0
04d21bf8
070303f7
e7dd0a0a
f2e4edff
e721f60b
0712011c
0af41d0e
dd21d4ee
0cf2ecf2
f3f90513
0d3c0f05
e703f423
0df9fdee
06f114fe
15f7f8ff
18150de8
1c0f0815
1910f4fa
08f703ed
071d041d
f00f271b
f3f20df7
3afbf9e3
07f8ff15
f7f90efe
d4fd0100
eb1af310
eae107d0
fa11ffe3
f30e0113
ec04edfd
1401fb02
f3fe06e0
0b0602e8
e1dcff00
f1eff8fd
0c1dfe0a
0a0d001b
02fc1600
ee26f1ea
0b04f9f5
08f0060a
153c061d
e50c100e
ff0d0afb
0ef503f9
1ef0060a
fc060ce6
250e0416
1616f605
03fd0af8
fe170a08
feff1d03
0af3ff08
1ef2f7eb
ee0bfc0f
01191501
f9100c04
eb16f212
f6e90ee8
0903f1f1
f8f0feff
0603e701
fc0801f9
f01bf7c2
11130fea
e8ee050e
fa16e9fa
0b16fd0d
1115f90b
01f90df2
f301effb
0debf2e2
0900f810
0e34dc05
001818fd
03040903
15f7faea
06f00517
e6030dfc
0e13061b
090b0501
f6070ef5
071905ec
fbec14fe
00f9fa07
19eafeee
e8fafaf1
f5190b0a
0b0e0812
ed18f70d
15fd0508
07fbf9f8
02a8e9f4
0c0efa06
f3050afc
04200b94
171102dc
daf5f514
0a25fcf9
fc0ee604
07f4010d
f0040801
e904e5f0
1af2e6dc
110a0bff
181ce6f5
f7151afd
0e101e07
0f0007fd
0302060d
f20515ff
06001210
0709fe06
f20b15ec
ff0dfccd
f2f415f4
05edfc07
07f306fd
e4fe08f8
eaf7fc0d
1c011202
0207ffec
1b0a030f
010ff2fe
1bd7e700
1ffed703
f7fd00f3
fe370cc2
ff1c0ae0
070f0117
0a1601f2
0401f6ea
04e70bfc
de03feef
ef0ff2ff
16e3f2ef
132008f6
ed21f4dd
ea13fbf5
1f151605
07090dfa
fcfff70b
dc09fa05
f30a0ffa
04fc0df0
070e03dc
f41bf8c8
faec1407
13e3fc1a
f9f70612
f3080e07
07daecf2
17110e03
07010bf8
1b180604
0208ea06
22f2f805
1400e4f7
f904f8f7
062517e4
ed140af0
150c0d11
171cfcee
05f4f307
00e71aff
eeff0dda
fef6f6ea
09e3fcfb
092203f1
f91af0d9
f407fefa
20091d16
020103fa
f00cf70f
e80d0017
d0fe0dfd
f30605d7
09070ef1
db09deea
fbf8f8fe
0cef0b14
f80cf4ff
d2031709
fce20cda
f50320ed
f9f11fef
0d1601fe
05fef70f
fff60cff
f800eefc
08fdff01
0617edff
ed0b10f1
00f31203
12f5ffe9
fbf11105
f9ea0800
f70d18dc
fbef04f9
f2efedf1
f915e900
f312fa05
f1fd0009
1c000e05
f7081df2
f3fefbf5
f509081d
c0080af8
dcfefc00
f6061802
e007d6f5
eb0a070e
f6f0150c
fa0af2fb
e0010e00
f7f60eda
ed0af9fb
f80618f7
00fdfbfd
fc04fa23
07f30af2
ef06ef10
0aeffbfe
0001ed03
00f510ef
02ebfc0a
0af8f7fc
0ff614ff
01e6feff
e81409e4
f2f501fd
05f100e2
fd1dfd0d
0bfe0d13
e70afaf0
11070a07
f70716fe
04f0daef
f2090bf6
c2fe0001
f2fbfe18
f9031508
f005da11
f5180d20
f0ef1822
0a0e0105
02ea0707
fa0308de
f21622ea
e10611f8
09fcfefb
0bfcee06
ed07100a
ff0b01f5
05fef9f7
02f8fef7
06fb11e0
07efef03
07fa0cf7
fcf908ff
0c02fef2
ee06fdf5
e9dd01ff
06fe0de3
0905f911
100a1024
ed17fdfc
f405010c
f9010e02
f7d9ecf1
f3ee0cf1
f805e807
fbfafa23
0af30003
fefee0f9
05070816
0400102b
010e050f
fc021103
0e1905ec
fe0d1ef2
ccfc01f9
f7f3f6ff
01f7f7f8
ebfcf907
0a0204f1
0b0cf304
f2fee902
06ff1bef
fbfcf8f5
16f90813
10f80c19
091209f8
f4fe0f0c
efcdfcea
09fa0bf6
07f1ff0b
010a070b
e51a0af2
f5eb0015
01fb0004
f2f2f8df
fb0215f5
301700ff
f2150cef
f9f001f9
0afce5eb
0c07f915
14fc0815
0d0ce00f
060d0300
fefbfffc
07fb24e9
cc0a0de0
ef070011
e5eefdeb
f4f6fffb
06061cfe
fb04e215
f50306f9
03040ee7
15ecf0eb
fed20128
1cffe303
0afc08ec
f405f109
e5f21402
0cf21a09
f4e30207
fc1114fa
f5160ede
f6e8f905
fee502fe
f4f7f2df
09f3fcfd
170d0904
0b1807ec
e2eafee6
1c0ef2fb
0e13ef0c
14f307fc
f312030c
15fafafd
1115f00a
fcf623f4
f7f70ee8
f4fb0316
fbef0b05
fd0bf5fb
08111cf3
0cf9f416
03f119ef
0100fe01
f70b0be2
05de0016
0f01e6ed
ffe002e6
f4efdd08
ffdefceb
00021efa
dadcf617
0c0b1e03
0df6fcd1
edf2edfc
12cde5ff
03fc03dc
07f0fd0f
fe120ffa
04fa02f4
dc0f0ae8
1c0801ed
0511f500
0bf00e00
00010008
160c06f6
0b170013
f5ef2af6
120006f8
10fe090e
00fd0a07
f5ef08fc
0c0b1bff
0b041106
05e50f02
f912fe08
e5fd15f3
04e8e503
f11404ef
11f505ed
03f0fa0c
05f9ffec
1bff1a03
f9e20205
0f0b0901
04f502d3
f0f8eedf
fee1fafb
02fa06f5
0be71309
050ff805
fbf0fceb
d3f007ec
130af901
0703f417
0ef90af5
ff00d51b
1f10f3dc
faf2fb16
f7fd1802
d9020adb
0d0d060f
080721f0
e6f50d06
fe041b06
060912fe
10f612fe
ea1d0a0d
f4e609f1
12ee0803
ecfffde7
0f0bf4f9
06fefb0d
ee04f7f6
250905f9
ff01f103
f9ff1bfa
00fd12cb
01fcf9e9
f8e41603
f30e0beb
0df70921
ff0f0c03
f4f40d12
d9f110f6
030408f3
0a02fb09
fdfffbd8
e7f1bef9
1916130a
21ed080b
fd04ef05
eafdf4f1
faff040d
ea0708f1
d6fc0cf0
011b0a01
110f1fd6
0a0ff509
080c0b1f
01cff5e2
faf1f6f8
dd00edef
0129e3de
1cecf207
06070b05
0b0203ed
e4da14f5
ef02fd0f
fcec37fd
daf6d0df
eee82af7
f9091406
0921fd24
f40b190f
02cefff3
ecec09f6
081431ed
18fae8f1
e00516d1
deeae202
0e061221
29dc29f4
fde5eb04
e8e2daea
dfeefa12
fde8efe7
ea1a18f7
0e071ae9
2a001cde
dffd02cf
10140b1c
fce1e1dc
ecf8e3fb
e500f6f3
db1bfdd9
1bfef1ff
09fc360b
fdf21904
dfe71efd
de02fbfd
1ee22f18
bf0ae5e4
ecf01408
fc1c0def
082df915
d714f805
05d7f1ee
0e200f06
0124070a
dfeb10ec
01fcfee0
dbd90aef
e8fc06fd
13f7fef1
f8fbe9f8
f001e802
de12ea0b
0af3d310
000e01f3
fbfbe0fc
18f9fff6
edff00ed
0efd2815
05f4edee
f717e3f1
f4e9f9f0
d8ef0ee2
f002fa16
daf41407
eb0415ed
d602e532
e3dc01eb
fdf512e9
e505f9fa
0dff1fff
0c311f01
f430f3ff
f10ff8fd
f3f2fe0a
f82d10fd
131300e8
eb1313fd
0c0808f3
100e0ef8
ef24f9ef
ece2ed01
1213e1db
0302fff0
ef110f1c
fdf4f504
000e16e2
f9f0da27
0d04ed14
ddef1c12
fd090bf5
faeae9ff
0bf4f60d
f70dfeec
f70fe9f2
ea070c00
15180d18
08f6e701
0000f6f4
e0120001
0bfff8f8
0d0a11f4
ec0e2701
e91df60d
eb000921
1ff4ec08
0efb0a1c
ee171015
140918f4
1c0c0401
0100fffb
00f611fc
fe080501
dfe603fb
0eed08de
0ff2f4f1
ffecf6ed
09fe05ed
ebff0aea
040cfa16
04f0f4e7
ec191113
171815ef
04f6fa01
0011fe09
fa0617fc
f80df809
f10cf0e3
17100e12
0ff30017
eaf701fe
ea1201ee
06f1fbe4
fbeef6f9
0e150efa
08f1ef1c
f710f51a
0e0cfa25
fd08f800
fcfdfafe
fe06fffc
0a02fc01
fcfe05fc
f7050500
fc06fbfe
fcf7f7f7
0305fb02
f7f70506
07040708
07fcfd00
05080801
0506fe04
0008040b
fd020008
040b03fb
0604f604
04fd0af6
010300fe
f60bf6fe
05fef501
05fa00fa
03fb0afc
f7f8000a
ff0507f7
fffe0903
fcf90208
02090306
0502fffc
ff02fdff
0402f6fb
0003fc00
f000fd04
050104f3
01fafbfd
10fc0cf2
fdf4f306
fd0d06f3
0301ef02
03ff0704
07fa10fd
f4f30007
14061101
0bfa09ed
f7110f05
05f9f0f4
021107f9
0600f8fa
fe0d0105
0401fef7
fe02f4f5
0dfbfef9
fc13f7f9
010b05fe
fafa0a08
f8070a01
f110faf6
fb06f903
06f80f0e
031006fc
fb10fffc
fc03faff
fcfe0308
0106fffa
f904fe03
f606f6f5
11fceb05
000501e4
03f4fd03
170f01fe
fb05160b
f5fd0209
06f012f8
e8f0ef10
f4111406
1b1019f2
ecfeff07
fc0af1f1
fc1903f9
12f307ff
fe130c11
05f9fcf2
0907fef0
f9f8fb01
fdf613f7
18f6fe0b
ff0611fb
fc170efd
f410f8f8
e808f9fb
13040f0a
020d040a
f818fafd
09fffdfb
f7f10efd
f60103fd
0a0b07fc
ec1a05e6
f2040cea
12f401f4
19041301
f60f2b19
05f501f5
02ff10ff
f4f9f8fe
ef29eb16
faf40609
1721f3ef
f20bfcf7
0ee6f8e2
fefc1a02
000013f6
1b0ef3f4
e90bfcfd
f8fceede
19f4e0f4
ee14f8dd
ff10fa2d
f3f71ffe
fe10f1e3
e6e3e9e9
12f3f3ed
00eceaef
edf70e03
e5080df2
f81ef3fe
ecf20207
062102fb
19f1fb12
0b080911
1307e31d
00fc0ef1
ee15fffe
1bef0526
d105151d
d9f80219
02f500fa
0b0cf2f3
17d922f5
f105f102
c80c03f4
0ff018f8
f1e70dfb
12070020
011ffff0
f71de512
f7d1f0f7
ef06f7fe
1c10e90d
eff9e12b
e6f2f502
06eff6f4
18fd100a
0f08feeb
f5dfe9f4
0cd9fb05
050e08e9
04fbeefd
fbe80bfa
060200fa
12ff08f4
00feed02
f008eb05
0f0503ea
fd38ed05
f6f61c20
ec18ebfd
d1feee05
ff090907
0911f4dc
0ff22b0c
eef9fbf9
cb0c12e9
1aeefff4
00fbe2fe
0cfb0d15
fd1efef3
f20fe60f
0cbbfe1d
ed0cf1ed
0f06151d
eef3e010
f5faf803
fbe6f3fc
f9f01e06
f210f6fd
f3e3dbf9
0ae108fb
e60902ed
faef01ec
f8e2f202
ef00fdf4
161621ef
1112eb0a
f713fe0c
fadcede6
1028eb06
f0f61a2a
e70500fb
c6f40403
f30913fa
010efcd4
06fc090f
f2f5f000
d80107fe
07faf908
f7f9f7f4
07130010
f707f705
faf7000e
e6cdfbf4
fd050510
0c03f919
faf3fd02
13f006f2
f7f40afa
e314151a
0cfff6e2
f4e0d0f1
00fb1e01
fc14ff06
0af4fefb
ff01dafe
ec12f4f0
fa151703
f81ee913
07150b0d
0ad8f6e1
13250106
0f02040c
ed050306
befc0c0a
0711190c
eb12f9c1
fdfffdfc
f9fddefc
d507fe07
00faf1f2
14f6fbfb
ff10080e
f5fffe07
18eff514
e1e4f6ee
fefa0218
0cefe512
e607e8ed
2407f1f6
eefb07e7
f716180b
080701db
f6d8e1fb
0df31717
0101fffc
1508f201
16fce70f
e8faf80a
f9fc06e0
fa12ef0e
fb1c17ff
f8e8f5f0
0220fcf9
1104f307
fc07fa0a
b0f20806
0e13010c
ff0709b5
ef0207de
fcfdf102
da050802
030e0aeb
08daf9f5
ef1bf40b
e9f60a0a
14f7f001
f0d7060a
00fcfd1e
0af6fa1a
d4fee9e8
2003e6ed
f2f3fff3
020d2303
090202f8
fae8cff3
06fd0c13
21030cf8
1f011204
1cfaca13
090ff605
f70406e9
f317f407
f9051bfe
01f2fbeb
0e0f0afb
270d060c
f70007fa
e4ec0907
060bfd13
f1e201b8
f206fdf0
edf5fd02
01ffff0c
0904eef7
fdec10e3
fb2cf1fa
cddb06fe
ef060105
f2f806fa
ebf70331
03f3f816
cd07f8e3
1e09f4ed
d2fd05fc
f32202f0
07fff602
01e5e4e7
04f90409
29080c0f
0a021cf9
1a04f426
fb15f4f7
04fe0ef2
f1110af6
ec001af8
01f009f7
2a1701ea
09030804
f0000bfe
00ff1214
f911fd28
f4e8f5c8
0206fae4
f1ebff03
06faf811
0c030201
ff01fcc9
fe1cfced
cbed02f0
08fe0507
0d0d06f7
f805f91c
f2f90500
de03fcd6
100303e6
f600f704
ff34f108
0aff1403
04eff606
15010808
2d080810
edf726f9
0ffaf41f
0215f8f2
faf60602
f60904ed
f7fe1b02
0ae107f4
1c1bfee4
ef10fcea
f21a0e04
1913110a
f820f930
13ecf3bf
fefaeef0
f7c4ee09
0af5ec15
0efbf5f7
0212ffa6
0a1509f3
d4e5f804
091df90e
1c16010a
03050a10
e2f811f7
da02e5f0
13faf7e7
fefd0008
0334d40e
f4fe07ec
00f10ff5
1d1518fe
0ff90e12
e0041704
02010b1b
f90efef1
ed0205de
0ffc11e1
fffd22fb
05f7fcef
132120f2
d910f3ff
fa1a0e08
221405fc
1211f509
32f605e6
0602e9f6
0db4e900
0504f30b
fff8fdfc
ff120bbc
050dffe9
e3f8f80f
091d0003
0619f809
fd091900
e60600f7
e305e2e6
16f7eeed
0208fbf6
ff2bef01
eb0c04fa
161014ff
18130bfe
faf60618
e2090c04
f90b0701
1006f9fd
ff0cfbdf
f0f70fda
f9ff0be9
0cfb0306
0a1a10fd
f50f0a10
04fcf4fc
0eff1101
1bff05f3
20040c01
0e0fedfa
1bdbe8fb
1908edeb
fbf8ee08
071d15e1
eb030ff0
050d0509
0d17faf0
080df0f9
04f419f7
ddff10f5
f80ee8f1
0dec00f8
171606f0
fb2bfee2
f305f7fd
1f111b0d
fb0a0af8
f3eafc19
defc050e
d90f03fd
fb0200d8
fb06fff2
d71307e7
fd071605
0a02041b
07f4f603
ef171702
0febfeee
0afe12f7
00f815df
fd16fb06
0d11e508
1709faf1
0d18eef7
f8f1f801
0715130d
fb001503
0f0b08ff
0c00f2eb
19f9ee04
f5f415fa
f2f415f7
f7fdf3f6
01edf5ea
0018fc03
fd1712df
1f01f500
140711f9
061005fd
f1f817fd
0107f72a
b60815f8
e0faf4de
091714f7
d71ae7f6
e91c071d
02f10b00
040cfafc
e8011a0d
04f322d8
ffef06f3
ef0109e7
fb140504
ff0ff313
f6f70bf6
fe05e1f8
07fc0d07
120ee70f
f9fe08f6
0bf90302
1303f9f4
0ce612fa
0be1f5ef
fd0009df
edf1d5ee
e9f1f2f4
080be1ff
f50e1101
1406f3f5
040201fb
f40021f5
f8fbf8f7
f611f610
c807ff0e
e0feee0c
00152cff
f31af7f8
e213091b
f7010607
11e9f903
f2f01306
06fa1ee3
fdeeedf8
e3060aff
ff1503fe
09fd0b30
fc0313fb
ff0aef08
11fff402
060afc06
0a040beb
0f0704fd
09060df5
00f313fb
feea03f1
ecfe05e0
f1d70613
fffcf1e0
19fff715
08f80e10
f0fef9fe
f9f6ea13
faff1e00
effce4e6
fd0ffbf0
e8000013
0004ea1a
f90a1906
f40cda07
f9151320
f8fd1c19
070cf800
04f10f08
07fc06e4
fefd05f8
d00504ef
00060311
0bfe0229
ee07fb09
080df0eb
0d05edfa
f207eb00
190617e7
0cfddef9
0ef30f0d
01fa0dfc
edfb01f4
dc00fded
f2bf0900
ffff02e5
0bfbec15
010f0e13
f01300f7
f5edf117
02f514fc
f9f3e3e0
000207ee
131a0009
fa0dfa0f
feec02fa
1204d1f5
021b050e
03150a0a
04200318
0b0002fa
fdfd01ea
110810f8
be0512eb
ecf5f50c
f507fd0b
ed07f305
0e2411ee
0ffeeef8
f80410ff
0b0d0ae0
ff05fae6
14ddfe28
0208e612
fa0cfeee
edf9fc08
06d91002
0cfb0e0c
fce6edfb
19140818
f40f03e2
faf5f816
fee00efa
f3f7ead3
0afd1ff1
161c02f6
f81d00f5
fef50af0
0d09e3f9
0720ff15
23fffcf6
0511ec14
17021d04
0c13f911
03fc19ee
e20b0de4
f00f0208
e6fef7dd
01090af6
0b2316e9
12fde500
f3f4040c
f50c13fc
f6ff08d9
14e30511
0903c912
fdfee6f8
faedeb03
ecf109f1
00f01806
d9d700f3
130407f9
e810fee1
efe90008
f9e204f8
e802f9dc
050704fe
1310f4f9
fc0f0303
de0108fb
191af1f6
0428061a
04eff4dd
0418f904
1bf21605
150e001b
efec12f8
f2000ed5
f505fe06
ebedf6f6
fefe06fb
01330bf6
0ddd0a07
06e70fe1
0c061900
f40919dc
fae7e905
1904dc02
ebe3e3f7
fdf4e90e
02db02f9
ebf81efc
dcd3fb0d
06f711fa
07fcf4e1
eee8e2ef
01d6fc02
02ff14eb
050cf515
0015fbf5
09010604
db140a04
173300ff
03300017
00030cf1
f50efef6
2f1c1205
09f91211
05f71aee
f9fbfded
f607ff16
fcfaf6fc
06081af5
1e190b06
0bf7f3fe
13e917f1
e9291c08
e9e707f2
fbeeed00
f70bfece
06eaeefc
f909f40a
01eb0bef
07f619f3
cee50304
fb0b0fec
01e90ee6
00ee10cc
ecdf2203
09050900
02fb1014
12090d0b
f5f3f9e9
d5071003
0f0ef8ff
140df70f
060b04cb
f5030bf6
2efe0eef
fdff0e14
f50d0e07
d3f104f0
fef90f1d
f9f9030d
f304180d
060110ff
12f80beb
10f613fc
f6121512
e4db0aef
fff90103
e4fd09de
130ae8f7
ff01e414
f9ff11ff
120324f8
cef0faf0
e9010af1
fa0023da
f1ee0bdc
f0e51a02
fd180c03
fc030e0c
f8021306
ecd5fdef
ddfd0a00
f904f6e6
08040a0a
ede9f6c2
c107daee
2e150cfd
0ef9160d
fd0ced09
e307fcf8
f3c9fb08
ebf7e5f7
fff80302
f51b0209
210a1de2
df0f0bf6
02fd010d
0be613f3
f004ffeb
e9ffede3
fe17f3e5
1903f6fe
faef1e04
030710d9
da0312fd
e8fd0200
04df20e2
e5f5eccb
ebf3080a
fe1d0d04
0127050b
f1000301
e7c7ef01
1205040f
fffa0af6
0f10fef4
f0fe0cdf
dbefed01
200c121e
1f040d16
ebfbeb03
e2fdf7f1
e90bf706
f4f5e7e9
10f213ff
07111510
12020add
e71212df
ff02f014
f3e4efef
f4fdddfe
fbfbf1ea
f11900cd
09fffe13
f90c3c0f
1b0414f4
f0f20a03
e007fae8
08e40c0a
d20ff6e7
f00c0e04
e71a02f9
171e0f16
e51ceef0
f4d7f2fb
152b0e1e
13281101
eaf825d9
eef606d6
07d325d7
d1ef1af5
0eff05f1
08f5effc
f907e3ef
e01beff4
05facaea
08f6fed6
fdfee7f3
1703f6f7
dff71fe5
0c002f0e
04f0e5e3
f00cf001
effbf9d8
e4f820f8
f0fde716
edf81013
efff1afe
c505ff2a
d6f3f9e6
05de1bfc
dd030bf4
131d3cf7
1e1c1c04
ed32010e
f427c40f
feedf3ec
fd2a190c
1a1210ef
f6ff0fe0
03ff0ccd
e50415fc
002008f9
0bf00c07
11f304e2
0feef1ff
e5010aef
f4dbfbe0
ff1516d2
06e4df27
220fe10a
effd3a1f
021f0bea
08f3f5ef
0016e8fe
f5e707e8
e41007f9
f30de8f1
070ffa16
0cfee909
f310fa0b
eb130ae0
01e60cea
ede8f0ef
011425f6
0f01ee09
eb07eb18
150fec1b
0f17f30c
f119050d
1b1715fb
27f7f1e6
e90626ef
e9f116ea
1bf60117
e0ed1af6
0edf0fe5
13eed8f1
f6ddf6e5
04ea18f1
eb011be8
1104121f
22e7fbde
d912170a
2508f6fd
f7030efb
f514f611
fe151903
ea11fb22
0f0ee2ec
0e130212
0cf7001b
f0f5fd08
f11bfd04
09e600da
fbe8f3f6
111204f6
21eeff14
1118e423
0711ec1b
fdeedf0f
ff04f8f8
fdfffb03
ff050607
fe01ff01
07f9fcf9
f907f8fd
050406fc
05fe0804
fff800ff
fbfdfb02
fa03fe07
03ff0505
fffb08ff
08f9fd03
0502faf8
fbfd01f9
fff90404
f808fbf8
fdf9fd03
00fcfbff
060203fb
fc05f903
0708fc07
08f7fdf9
06fd0600
fff804fe
07f9fef9
fdfc08fa
fc00fe05
f7fcfffb
fcfd0606
09010001
f1f7f50a
e5f8fdf8
1503ebf2
1c0f14f2
00f7e812
051b0ae7
f90ef20d
f0050a07
f4fe1af5
f3fdf30f
03141b04
071017ed
020f0b19
f106f9e5
fc0a11ff
13f8ec00
fb00040d
17fef905
0200fee9
fef5f2f7
030e16f9
0b031124
31f70914
f51315f2
e80309f7
f5fae9ef
19f0170d
f80c0b07
dd17fcf4
0e0401f7
efe22e0b
eb1813ea
f30305f6
f504fff3
1403f3f9
05fcfff2
f6f2ea11
01130afd
030504fd
fdf5150d
02f40403
e7e6f908
01020611
0a0914f6
fb02fe03
0210f6ff
ec0dfa00
180001f6
01fef701
faf2fcfd
ff0efbe9
f8f4fe06
fbf8f3fd
04ff0613
fcfc0af9
f508120a
ed0bfcfb
fb0808fb
00fb110e
03010707
fd11fd05
08f3fbfd
ec0600f6
00f806ff
0411051f
eb11fbf5
0cfff4f8
f6f5f7ed
f20f2210
f4ec0912
150914fb
0ffe1efb
eff1f6ff
f513ec25
21e401fb
1b0be2f0
f61506d9
120104f8
ed0600e7
0c051201
0f0d0cee
ea08fd11
f712ecec
07fee5f8
faf91ae6
230fef15
d5fa2cf8
02010bee
0106e4f6
1cfa18e9
fff4edf4
e4ec0a07
de0d0cfa
f604ed0a
e2e9f0fb
0715ffed
03fe09f7
f1220900
141df911
06f014f1
e508f904
0c060420
e309130d
e4ef1501
fe0704f7
0c28fb08
14e6fefd
00f4f3e1
db1908f5
0ef40cf8
fd07fcdb
0b090418
e40df9ef
f417d61a
f7dbe712
0402e705
fc1605f5
efebef11
d0ea0c10
04e9efe4
1802fa05
fa11f9e7
f8e2fcfa
fae1080a
002b02f0
001af4fd
08e1db0f
f50a01ed
100813ff
fdfef20b
f404f502
14fbedf2
db36fb10
f9ec0a10
f603fafb
d6f7fefc
f2fafa14
e917f100
12e8fdf2
e4f7f102
e3fd09f3
290003fb
efece5e4
050c040f
ea1006f9
ef13e10e
f3bcff05
fbf8f400
fd090f12
e1edeaf7
efda06ee
0cf2eefc
0beb0f1a
0c0ae30d
f9e6e2f1
02fa06f1
030ffc06
08fc0ff3
05edbe02
e012f5eb
11101ef4
021af708
fe160710
06e9eced
ff340205
faf3130a
f00604f3
e302fbf8
f703fafb
f222faf5
fef6ec07
efe6dcfa
fdf904e5
080bf610
0cffe3d7
fb250702
f807f8f5
f60bf706
e7aefdee
fdfff515
07f90310
e9faecfb
11e90a02
fed9040c
f2fa001b
0b0504f7
e0edd5ed
f7f01406
fe04f404
fc00ffe1
060bd5fc
f40800fe
fc0b1804
e707f908
0001190c
00eeeae9
004e0b06
0c08fb07
f103ebfe
d9f20e02
11151e02
022203df
f2fc01fb
07e1e8f5
05100900
0c16ebf2
06f2e1c4
0815f904
eafff71d
0feb060d
d3cde6f1
05fcfe1d
06f5e916
eff5f9ef
1c020c04
01f902e9
fb18131d
fcfd0bcd
12dde002
f7ec0c00
1304f7f8
13f902eb
fffdf404
f0fd060d
f50721f4
050ff4fd
f10226fc
f6f7ffdd
012c03fd
1208050e
03f8f6fe
d5f3f606
03211006
f40509e4
090605e4
f5f7fc03
0d0e040f
041bfaf8
06f3f5df
001b0400
e1fafb1a
fbf4030b
f6aef402
f704fa29
fdede307
cbfa0ce5
0d070201
ddf7e7e7
03f603f5
fffc01d9
01e1bee8
fd04120e
1b100a02
0f1100ff
1701e51a
f00ff2f4
04fe06f1
f814fb00
f4050beb
f6f3f4ed
0528fb0d
fb06fd0c
e9e409fc
fed9f70e
0808010b
f6ef01c9
f509f9d5
eafdf403
0d031010
0f01fff0
08f2f2cb
e928fc00
c3f2050c
fde8fcf6
fab5090e
e3f8f92a
f9feef11
c804fedf
0607effb
faf3e4e3
ffe2f7fe
10ff1a1b
f9d6c1ea
f10009fd
3813fff6
f90c0a0a
18ffd70b
fe0cf110
ff02feeb
f9fc18f3
fafb24ff
fef207fa
0a3117f4
09060d07
e30d0201
1903fd02
101af022
0dcff0b0
fb0bf8e3
e6e1f602
07f90c14
19fcf4ff
fdfdebc8
f8170cf8
ddec13f9
030a080f
11c119fa
f3041009
ea0bff04
c703fdf5
fffafa03
faedf100
0ef7e015
09f70a15
08e9cef4
190a17fc
32f90915
ef051003
12f7ce12
060aeb02
ec050ff7
f2010bd9
fded22fe
08f107ee
123106ee
e522fcfd
e91b08fd
37130908
031ae925
2bdc00b6
fd05ecfd
f8c5e303
02f8fa16
0eeff9f7
030ceddb
ed1910f5
faf5fef5
0c0e0306
1ade0df6
fe0112f9
e111fbf5
b409f0f6
05f8feed
0e06e705
02fde200
f1f4fd09
0af8ee01
1b100eef
07f4181c
e60b0a0e
02fbdf09
0e0cf8ff
ed06f7ee
eef411d9
05f223e8
08edf9de
07211b00
d909f2fb
e91117fc
1f07090f
160bef03
25d605bb
0ff8e1f9
07c5db06
01090d0c
17faf814
f113ffd9
f20b03f3
05fc0afc
021b0bf5
01e5f300
fbec17ff
e30ee9f4
c40adbf9
16f0f0ee
0206f305
f21309f0
e315fef2
09f60f0e
1e0507ea
deec1c1a
f10f0d10
e204d5fa
0c06f3f1
ea1400f8
e7f405d8
f9fb18f6
02f907f2
10140206
e508ef00
eefb01f2
09eb0ff6
161312ce
11040fcd
09f7f2ef
0fdafc01
16140808
08f9fa0e
0a1610fa
ef090ef5
11ff0102
070600f8
fbeff2fe
f9ea01ed
f2f606f1
d70bf600
11def7f5
080bfb02
f82119dd
f80100f8
fffe1903
0116fdf7
e5f30b00
01080212
e5f9ef02
f3fe07d6
061302fc
d70d06f9
fc16091c
04fe0dfc
ff0c0106
ec130910
09fc12f8
00ee01ee
fc0d07ef
e5080de6
1017f8e8
09ee0df6
110bf811
0003080e
06050d14
fa010201
16f210f6
0afd0df2
ffeff710
fbeeffee
f70308df
f1fce8f8
05e8e7e8
0111fb09
0cfc17f6
18fcedfb
eeff00fd
f81813f6
e9f2fffe
070b0317
e0f8f504
e308ecf8
12210e05
f30eeffa
e8260519
f9fd0008
0105f2ff
f307f505
11f610dd
04e8fde4
de0303f8
d4170afb
0a00f3f8
eefe0a07
04f7eefd
09051415
0afeef11
07000af8
0700faf8
0bf511f6
f6f9fffb
0a02fcf3
06ed06e0
e3dce00d
ebe4e4cb
09ffe503
070f1515
180ff5f8
ed07ff09
f20e1dfa
edf9eee0
f9040a03
ebf80300
f309ed23
022226fd
0b14f3fa
f91d0d18
ed010b09
16f7f3fb
fdf0f7f8
fcf90ae3
01e4eff6
d601fdfc
ef0a0dfc
fb03fc27
fffffaff
0009e8fb
0d0afbff
000cf901
030313f8
080bf0ed
0afe0f0b
07fb0df7
01fd03ef
f705ece9
ddc0f111
f1f8e5c3
13f4f010
fb01fc1b
f408fd03
e706ed14
08e612fe
f1fcece0
fe13fedb
14fe0e09
07f3f10e
06050df8
1c09e504
fd11070b
f91112f1
142800fe
0dffee02
0002f7f2
ffe505fd
c90df8f5
f807020b
f7000220
f206f204
0015fbf2
110601f7
f50812f9
15f5f6fa
030de3e8
0be9ff1e
fefa04fc
09fc04e5
f4f0d6fe
02c4fb06
00fbf5de
08e8effe
0d18f316
eb020305
f5f8fd18
f6ea09f9
f40af1d1
070107df
1e0cfbfa
f604020e
f5fe00f3
1e03d306
f3280a07
060d00f0
081c0500
1f11f807
fb000600
10fb13ef
d5ef0fef
ec03fb11
eb0f0015
f610fffe
07240afb
fdf9f3ec
07061412
0cfe0cf3
fd030ed5
12daf61c
1a0bdcff
0f0bffe9
ffefde17
03e7100a
0108f307
e6d4faf8
0a18fa13
f6f8fefe
eff3fe12
f1ea0bf1
ec03f5e7
100315e7
22fcfa02
f9140507
f2fc01f0
06fff00c
0915fa08
17f3fedf
f900030b
04050802
09161018
02001e04
f2f10c01
ecf00208
dffb0104
0e1909f1
0f2e0bf4
08eeeffa
03fe070b
fbee1c06
ed0327da
f7f2e40e
18f9e303
fcfde7f5
f1f0df05
f9eb0efe
05000909
d9dffff1
030011f4
03fb0cf4
fcf4fdf5
eeebfef6
ee0803f2
020c0cf1
050601fc
f303f2eb
f10bf9f4
0b0cf309
011b050c
03f3efd8
fefc11fb
14f71706
fe030d11
0ef001fb
ebed0203
00020304
eef30801
0f0b070a
ff2ef8fb
10eff812
00e301f4
fdf70eff
00fd1ee7
f203ddf8
1302e605
f4fef5f2
f9efe50c
02e0fef7
f0fb14ff
f0e60b0a
0bf716eb
f2eeeee5
f702eef3
0cf703f4
f7f5fffd
ff090207
061af4e2
00f4f6fc
d11c0e04
102c0f05
0b3402fd
0d0e04f0
03e80b00
27082004
120e0b0e
13080cf7
fbf1faef
f911050d
edf1ebf9
1008ffea
2313030f
00f1edf2
0eee0efd
e2151e08
fbeb0c04
f404f5f5
fcfafcf1
0ff8f0ef
fcedc8fa
00e6eeff
06f522f6
f5e90b08
f0f3fada
f9ebf2e1
f5fc02e0
f1e919f8
fe0819fc
0b0e1703
03071615
f0d904fb
d6f01213
160ff7fb
0e23f60a
f7ff00e5
f6001aed
2bfa0107
040aec20
fb12f502
e40717fa
0ffb0d0d
e708f3f8
f30a0c03
04070afd
08ec0fec
10eb0df4
f109fa13
e0cc0ff1
fb0c05fe
eafd0df4
1ef5dcec
09fddd15
07f6e506
230f19ef
fdee03f8
e6fe05f5
f50308e3
f3f400e8
f6e52802
fc051912
1e131b00
01e5010a
f6d9f215
fcfb1106
fa01fff1
0f1f0005
f3f7e1ea
d3f80200
1609f1f4
fe0bf822
051aef09
f40f13f2
07e50a0a
e506d7fa
fbdaeefd
fe110403
01020bef
f7fe05ff
e7e8ee13
e2e119ff
f9fcefe5
fdf808f8
0f05fee1
1c06fcfa
feeefbfc
1c1613ee
02f6fe06
0502fbf6
f2ff12fc
fdfc0be3
f6020c13
001b0900
001c14fe
edf9040a
eed5f306
fcfe0f07
06fff802
232502ef
fc09f0e6
d9effa06
220efa11
1e020210
ee02e706
f6f501da
fffd0404
f5fbdbec
ebec03fc
0ffd02f4
08f90201
f8f7fcec
defdf322
f7e9ffe9
fd01d002
06fe03f0
f817f8e7
14fefc0a
e806f3f4
141015f1
fce8fc1c
f70202f0
f0e70509
e412f5f0
ff060207
07110df1
0f1e0405
f419f40f
03dceb01
1b202e25
2e0b11e8
13040ce8
0a060b00
09e11ae9
d2e90901
00f90416
08ff0fe6
08f7ece8
1701f3e1
fa16f0da
fae8fdce
14eeff0a
fcf4e8f6
e9011c0c
fc072004
f7ec01fa
f60ee023
f61915dc
fd0a04fe
08ed060d
08f0fbe6
15e7fe08
0af1fd33
eef9fde9
edd1f01a
e4050df5
1c2b52f8
2ee8040b
f501de16
090fd120
fdf2e8e4
05ef0502
00eefae6
fd21e2f7
270de402
0ae7fb0b
ee27dd07
e4e7ea10
f1fb07e5
0df51df7
22171918
f8030adf
f20508f3
0eedf602
ed00fd1f
09da0d32
f112f002
fefa05f7
12fcfdfd
07f611f9
0410f4f3
fef70f05
0606f7e8
22f7d606
27f5edf6
f426f8e4
fc0bf320
ff07041e
f91b17f2
f601eb02
0de70b35
2de6fe00
f4fcfb01
fdf6f9fe
0ef019fe
1ddefeea
e50e30e3
efe711eb
12e9f40a
f118150e
03d70200
2605db0e
f2ebeff3
0eec2102
11fc2a16
1af31803
24f110e7
e4ee04fe
1df9f503
f50315fa
ef1adc19
03f52308
e2081232
2214edf4
0c07fc23
edec0b1c
fd150410
f7e70c0a
1ce60be6
f4fadef2
1d22f811
1c0c1017
1c25e709
0110da1a
15e6fd03
0deaf908
07000806
fffff4ff
020304fd
f1fc040b
09fc070c
04f20ef7
03f80310
f6fdfd04
f6fa07ff
13f910fa
01070401
0bfd0df5
fc01ff04
0205020b
f603f70c
fe0b0002
0bf611ff
0afb0af1
f00afc06
0f000005
07020100
0f06fff8
f902ff0b
fd0501fe
0f0302f9
f5f7fb0b
0106f6f8
0af20004
12fdf700
00fcf4f9
fdf7f4fe
f7faf200
eceef501
0807eef4
171412f8
01faf809
0b1415ee
de14090f
f0041515
f6f41ef8
f713fc0d
04031f0a
16fa17f4
f9140211
fe04f4eb
05100904
0fe7f2ff
f9071512
1dfdf50c
08f7eff4
fafdf500
031014f3
00001015
2f00fe15
051a17f0
e3fb04fa
02f3e4fb
20f72601
030307fc
e41e05f8
08f800f8
03f72f02
fc0efff8
0208fdfe
04f3f4ff
ff02fdff
0ff9fa03
f8fce404
f907fcfd
07fcf502
fdff1509
f60506f6
e8ef0503
00ff080f
00090b0a
fc05fc01
fb14fb01
f8f9f9f7
12fdf30e
010606f6
06f206f4
fd14fcf8
fefa02fd
0bf50819
0ef9f219
060904f6
09fd0207
0a0bf502
ee0502f2
07fb1005
f2fefd03
ee08f304
03f40203
fb040ff5
fdfb02fb
e50c1b0f
d8fc11fa
0513f5ff
0200f608
e9001207
d9180a0e
fe110ef7
fbfe03f9
dafb0cf0
eb04f32d
0ff1f717
04f30de4
0221faf1
10f3fae0
f104f7dd
04181409
1603f8ec
faf1f420
f918f50a
0501e8ed
ebff0607
3f21dc1d
e4ec31f6
fbf7fbef
06ffeafb
191603f4
f6e212f8
f4071004
dd0e1411
1111fc14
e1f10901
f50410f7
eb1e0c04
e10e0600
f011fd03
fbed0205
eb0101fd
f40f0405
15140bfe
fefd12f0
f80d05ea
fc20fd1f
14f6e410
faf9f3f1
0327eafb
fe0209ff
0c0beedd
100bfa03
ebf8fde0
dd13cd2d
dceaf432
1a08e007
fffffc09
faf1e80c
eff81afe
00f3e6e9
0df3f108
1a22fd07
e3fff2ef
07fa250a
0a111705
0306faf1
fcd3d90a
0614fdf0
f80a1514
e50ffcf4
f701fcfa
ff02f0e8
d824f412
ee070102
f90df7f9
f207f0fb
f3fdfd08
e912fb13
02d4e726
0cfdecf0
f8030d03
1efef91b
ff1ce4de
0411f807
d304e90b
d1fcde10
e0c7e605
08fa0008
0207ef10
e5f616f3
f0df1bec
0407eff7
f7e0f509
180e0e20
fa03f4ec
f902fcf8
1323ed07
ed0302e9
0a09e6fa
f6170fdc
ee140d03
f70b0dfe
fff509e7
0003eae2
ee23f907
e205fef9
eb02f0f7
ee0bec01
f707fefb
fa02f21b
f2ecf622
fcd1ec00
fa10ff01
25faf817
da09e8cd
02120903
da01e601
d2fdee07
f2b8dbf8
f900111b
f905ff10
eef50afc
e9eb1b12
07f8f2fe
fde10817
0e0c1d08
f6fbe7f2
fbfa02fb
1d1cfff9
03220ede
050c1206
f50b03ef
040c1003
e7060004
01030cfe
fbf0f1f4
df300df7
030afbfe
f0f4f3f0
edf306fa
170c0501
ebe90704
faea00ed
fbee07fc
1213fbf4
240ef1f8
de00f4ba
fb19fafe
d613040d
e305ed0a
d8c4e0f5
0bfc012b
12f0e208
f6f50602
e8f71914
0aeaebfe
fce30c15
06ec12d9
f6e7e3ec
f6ef0ff3
1516fe07
1108fad1
071a0617
e917fefd
11020cff
fc03eb01
f2fb0bf8
eaf4eee6
da2912ff
24fc0b04
03f41106
f0f1ef04
0f240b09
f7e4100c
06fb1ae7
fdedf4fd
010a19f9
0d0f09ec
f5faf1c6
0109fef7
d50a0813
e1f80205
edabf3ec
f7ec161f
1104dff5
e30402f9
fc030107
f3e9f1f1
09d5040c
05ef03d8
f8eac0e8
0201050b
230cfd02
2309f9fc
fa00f316
f70800fd
0404fdfa
fe18f80b
f7f808e5
fbfcf6eb
e8180bf9
1e060d02
f90d1315
17f7d703
1117030e
03d004fb
fb0a15db
f2eafa03
ff0a1a17
08fefcf4
05f8edcb
02fdf5ff
cdfc2608
f9fa0506
0aa80aff
01ea1214
ff02e706
dd110fef
05fefe19
fbdcf5e8
fbd6f604
0df21607
ede0b4e3
040a0cff
3a000111
fb14fffe
0d0ef014
f506f40b
fbf8fcef
f30616fe
0def03d1
f8f9fbe5
e31e07f0
0505060b
e7090c00
230ff1ff
1813e817
01caf9eb
01f1fb01
f0d2f813
01fb0a16
0cf2f9f9
e70ee3ee
0004feff
edf312ed
e1081508
099a0dfd
f9dc10f3
e709e205
d60504f5
f1090c02
0af5fffe
eed1f2f4
daf72612
f0f4c5ea
130903f4
22fa0312
ed110004
0c16e208
0df6ee0d
0505edef
ebf20cdc
07f508cf
09ee0cec
05100cfb
d804f5fa
e80b1afd
231a0b04
0d07f7f8
15e009f0
00f00afc
e9def304
f7fb0906
fdf40917
f914f5fa
ee08fef2
070df4f4
f5f30407
06a90602
06f116cf
f106edff
c70f1201
01fafd05
17eef30f
f9d0f8f7
d7141dfc
f6e7e3f7
120af9f9
defa0a10
f20cfe04
f60fe0f0
03060801
140a06ee
dbf508dc
08f11cd1
090b02ee
0e091af6
caeb0008
cf0f14ee
1f110cf9
0f16fae2
13fc09c3
fef3f2dd
f5caf10b
101110fe
00f5f900
0b0a0104
efff09fe
0f03fee2
f5210ff1
19c0ef00
0cef0ad8
edf5eefd
bf150101
090108fc
19eef20a
02ca0bea
d10d16f1
ebe6e900
130303f2
c0cc2614
e7101202
d70fc300
f8f9fbe9
f01a06ee
cf12f8ee
f0010d02
100d0801
05f80706
d50ef700
e1fbfef1
fa0007f7
ff0b1cda
0b2410d8
02f7f7d9
180afefc
10041903
0202fa05
0e051009
eb050901
20010d07
0e1108f9
0ec8ff05
04eaf6e4
01ef09f4
d90aec13
1decf7fa
110bf20b
fed810e8
fa0c00e7
f6f7f5fd
050cffef
cfee120b
0b0d0605
e2fbd909
ebf7fede
03130b04
ef15f1f9
f91b1012
00ff05fd
0606f502
e7f80100
13f905ee
f7f6f8eb
ce0b0be7
dd0701fd
030805c6
0b010f03
0d05fbfe
ff110508
03fc02fe
030c0ff8
0cf800f5
0ffa0f03
09e5040e
0aef0402
00f80ae3
ebf7f703
06e9f5ca
0b03f611
0aed0807
1402ecf0
f700f300
ef0f13f8
f0f8060b
0501f5f4
f009d905
0806ef05
fc260ffe
1603fff5
0618100f
020b1103
f407f308
e607f501
0be500dd
08f403ef
c300fd02
befdfdfe
080506e5
fff406f7
0df6f902
10080b0b
0c0aff0a
13fe03f8
0e09f0e7
05fc170c
0ef1f4fe
0af914e5
00ffe2d9
e5dfec12
faebf1cf
07faf30e
01fcfb13
ff09eef4
f1f40305
edf218f3
f0f1f9e9
10fe03de
1408f408
01f9ed16
f0101900
17fa020d
0f1f1004
080e0c0d
03070200
0a05000c
0afcf0e2
04e704f2
caf603ec
ea01fb06
08fe0511
0110ff07
0cf908f3
04080af8
050306fa
18090af6
0017eaf4
0aff0c14
0608fef0
f70f09f0
e8f4d8e9
e2e70601
f008f0db
fcf5f101
0803f809
fdfef5fb
f0fc0005
fbf40df1
fb08ebea
ff0b03e8
18080a00
f6f5f10d
030005f1
21fce90f
0616100b
02110600
090c07f9
0d0afd1e
09f70203
02f80ef8
d80a07fe
fa0af703
ffff0423
eb03f809
070402fe
150308ff
061504f9
14f60dfb
0a14f4ed
06ebeb22
01010cf2
fd0e07f3
f5f8bf20
f8d605f3
e40efb04
e8e9f501
10020410
00f8ef0a
f3000117
07f206ed
ec01ebf0
0a07fde0
1f0f0603
0209060c
f9fe03e1
0e02f114
090e03fb
100b00e6
fcf20300
0c13050d
04f915ff
06e91402
eef1fbe6
f1f9f6fc
ed0dfd10
ee16fa00
090705fd
fdfee6f2
06151d05
ff0a1104
08fe09d8
f9f6db19
1808fcea
09faf904
ecf3c426
fa0d110e
010eeb17
daeff5fd
fe020ffa
fae7fbf5
06f30a10
f7fc0cf8
f8fff602
f8010af3
15fafe06
fe190500
f3fe06e5
0df1f807
0c1cf6e0
fceffde6
05001703
f60c1212
02050f06
00ea12ff
f6ed14f8
eefaff0e
ec02fbfc
fe0f11fd
101bf9f8
ff02e601
010702e6
fd002609
00f715db
e1f9da10
0a03f9f2
02feedf8
e900dc16
0b051502
f00efa16
d7e805f6
07f1f7e9
fcf50106
01fd0504
e900fcf2
e811f5fc
e9000edf
f4060500
f51c10ed
ea0efef6
0806f606
0d1af8f5
fef3f8db
09f9190a
0309090c
0a01020e
fff8f908
fdf92104
f7091303
f4e8fc06
111305ff
ff10f903
080af115
0cf507f5
d3f50101
04e906e9
edefe7fe
ee06fe01
0706f7ee
07f5d707
06e910e1
f3010300
e9f20b09
070700f9
e8f6f108
f9ee0af9
0608fcea
fa09f4f9
f4060bf7
00f709f8
f3fd0cfe
e4fe0913
13040701
1a22edf7
0b13fef0
04e309fc
13011201
16fffc04
09fdf303
07f20df9
e30d071d
f2e8f400
fa0a09f2
0d140110
0a00fa02
fefc0a0f
dcf915fa
e3d7f70a
f108fcfb
f20b09fa
0beeeafa
04ecca15
15f8fdf2
f61113f4
ecf60502
eefdf4fd
f2f001ea
f4f1f3ec
00001607
f8fc0f04
170112fe
f6f01b06
e1f00109
da032035
1bf6f1f8
1710fbf8
0204f7d6
e9f1f7e7
2004f6fa
fff3f50c
faf9f5fc
fd0c13e3
e305fc08
e5fed9fb
f80e0703
ff0cf40f
14f201f8
e5fe091b
f9060c10
ead9e113
e60704f3
e40e0ed7
05f9e30b
fefae703
0702f00f
010f14f4
f5020cff
d70003fb
04ed07db
03f4fdcf
0b162114
02ff0811
170c1402
fbe30815
fff1f203
e02c1d27
f9f8f9f1
071410eb
e1f9e2d3
e4fceee9
e806fff3
06010ffe
0201dcf0
ff1203d5
edcfea07
ed03c608
fbe9f5ee
0914e5fd
22d6f8ef
db0411fb
eaf71719
c7e3ef09
d117edfb
df1809e7
090beaf2
fe0418e3
fef90003
e7111af0
d3f10207
f81811fd
f3e51c00
ebf10bc1
0b0a1f00
0cfc1018
f02a0007
ed01fd1c
f8fcecf5
f62f1014
00fefdec
1c0e0f07
c003eddd
f4ca1102
de0b0309
19f21900
0300ce01
f1f0eedb
f207fa01
e3fbdbe1
eed8fa05
03f7feed
2bd6f01e
fe0cffe4
eb16140a
0ce300f4
dcfaf110
f30108e3
0f0ef300
000c02f5
d6fbf9fe
d70717f7
e5edee12
f6fd10e6
f6da0827
e211decf
130c1202
1cfafef8
0f32f108
fb15e51e
0ef2ce0d
0c263105
1ffd19dc
090021f6
f9ff19fc
fbe9f6ca
def20f11
fe03fe0b
08020dfb
0f03e3e3
14d4dfca
13f605d7
06eafce7
16fc030a
feeaf4de
e90c171d
f3081509
f0ed0afc
f605fa21
020001ea
f4011812
00f21112
fde70bf6
07ea05ed
01f2f82f
e502f8fb
f1d4ecf9
ebfa17f3
1c0c3cfd
2a061513
e305e7fa
fb2edf0e
03ffe3de
0ff1100d
06e905f3
0612ec05
1510fd12
fedb0601
120c0311
e3fcf505
eff719f8
0df814f9
1b150c0a
08ed0ed7
f80710f3
15f8f500
ee0b030f
07f00029
f904f2f7
f20605ff
fffcf50e
04f20507
f408f805
f8f714e8
ff07edef
07fdf7ff
1ef7fd0a
1015f5e9
fd060506
fc0e1716
070f1803
fcf60404
03ec011e
0fff1108
f2fef5de
0a212f04
291c0cdb
00201010
ff12f7f7
00f816fe
f911200a
d8021e02
ffebfcef
1ffafe00
0001f0f6
f6ff03e9
18140ef0
0e01f116
1cf0f3ff
031e0f27
f4f906e3
fff70413
0e10e911
04050502
e40df338
fa070ada
02190500
0ee2fe11
060f0af6
0cf70e0e
03eb03e3
fdf8fbe8
1a1a25f0
23f9e01c
e904d016
2100fe32
0723f50b
07fef6f7
fdf0fffa
fa02f4ff
06feee04
0907050a
0502fffe
04010504
f2fef50a
00fc07fd
0605f801
f30d0e00
03fa0403
f5f40009
f302f9f9
0a000901
fdf1f406
040c0811
06fd0106
01fa0208
08fff6ff
04ff1607
f9fdf8f9
0905f404
0a0c09fa
05f8fb07
fdfceffd
0cf80c10
050b0000
070af901
fdf60201
01f80c01
0203f1fc
2bdae8d2
0de2f428
1bfde31c
fb272bdc
f0fa1013
13e1f0ee
1ce92e0a
18e7051b
06de0d2a
f9e5f116
08f029e5
0b231b22
0ad62ddb
fb16ec0b
e4eb1d20
0ef2cd10
0425ffe8
0c1010fb
dad121e7
e31a0313
21f7eb04
10ebf12a
f1172d09
26ef1f10
1106fef6
1e1206e4
f1dfe81d
1223d8f6
33f8e201
28e6fa0c
080ce3cd
f4e6ec09
fc0cf7f1
0ddb110c
fd0a07ee
12e7fd15
00fbeeee
f5f8fef8
120bfdfa
15f5f5ec
1efff2f3
fc05f80a
07fbf300
02faf8ec
ffffe8ee
f70a02f9
18e8e117
04eff40a
df0812eb
0ae2f5ff
fd27fa10
12f3f9f1
0bf20118
1812eefa
f41b04f8
2bf108f2
1725f210
00f5110a
0aea0704
dff4fdf7
f8f01905
fcf711f2
1bf911f4
ebe30e0c
da0d03f9
ddf11ae6
0119000e
1d03fc07
f3f8fa07
e62f04f6
0c250b05
0209def5
ee0e1ae5
e1f1fb2b
0e04f722
04e40bed
0933f9f6
0dceedd4
fcfce1dc
0e1d0108
eefcfcfb
0ad5f718
f41af91a
17f7e4e2
d5fbe918
3c14ee24
f9050efb
ebfdf9f4
19e2f4f7
032020fc
fcf62501
ef151608
ea0924f7
25230617
f4fd230f
f1fc0f0d
f32b12fa
f40b07fa
eb0bf603
05fafd1e
d9f4fd08
0812fd04
290f0706
f1081dee
fd0f08fd
da11f624
fdf5f5fe
16f9e3e3
1819eaef
fffcf401
111edbed
0f140807
eafff8e0
d810c219
eb01ff22
0a05d80a
03fb0c09
02f8f508
e00a0fe9
ef04e8e7
fef2e9fb
061cfa06
f8f21400
fe021ff8
0f100c1c
fb0af70c
fae2d70c
f514fbe8
ef130efa
f2e9fdfe
fa0bebdd
102401ed
d506f916
0702faf9
fc0ff90a
eb09ee0e
f20e1a01
e3f3f820
f1de0a0d
0810f4ec
ff0c040c
1cff0b0e
db14f9d4
0b12f5fa
cf0efaf9
e7fbe50a
e4eee1ff
08040006
0012fafd
eb160e10
dff20dff
ff10e9e9
f4ed0400
161a0920
02f71504
fff1f8f4
1027fa01
010afbd3
0eebfe03
f8060cd9
010a06eb
07f205fd
ea040df6
0d17fbed
ea090408
f20fff01
fc08eb04
f211da06
08fb0608
f9e5f721
efef06f7
f8daf5fd
0a06f7eb
1ffdfdf8
e205e5e1
0711f30a
cc15f3f3
ee13e912
f5ccf8f7
0200f30f
15030101
fa08fd1d
f3fc111b
1ffbeff5
09dc01fc
01f6f11d
08fe1afd
09f0f5ec
031df9fd
1116f1dc
09001500
fe07f00a
010d07fe
fe15fc05
ea0bfdfe
07f2f8f3
f20ef604
f9f90102
f2ff04ff
02f4fc00
0efafbfa
f9dff126
edeb07e8
fbe509ed
0707f900
110cebe4
0a0d04e6
f710fa01
c6180909
e4fae70f
f8d20aee
0af50014
0afff106
0801091a
f6050618
0ef1edfb
12ce0cfc
f3e3ef05
0ee00bfa
fcfb0fef
0c0d07fc
1c03ece2
04070109
fe0cff16
ff17feef
031bed04
e805f802
f2f8efec
f801fbff
10fdfd00
fa040810
06f3ef04
140400f3
02d90b27
f6ee0be2
fc03f9fe
0efb12fc
0f0704ed
fb02feec
fc0de904
d60d08fa
d7fff807
f4c507d7
0b020b13
fefee6f9
f9f700f3
ed1ffd0f
f2f1eaf5
08d4fc02
15e2f104
0b09d6f2
f5f404f6
29fdfdf3
0709ebf3
0803f304
f807070b
001d0cef
010df810
ed00ede3
f9f5ead9
00f717ff
000b00fe
fc170d13
1f05e0ff
1510fa09
09da0317
fcfe05f6
f2ebfafe
06fc0808
030400fc
0700f3f9
fbf6ebf7
e3061efd
f9fe04fe
06cc1cf9
08f40803
f50ae209
010210f2
f8140b08
fff1e4ed
fbcbfbfe
08f304fb
01f9c7f7
01f41001
34eefa0f
f514f600
0902ff18
f0f9fe13
eb0bfae4
02040306
fedff4c3
edfbfce1
eef91001
e0070604
f70a2506
2610ecfc
1b16f603
0ccbfa18
0f070908
f7d4fa02
f1edfffb
0de5ed00
e911f7f4
fbfefc00
060404ea
f0f50400
0dbe1ff6
fcf212e8
e50bd207
f40415f0
fa05100b
02f2fb02
f0c408ee
ce080304
f8fed9ea
03110703
13f90d13
ef15f602
001d010c
0403fe16
f901f9e3
ecf90bf7
fcde09dc
01f7fcec
f5e711ff
d9fafd00
010e1bfa
1d2200f9
2112f2e6
1ed8060f
080507fa
e6d5faf8
04ff09f6
f3e30114
0109f911
fc060f01
10fffbf0
e8fb08ff
0db9fd05
eee907c4
effff219
e9111202
f3140319
0febe719
febefae4
d3fd0cfc
e6ead4e3
12fa04f9
c6ef0d07
ef0b03ff
e517f8f9
fa0e05fc
0c07fbff
e6e809fa
01df10f3
fe1405f0
ffe213f6
c8de0507
060efcfe
0cfcfcf6
1709fcd7
15ef0dfa
08ec08db
ebe50b12
0c061fe8
0cfe050a
fef1f3fe
09fb0807
160806fb
fb060b05
02cd0a06
f7ecf9e2
05ec0c02
dd0cfb0b
f8090b26
23e9f118
0ac305e9
fa0f09f9
deedd8f5
fcfafe01
dce51916
0408f8fd
d91af0ff
030005ed
fe18f7fd
f8040dec
f8f4fc17
ff1811f6
11e2fb0a
df060708
ec05ed01
f8f2e8f5
fc0300ed
ff1a09f5
ff0210d0
02031bfb
1df31cfc
08faf415
06fbf413
100cedfd
1108f006
051213fc
fed8f6fd
02f6f8f9
0cfd14ec
ea10fd11
17f70609
18fdf713
09bafbfe
04f4f9f0
00f9f0ee
040efc02
e5ee0e08
0608f708
e70ae305
0f06e6da
0918fffb
0a1004f8
f60a071a
05110dee
f9f2ee08
e0f60601
09fef0eb
0900f9e2
d80b0df0
c30004f3
05050bda
fcfffff4
13f21002
13ff0604
07fa000a
1e090a07
10fcfb03
0afe0dfb
0bebfdfd
fe0307f9
fdf509da
f3f1ff0d
0903fcdb
06f1fc05
15e0f504
0aefecf5
00e805fc
0a101ff4
03f405ec
1504ecfb
fd1cf407
03fef90a
072a0b00
1f0debf8
010b0f0a
1c0c11ed
f40bf306
e0fa0908
11efffdd
08fc13e7
c8fc0af2
c701fded
0007fee9
0dfc09ec
09f806f6
0908fffd
05050c0c
0f051007
0afff305
0003190d
00fffefd
fc0c10fd
fa0de6d9
fff8fa08
02f8f3e2
effce8f1
0ce9ef06
f8f9f2f8
16f4f90c
00fb1df7
fbedf9e7
fa09fbeb
0a05f90c
06f6f520
041613fd
16f90900
ff0815eb
17070af7
ee0f030b
0c080cf9
1906e2eb
ff000ff3
e603fdf7
f3fee206
05051701
200307f0
06000c01
10ef02e9
090d09ff
09040a06
051412f9
01fe0817
021607ef
f4030901
e909e1e2
160706fe
f9fbe90a
defffefb
0df4ff05
f4dddff5
03fd0809
fe0e0ef6
f1fcf9f9
f909f5e6
0e0d0803
f313f814
fd0709fc
08001607
04fd15f2
fffe07f6
f6fc0308
18010712
1606f9f7
fcf90204
03010bfb
e20fe902
fd061504
11170003
0c0c0104
11e5f3f1
0e16faf9
03fb070a
070a00f9
f507f004
fbef14e2
f2050cf9
faf3dc0b
04040103
f50cf80b
cbfefefe
f1f204f8
efe5e804
fdf0031c
0b01f0ff
f11300fe
ff1514d4
0c0011fd
fd1808f7
0b1409df
07fe0c0d
0bfafae5
f7ff00e0
08ec00fa
1002020d
02010ef2
f7eefe0b
fff305f8
ea12ef06
f9fa0107
0d18050b
f406ef0b
0c0aec02
041514fd
f5fb1307
fa0efbdc
ea0ae00f
090806e3
18f8f809
fcfffb31
fe1a0503
eb0be014
d0f009f7
03fceffc
f1fbffee
ff030013
fefe03fe
ee050809
f90418d5
0aebfdf8
0b1a1c0b
180f07eb
13edfcff
130af5ef
fee906e4
030209fd
0911ff15
09f00afd
00ed0b06
10eb1c06
da05f803
0205f8ec
06150700
0912010e
0b08ec04
ef13ff01
dc110d0a
02e909e8
e5fdf616
f9f602e6
ff06070d
0a03eb10
030d17fc
e918ee0d
c3fc0efb
fa0104fc
fce607f5
fdfcfefa
fd0515ef
ee11fe13
06fa18f0
f3e0fdf9
061f1213
e814010c
140303f9
1409f7da
10f10bda
040102f5
f206fc18
fb00f9f9
fcf9f8f7
0ef70a0a
e60bf501
fa0c01e2
f51302fd
f415fc09
fe05fe02
e0f4f8fc
d5fc09fb
fde0f6e7
fbfcfe09
eaf20cf9
fef7f50b
02f2d20e
0ff104e5
eb10f706
cbf706ef
0106e8ee
ffe20a13
ecef03d6
00080efa
e8fef110
030c11f6
e7f4060a
ec051c0f
f6080017
fff301fb
101ffbec
0cf9faee
030203ff
f7fbfd07
fa03ec00
ee14f101
0b0a030f
d403f409
fcf9edf6
fd0af6fa
f204f1fd
06f90c00
d8fa0309
e1ff0305
e4ce000e
f50c07f8
fe07170a
0af3ef1c
e9eff603
08f1f7ea
e80b0bea
f7fc0bef
e6f9fef9
faf40816
f1ede8d8
0d091a09
03ef0203
0b0a13f4
f0e10d12
f2030003
fb091632
14e8fa00
1000f6da
030c00e4
ecfb00eb
e5fff605
05fdec0a
f9ffe602
011209fc
eae1f3fb
f8f8d8fb
0afff3f7
0301ea0a
14f1f3f7
d1f812e5
e900110e
e4dee825
d917feec
f40f14d9
f6f5f50c
e4f70203
fdf805f4
f80d05f3
f9fc10f5
c3fb02dd
f1e403f5
feedfccb
1706290c
16f4040d
ef01fef7
f3e2fb1a
0cfbf0f5
f32d1b1e
fde7e3dc
09f7fbf0
d421e4e1
15070ff6
bb05f007
0903fdf3
0201ca0a
f02215df
eecee909
f8f7d325
03ef10e9
0107e9fb
22d9e104
dc0416f4
fa141a00
ddf4f10d
e407f4fe
e10a1de8
fe0dedf1
f71713ee
fbf6fef9
ef0f10e9
e3fb07f9
ef0bfaeb
e4d2fcff
f80100db
101337fc
010ff109
ca0bf300
ef0c05fb
0407ddf1
040a04ed
fde2faef
0de0defa
b613ece7
f9061f11
e00c00fc
2d081c0e
f5eec316
e3fb1adf
fc13f406
f5ed01f1
05dd0b04
f7f41502
15c0071d
f10103e5
f00e20f1
ea020c04
e40403f8
f71024e9
0df3f8ed
faff32fd
f4f4faf0
e10b01f5
06f9fdfc
fc1809f2
e6e8fc18
e80fd4ea
100f0403
f009f9f1
d505e3f6
e11307f9
f90aef03
0d1210e3
19f107f7
f1f702fd
eaf1061a
fd09fef8
d401050a
1b051207
09efeffa
08ed01ef
06fef7f0
fae817e5
fc160101
01eb0f14
02eb0df3
e3fd0a00
ed1cfafd
e4fb15fa
fb130503
fc1b0ff9
fe010d07
12ef3009
0cfafbef
0dee0ded
1cf1f71a
ff10f910
f1eff5f7
f9fe11f8
08091708
f5ef0e15
e2e6f4fb
d32e03eb
f4f9f106
0a130908
040802ef
07090200
f403fb01
fde60aff
03f80407
e90c0f05
f6fcf805
fd02fbfb
0a09f6f5
ff0604ee
0bfc13f1
0d010602
fcf2f8f9
08fa0f1b
f9f8fff9
fc080705
f502f4ff
08ff100a
eb05fbf4
020205f9
fb08f503
0002f003
13fe010d
0e09fefa
f0f806fe
f8f60d00
140313f4
fd070a03
effcfa12
07020109
f805f1f2
031a16f4
1e0500f7
fd0d0309
1607f60d
fd051004
f50c190e
eb0b0b0e
04f8f8f0
0efd03f8
0709f3ef
f209ffe5
0cfc09ed
18fffb15
f8f7f400
131d0910
f2f6fdfc
00f20a14
1304ec01
0603050e
f70aea18
071117e7
0c1c04f6
11e8f421
060d0df3
07fc040c
fbe9f6eb
fbfbfcfa
141915ea
0af6f111
fbfcf406
18f60218
0119f50a
0507fdf7
08fd00ff
fdf9faff
0808fe03
0306f7fc
fbfefffd
f9fcf7fe
00010006
f8f807ff
f701f907
fdfefdfa
09fbfd07
f80602f8
02fa0405
f8fdfb05
f8fff9fd
fe0708fb
070403ff
f902fcf9
05f80004
02ff06fb
010005fd
01fe0307
f9fb0702
06fef8fa
f7f70109
0302f701
fdfa06fe
04020502
07ff0003
fb040803
03fff904
f2e5faf7
0febfb00
18fafcf2
fff208fa
f9ecdbf5
06e9f4ec
fe1c0a0a
f5fdee12
0a1ae3ff
0ae40ff3
040015ff
f9fc0a1b
03f81201
03e612f9
f8e703f9
15eee9fe
f80a0ef7
15f0ea12
f6041512
081100ff
010c040d
0aede81a
e904fa06
26f50503
0bf80911
1d06ff16
f903f50f
1803fb07
10050bfb
1f21f9f7
18f1eefb
0ee61717
011b06fc
13f60af5
e8131c00
f6edfee7
07ec05ea
fafff416
0206fee5
1a0aecf0
3016f103
e4ff0a00
fd12010a
00f5ef01
240bdff4
fa08ef03
1915e717
0e14f70b
fdfa0bf1
f51ef5fe
0713fd1a
0904f90e
ea0afdff
f7fc0ef8
f908ecff
00fdfa09
120001fa
0be70e07
08f607f5
0bf70af6
0ef90c08
f3210301
30fdf515
0c00fcfb
f019f105
fdf427ea
0110fffb
071214dd
f4eae5ea
ea2a1609
12250600
fc0de4f5
12090df7
e6e7ec1f
00f1fe13
16e400e7
2221fe09
0cd8e2e3
fe1de1ef
2421080e
e5fef1f2
ffeced10
ee1efe0c
f0e5f60a
ea1ad90a
32100c27
09070d06
eff90904
09fafbea
f50617f4
f9f71af0
fb031509
01001612
2015fbfd
0cf5251f
f30a00f7
d61901fb
01f11203
e2f6fdfb
0df9f919
d1f4f7fe
f505f5f8
2a1c1f08
e8f30d02
11df11f4
e9f3be1e
fae9ed0e
20e8d5e2
0408edea
fbe8fced
1233e3d7
0603f618
c9fa0afe
fa05be07
eb0c0cf0
f6fddb05
f606f61b
13edeffe
d6ff03ed
ef0c16fb
fafbe9e9
090debda
0dec2a0f
10001605
0b171316
0f11f3fc
10d5e114
e80400ec
090b1afe
0bf008f1
e60cf6e8
0214fef5
dbebff06
05e8fe01
04100606
fae4f8f8
05e00e0c
eee9e61e
f0e5fd14
0af5defe
09fef9fa
0f0e0608
f91204df
0903f0fa
c0fa01f9
e5fae809
e70bf1f1
e30a0a11
090a0804
040c0010
e5fd0208
110bfe02
f9f600eb
0d03eee8
0ae91318
07eb00f2
100b090a
fc03ecd1
0dd6f914
0717fee3
ff0403f0
02ee0d00
e709f9e7
f90cfbf5
f3db15fa
f50a0501
02f6f405
08fde801
04d809f7
f3f3e31e
e4ed03ff
00e4efea
2404f200
1009f9f9
f806e2fe
130ae104
cb0eede3
f112e414
f1e9edfe
ef04f00d
000503ff
fe18041d
f90cf51a
12fffefa
0aef06eb
09f8ec22
fff110fb
f808fdec
0406f9f7
071adad2
10e7fafe
031eec0f
000c17fd
f601fafb
f414feef
050205eb
f7e702fe
e514070a
f1f2e90b
0c02fe03
f8effcea
07dff80f
f9ff000d
05e40fec
100ff506
1612f6ee
f615f9f0
0608f313
c6110206
0101f710
dfe202d4
f2f4ee1b
fa17f4f0
0300100a
f0060015
f914ecf6
0fd814e7
15fafd11
07fe12ff
ff1f11f2
1b06fc01
0e24ead9
08f2fa06
0307fd11
f9150f08
0304fff4
02e2f8e5
fb0703e0
11df07fa
f5020507
fe0fe20c
1cfcf602
feeaeded
0be80d21
0bebfbea
fadb02f5
09f608f7
121301f7
f803fcf4
0612e6f9
e50805f6
e7fdf90c
03f5fcc6
f002f909
fe11dff7
1ef00308
f5181b0d
e0f9f8f6
13d300f2
20e9fe1b
0d16fbf3
f40c10fb
2801eb0c
040eed03
f6fb0203
fe020300
e80c03e2
011203eb
f1c7f7d3
f706fde3
11e00500
d606faf9
0216f907
161ef0f5
0a01f0f7
11f7f913
07fe11f7
05c50cfb
00fe0efc
0e0cfde4
0d01fcfd
0708e9f4
e706fcf4
eff3fc0a
03f210e9
f4000feb
f805eefa
0c000204
030d1911
f3e9f4e9
09dbf9fc
00fdfb0c
0a0ef9f9
f5ed0dfe
19f9f40b
f60905f4
f4f9090a
02f70005
f20df5ec
f20a0509
0ad2f2d2
fef609e9
f2c61203
c9020404
fc0107f9
1e0ef8fd
0c09eb01
15e3fc17
fc0710fd
f6da1aed
fcfb07fc
fcfef7f9
ef00f20f
1202faf9
09fe09f7
eff9fbfc
08ee14f0
eeef01ee
fe0bf1ee
18fd160f
f7fa151d
fff5f0f8
ead505e9
f5f90102
f40cf4f2
06fe05f5
02f90213
fc0bf501
ee1ffd11
04fcf000
fc11f8ee
f910fe17
f6e7fef4
f40113ed
edc01dee
d4eb050a
fd05f9f9
1211fbf1
0c06e9f0
19e3fc10
0600f7f6
edf111f9
05faf7f8
01f6fb0a
f614041c
13f803fa
24fd01e3
ec07f902
fae8140d
f2f9f9dd
fb05fcf9
0e000218
ecf7091c
0cf3ee16
01cd00eb
f1f0110c
eb03e9e4
1608f9fe
d7f20e12
fe0ee108
f716ee01
0e04f5f0
f908e3fd
f807fe16
f5f2110e
f50715ff
fbc515ee
dbff0701
e908e60c
0608e7fa
0903edec
14f81009
0303fded
f40111ff
02ef0a04
faed0309
0afaf41d
15ef04fe
2403f1ff
ec0d0b03
f9f1080f
09fbf1f5
fef81409
09f9f812
fa0ffa18
09fafb21
02d509f7
fff20bf9
fcf4efe3
0911eeff
e3fd161e
0b0feb0b
fe1cf802
07f0e8da
050fe8ff
fc090b15
f0081021
030d1201
0cf4f4ea
edff050e
fb00e60c
fc09e3fb
03fefaf2
ed0d08fe
fbf711f9
05f81409
00f50df6
08fb060c
09ebf2fd
1cfadf00
0803e300
fd0b0cf8
00f4fe03
0aff07f6
fdfb0df3
0cf4090d
030e03fd
14f6090c
f8f8f906
fdfe0afa
00f9f1f5
06fcfc00
f8fd1812
0a15f4f9
f30f00f5
09eaf6d5
0509f901
0e12fd02
ff0ffa11
0c1c0edf
effff2fe
d3f50910
0017e9ed
fd1106f7
ed0612e7
cd10f10c
fc0917e9
030302fb
0ef51dff
09f9f2f3
00e21107
1a00f902
fc0cff03
1003f5fb
0a13fdfe
eeee00f2
fff602f5
1e0bff11
0a080007
0006faf7
01f8f2fe
edf4ecf4
10f20606
0d0505fd
eefd28f8
f905f4fd
f105050a
04e2000a
121e0600
061608ff
04f718fe
090cf9d7
f1effa04
f9ee0b19
240ad5ee
0d1705f2
f405f6fe
defcebf5
f70701fb
13fa00f8
0af719eb
0efdf5f0
05f70609
0a00fd00
1b070805
071c07ff
13060201
fcfc0700
f305e8dc
1607ef10
0ef30903
e0fbfc02
0ffefdfe
fde6f0fb
1403f80f
02f402f3
f9f317f5
0304fefe
090ff809
06d4e918
061a0afc
09030ff2
fa040cec
13fcfde6
f516000b
0cf61001
18f8c8f4
fd02ff01
031108f2
e90dde02
0108ff01
1900fefb
08060507
17e0fdf8
09ef0cfb
ff06e400
0e03000a
05050312
ec0af803
f50dfd03
fd0cedf4
0d14effd
fd08f80d
e0070608
0af8f80c
ffe2de01
0a08fa0e
05ff0e03
eaf3130a
ec1001e7
0d06fbff
0b07f61c
05170ae8
f20728e6
07f214ec
06feede9
fb100908
0deb0a12
1006dff5
00f4f708
12f7fa05
f025e402
fb0b06ff
18fcfefc
fa15f501
1cf70905
fc0afaff
0a00e705
10ffe9fa
f40ff108
fe03faed
f30e09f5
fffbf922
1114e4fe
fc0bf11d
d4fe0ef7
f805f60b
01e7e80a
02f60120
07fb04fe
d8051305
e81310e3
ffe50efd
091e0c0c
062613f0
eff51ef6
ffe602e1
edf8f7df
16f3f8ff
0400f6f4
08ffeef1
01eef410
0903020d
ef25f801
f216ffef
22fbfff7
f50cef02
0911fde6
fbff0608
e3f91000
00f7f1f4
e318ebfb
15fff7f7
0a000b08
ff050522
0801f2ef
0406f00c
c80314fc
00060cfc
f1e4e6e3
0707fb15
060a1901
deff0a0f
fc0812d8
f9e20d0b
09280a04
f51111f9
06ea01fe
0bf5f9dd
eef206dc
0b040103
060af3ff
0703f2fc
f2f8f502
01f6180b
ed0806fa
f803f8dd
0b070a03
060ff311
fe0af9f4
f20dfbf9
dc05fcf6
04d9fae8
ee0e060e
f7fb05fd
07fa0409
ee0c0207
101002ec
e10cec04
cf0312e3
08fdfb06
fae8f7ed
f804ecf6
09091f00
f501f809
f5fc0fe7
03d2ffff
f51b1401
ef0d000b
f108f8f4
0d0501d8
04fc08d9
0a08f9fa
f706f810
fd02e808
f80cf506
f9fc140a
e0f9f6fe
f403f5f6
11fc15f1
f615f819
f6eaefee
f00df2f2
d001ecf4
f0c9eff7
ed0bf90b
f1020d03
12ffed07
e804fd00
fbfc0cdd
f8f9f6f8
e01019e5
fd0df9e4
dbe20422
edfdfacf
0226170b
f00bfa08
f00b0eef
faea1311
f2070dea
ee18050d
01f5f6fb
100d02db
08fefee7
06fff9e8
f4fdf813
fa00e8f3
fb08d702
0e12fe1b
da0bf803
06f3d7f8
1d0af3fa
040cea0b
0e07ec00
dff802f8
d8f3fe08
fbd00506
f11f04f5
03fb17f7
0df0fe18
e503e5f5
fff804d9
f2ef03ed
fb0316ea
f10ff8e0
fce50c22
feebf8d3
0d1c08ff
09f8f406
fc1803e7
fddb0a14
fd0ff7d6
05220519
09e3f0ef
ffe8eee2
ea03e1ff
0c0b19f1
e9f1f2fa
04e9db0a
edf6e3f0
020d0709
f4edf715
f6e9c21b
20f8fff7
fbf5d90c
0cf1e0fb
d3e014f7
defaff11
e6e2051c
f61ff6fc
f10e1ced
f4fc0315
f6000efd
ff0307c6
fbfef8ec
11012cea
e20dfed2
ebe1f805
08f6fdd1
06201302
01faf61a
ebfe00ee
f8ebec08
0d0ce5ed
0d29f806
12d7f8ef
0de7f7eb
b517e6f0
1c1725f8
c9ffe4fb
04f8fb07
06e8d8f9
ed1319f0
ebdbe810
fdedd320
2fe924f4
fdfae20e
16d9d90d
e2ee1cf5
e7fef4ea
e4fe070c
ea03fcfe
04051e09
02fcea00
f10c11f9
1603fad0
ebf7f6f1
f50421e0
e90ffae3
d4e1e814
000102e2
132e1df2
ec0fec0e
c2fdf803
f509f6e7
09f9dbf3
200808f5
21df08f5
f2ecdff8
d701ece4
f5214706
db011305
1d09070c
f5ede40c
f3fe1be9
0afafb0d
f7e5fef7
02dc0fff
f3e31911
24dee913
e2f017f2
ea0112df
f6f51801
ecfc0405
0e162409
eafbf3f4
ef0a2509
00f9f6e7
e510e5fd
03ff0e09
fc220dfb
eadde40c
ecf4eaea
0d1a2701
d808f808
b2e0f4f0
f6120ff7
fa10e423
17f3fbf6
0ddffdf2
e4d40405
ddeaf804
ff2d20eb
c7e7fdf9
21081cfe
fb06e900
0cf100f6
0906d3eb
00ed1fdd
14ea0814
f3e71914
1beb0d08
dbf4e701
ec03f1f4
f3f70e03
ec1906f6
ff15170f
de051708
14ec2c16
eeebe9e2
f50002f6
0b041901
0d26fc1b
e0ee08fc
e2f405f3
130a1601
c6e2161a
e1ddf9eb
d33204e3
02fcf70a
0b0e030a
0c130f05
03180bf1
08040200
fde5020a
0102fe07
f6140900
f9fffd01
140600fe
03f8ebf5
08fd0bfc
08fe15ec
06110800
02f5feef
0704ff0a
fafeff04
0001040d
0112f300
0ffcfc19
e20f00f5
04f80ef6
f91405fc
0107ee10
0b0a0a0a
08020cf7
f3f7f1f4
f9e81501
170f13f7
03fd0711
0600ff08
0c12fffd
fbff01df
04fc0301
00fb01f7
00f603fd
05fcfa04
fd00fc0a
fa020208
04090a04
fc03fcf5
01f70405
ff0b0502
040bfdf9
01fa03f6
fafa04fe
010a0400
fa080102
f7fbf806
ff0a01fb
0900faf7
0a070606
f700f60a
fc01fffa
0700fe00
0103f9fb
000b0105
01f7080e
0001f5fd
00070905
04fa03f6
f900f60b
f5f6fff9
fd020800
fef9f6fe
f918f704
fdf303f8
f8f9f50c
1604fbf6
fffb0708
fb0203f8
010a150a
f8fafefe
fef70a0b
0917f80e
f6090604
17fc0ef0
fdf4ff15
faf2f5f9
f91709fc
fef7fa00
f0f8100c
0805f9f8
0305110d
0504ea0d
040707f9
0c1bf5fe
160402fe
080007f3
00fbfe09
fde6f508
0e020300
0610fd03
04040709
070cfff6
f8f80dfd
00fdf004
fdf70000
fdfe03f6
1207eff0
09100bfa
0304f610
f812fdfc
000cf801
01fc0a0a
f60402eb
f60a00ff
fc070204
10070602
0411fdff
f4fffdf2
fa0709f8
0207fff5
f300fafe
09ff0202
ffff01f9
f7f100f8
000508f7
15000c0f
18fd0afd
f908fc00
fc15f1f2
f103ff0a
07fc1b09
fe010603
ee11fb04
04f909fe
f3f80c06
03fc04ec
fb280d0d
191729f8
ea2c15f9
e2fc16d5
f2ef0cf8
03201d25
dfe2f2e1
14fd0be8
2000f0fc
e908fe0b
fd11f602
150815e7
26fef020
06fadfef
18301c0e
062a02e1
ffdce0f4
f519f203
07ed13ef
030ee70e
ea22e2db
d60d31f2
22ebf20e
f022ef18
e6020bdd
fce2f6f4
fde60fde
1f0617f4
03eee5fc
df19fb06
2afa0725
0928dff2
e314fff9
11132105
050807ff
10011df0
eceff2ff
f01e2006
f8030d07
10f1fe0b
08fd07f6
dfeaf209
f4010721
25fb0eee
2207f60b
faeef8e5
e7191bf7
020e0f0a
e2e9f4fe
1bfefffd
fdfe0105
efe20808
dd1be3f2
1308330b
1deff70a
ee0e130c
f20410dd
f2fcf8ed
fdf31e0a
03ed0f0b
0ff9fb05
0d18f9f9
1ffd201d
f41ef5ec
cf27fe07
03f10e03
faf605f9
08021c00
e5ea1d00
ee03e7eb
140b1e07
f6f81801
0ed611fc
e0dec616
11ffdc1d
14f1dde4
0e08dee4
fcf5ed10
ed1ff7d8
0109050a
caf5f5df
1ef7f0f7
ef1ceee4
f2eef219
e00ddff7
29dd02fb
faeefbff
f2152f05
e40a0cec
ff1001e7
fbf61d17
0ee61605
12020507
f81bf1f0
1bf60826
e4020ad7
eb120efb
0eebe9f2
f00311ef
f104f10f
e6df11f7
14e3eb02
1a171a07
f2e601fb
0fdf08f3
f4e2eb09
00f5e710
0703d4f5
1007d5f2
f70e1714
10f0efe8
000504ec
d1f0f4e4
f7fff100
f812ee07
cbee05fd
06f9060a
0610d400
fcfbdbfd
100603ef
090501f4
0a00f5fe
f9fd1014
fbf211ef
12f60904
0cfcedcb
18dc0b0b
0513fa07
fcfc05f2
f9ea00f9
edf009d8
fe09fdef
e3e5000c
fd0bf0f9
1d02f104
05e9ff0b
f1db10fe
fafcf10f
f40a0105
19e7f0eb
1105e4f0
06060718
0dfbfd02
04f5e70c
c4fcf7e6
06fafc00
05f9f101
d9ebfa13
fb0bfdfc
f90af4fa
0efefd06
1213ffdb
03f80dea
0404f008
f8ee2617
0a1006fc
21071efd
fd09dde7
faf00e0a
f813f304
fef8ff05
e7f5fcf4
fce400db
14f907e9
ffd00114
e1180103
05eee800
0804fc13
ece807f6
fff7040c
fb1803fd
19d8faee
e70cf5f3
0202ff0b
ed02f6eb
0ce4ec0f
c116f6ef
0c0503fe
e603efd2
d7efea17
f50b0205
15110c01
fee70f06
f90fffda
11f40ef0
1a0cfe09
0b111212
0824fff3
18020606
0d23f2e7
f8fe01f6
fe06f704
e3f810f3
fe12f8e1
f8eb03c8
040302f5
15bbfef7
d400f9eb
0206db13
fd0204f6
0ff601f4
0ffffd0d
f5020be1
03ce0af0
fa040800
0ffa01f1
fdf204f6
17faf602
fd0ef202
fff2fa05
f40fffd5
dde2fd0f
f81602f0
1c0203fc
e5030d15
e90609ef
12f70ff1
11ef0208
fe0200fe
ff0413ff
0cfdeb03
070adfff
faf3fff3
f501f913
eb0df7ec
010efde0
efdb00d2
ff02f904
19ce0401
d0f5f7fc
060fe710
0d03f901
13f7ee06
19070609
f7f70ed2
08d114f6
0200ff00
fef804ef
f5fdfb06
1800e4fe
fdff0602
0209f0ef
e80e01e4
eafc0507
0c100e00
0ef905ff
f8f8220e
eff400ee
07ec0d00
00ee00fc
f91205f6
03fd01f3
16e8f70d
f911e30e
fefef0f0
12f4fbf9
ec0ff4f1
0b03ff06
fcf2f9e5
0d0101ec
fdbafb03
ed02fa01
0efadd06
180eeffd
fd04f7fd
0df8fb0b
f00705fc
0bfa1cee
13f3fb01
f8fdf8f6
edfbf428
09fef804
0f0d03fe
05fefcf6
f40e0aef
fde201ff
1502f9fe
15f0100a
0705130c
020302f1
f4ec05ed
fae5fceb
faff01fc
0605e9f9
17fb0502
0012ec0a
0300fa05
f7f7f8ef
0401e5fe
000d0917
f9030d01
f80c0ff6
06ce09f6
fbf302f4
0401d8fe
0c15ef0b
0105e408
14e9130f
fc02fe01
fa2912f8
fafbf2f6
01fbfc06
f5040819
1cf601f6
181afef5
ebfd11fd
e80a08fa
feebfaf8
0c0000e2
18f00908
fcf5120d
09fff80a
eef5fae7
fffd0ffc
0a0dfaf4
0101ebeb
0509f810
0b10e4f3
031af90b
fef0f5d7
0e07eaf9
0d03fc19
f40e0420
fc0708ff
07e010ed
f3f5fe01
03ffe4fd
090df20a
0d17f709
0a0a0a0a
05000005
fb0a0bf9
05e70107
07010217
fe09fe13
2308f7fe
1206f3f1
f60e1001
f80e1308
f6eb09f5
0bf508ee
1ffa0d0e
02040b08
0cfa0e0e
fc09f4ec
f5fd12f3
0b0ce5fd
08fde9f6
f5fd0514
050aefed
0416e90f
f5e5e0d2
0a04f2fd
050d06ff
f208fe26
08fb0bf6
feee06f5
e9f0f910
0710cbfc
0716f8ff
0a1cf918
eb09010c
fc050201
070e00f5
06fd08fb
15f8f903
fbffed0a
17f8eaf4
0a0dfded
0417f806
19100102
f8e404ff
f2ff00ee
2ef410fc
f3070e01
03fc120b
0005fcfa
f9000cee
04fff708
0df9e8f3
ecff1100
ec0af7f1
091cfb01
f8eaecfc
1604eef6
fc0c1bf7
ecf90a0e
0807f6cb
f605f80a
e5f7f4fb
ff1ee0f0
09140802
0f0706fa
d419f30a
00fa0707
170e01f4
0df91103
1304e9fa
fcf300f7
12fcf701
090b0cf1
001bf5fb
110603f8
f2ea03fd
f1fd0dff
2e0708fe
01f30d15
f50c1310
0200f2fb
fafa06eb
fbff0405
08f8ecfd
f1f418f8
e906eff8
fe0af0ff
03caff04
1406f306
01f91ff5
f9f10def
13faeccc
fc0b050a
04f2fe01
1712e0fc
0b11fd08
0f04fdff
e50bebfb
ea0dfb02
13fc00f8
06fd05fe
0dfe04ef
06f6020e
07fbd707
14fd0108
0c0cf6ff
0913e601
07f20bee
e7fce7f3
170d0404
0aeaf916
da140f05
060ef5fb
01f901f9
fb0bfefa
fffef7f3
f6f721e1
e51cebff
1908fefe
02d50713
fd15f6f1
f8f715ff
01f90feb
0e0704e6
e909fc09
09ef01fb
1ef8d5f4
f1130503
0dfa0701
e9fbeffc
fdfe09fd
1205fd0c
04090103
1402fafc
05ebfb15
fe05e003
050b06ff
0d08f50e
ec07fef1
f7fd03ee
f607e304
1c0b02ef
0dfdf11f
c606180d
020ef800
00fefbf0
f8f20510
00f40207
e8fa1df0
df15fffa
10070304
f9040afb
08100def
f6ff12ed
00f419fd
f8f0f5e9
f7070002
0bfbff03
0702d4fc
fc03ec0e
1302fb15
f71ef2fd
f3fff7e8
1af9fb02
0a0be3fd
1c0bfcfb
04fff613
ea08f2f6
14faee03
e710f8f8
0306eef3
e90314ff
f0fdf612
020ff8f7
f9faff1a
c5141306
ecfa06fc
0107f2e7
0006f715
f908f708
e6010beb
da1702e7
0cef0500
081a100a
fd0f13f1
eaf007f8
05e202e6
ee07f100
fefb010c
13fffcff
1a11e6e7
f5ed080e
0f020d0c
ff15ed0c
ea0e02de
20120bfe
090ffd10
0917e6f0
fd020e10
d60efeee
ffedf1ff
e4240100
0b09fefb
fdfa0aff
fefd130a
05150ceb
0010faff
d21927f6
0905fa0a
fcf5e6e7
0906f3f8
0317fc04
e6fdfb06
dd090cdf
03ed08f0
ff19fe01
e91018e9
e7fb07fe
f5ef0aea
f6ff0bea
f9e20a15
04fc0f02
f707e8f1
f80bef16
05f90f03
0bfe0205
f0feffdb
250607f9
1904fe0e
05f6d6e6
f81e0608
e40ce8f3
01e1f3f7
dc2af90a
ec1712eb
0906f9f7
f6f81bfd
05041af5
e00005fa
d61329e7
effdfdeb
f3f3f5f5
fbfbeef3
04220b00
ecfef30d
ec0b02ee
f9df0901
f41101e9
ff1703f0
ef08fc05
e40001e7
13f6f0c8
0ffe0203
e7060017
09fddb05
f109d406
11f30008
fbfffa07
fa12d9f6
2cfff1f7
0512f1fb
f8f5e3db
e114f504
e9efd5ef
f5e0eff1
ec13ea08
e60809f9
1cffedf4
fff41d04
fd06fbdc
f1faf3f1
eb0233e8
0bf6fafa
c7f80224
ff06f4e4
f11a1607
f8fef809
e80b0fe6
0aef11f8
ef07fdde
fb14fe05
f2f6fb01
e701eee9
10fee8fb
081d0df2
00f4f30f
25fce9f9
fa01c8f4
f8f9f904
fe0fef0e
fbfbd304
2814f3f7
0306e3ed
1207e8fb
ec09e907
f8eae9f7
f1dc0505
fe24e3f9
0dff24f8
fcfcfaf6
0b071403
01fbf3e0
dde804e5
02f312e3
1401e9ed
d3fb0a10
02fffbe2
f51b1ff9
f7fcf31c
ea081ae4
100b03e8
0508f1ec
fc1afef9
f5eafe07
07ebe4da
fa08edfa
0f1914e4
de03f7f3
fceade0c
eef1e4f3
0f0a00f7
e406f208
03f4cd24
29010be8
fa01e4fe
14e8d809
e9041308
f8f8f307
efe60701
0011ee06
04f110e6
08fc0301
f50cf900
031012df
e4040103
fd050ef9
f9edfce4
f0f805fa
06f5fedb
18261708
f9fa051a
fb0e01e0
12f5e906
1607dedf
fe1af8ec
10ee16f2
02fcfefd
a920ffea
15ee2bce
d0fbfd07
f6ecf612
1cefd7f2
1909ed00
0ef8fae9
0303d716
1e0016f2
07fce904
07e1de14
e6ee0d0d
f219ffe3
0af00f10
f0110600
14001606
11fcf9f9
e705eeed
181713e7
ed10ea10
f4f501fb
f2e80aeb
e6cdfe1b
f5ffdce7
161b0cf9
fcf3f229
c70ae1f5
2a10e607
1715d7ef
1611f905
23e015f1
e8f2e402
f004eaf7
fa4741f0
0bf40310
25080a1d
f2e8ece5
24f909e9
19f9eff0
07f5f3c8
0ce9130a
ffdef0f7
0ce9e312
f5e3ecf0
e214f3d9
07011616
f6040616
0e180e06
eff7e8e5
eafd1417
2cf7f3d3
e51ce0fe
0ee70103
ef06fd00
e8caf02c
fcfcf2f5
03fe2bfb
ddc5f20f
d5d906db
08090fe2
fa29f11f
0603e3f4
faff13fe
f9e2f8f0
e7f5f703
07222700
e9df0427
1a1923ee
01f2e6e9
15e5eaec
f711ddec
fae90feb
08051e0b
fbfb1bfa
11010f09
fdf7ed19
f707e404
fdfdfcf4
eb19f7f6
f5fefefa
f503fdf6
16fa14f3
fffcfcf1
eaf71a04
08ff0501
0926db1a
e7ee0b22
e7001af4
fff9feed
e2f8130e
ee0008eb
ed18f9d9
fff2fa06
010a001a
0e0f0a08
1bef15f4
eff802fd
13e30df0
feef0516
ef0612f1
090100f7
0102f8f9
f1faedef
0c00faef
f6fe1500
fd16fcf1
0aea0006
0a12ed03
fe0304f7
f90000f6
ff100800
fc00fe0b
e90a0e0b
06fe08f7
ee100607
ea051708
fffefd13
040df8fe
0304051e
e5f1fef9
000109fb
fefe0a0d
000cfa04
0112f4f3
00faf9df
00f6fd06
0b020407
04fb0202
0303f803
f7fe0405
fcfcf805
00fd0200
04fb0107
0806010a
0804f902
f70503fb
020404ff
020405fa
f8fdfdfe
05faf7f9
01fafc01
04060a01
070206ff
0808fd0b
fdfc0900
0a030409
00faf802
06050304
ff040b02
fc0202fa
fe030afa
0afbfb03
070501fc
0002fa03
fe0306f8
0800fefa
0402fe01
030b0001
05ee01fe
f100f30c
1609fef9
0306010f
f701f9ff
fd080f15
f700f1fb
0af50b00
0b0eee0d
f40e0a04
04ff0bf0
f7f7080f
f5fd01f8
fa130406
f7f4fbfe
f2f7100d
0213f807
fdfb10fe
fc07ec05
fcfe12fa
0615f8ff
17060109
060309f8
07f104fe
f4f9eefb
0608fef0
060bfef9
0800fd13
f70bf7fd
f7fe0a01
fbfff808
0106f5fc
f6fbf703
0b06faf8
120af6ff
0302f40b
040b03f4
ff100413
ecfb0b12
f60611f6
0903f005
fb02120e
0f06fc03
f7060efb
f8f9fbfa
fb02fff7
02f9f7fb
f20a0102
0cfd06fb
07fd05fa
06f5f9f6
0600110a
fe00030e
10fd0a03
ff040df1
07fbf5fc
f406f705
10061203
05070404
f90b08f6
05f60d06
fb010bfa
fbf400fc
fc251322
180729f3
f6171efa
e7002eec
f6ff01e4
06001a17
d4dce6e4
0efcf4f0
220cf7fc
eeeefef6
1e0cf90c
0b1bfdee
1e16ea24
fcfce301
03081112
172411e8
ffe6e9fb
04fffe1d
f3e4f4d7
fdff1901
dd1ee7d8
dd041bf5
13f4e821
0218f51c
e01c14d1
f4f11df8
f4d5fcdf
130b1d03
edf5e4f5
e414e703
2101f62d
142ce9f9
f4121c0a
000526e4
00f70df2
f5fd0fdf
f7f921fb
f3041417
e3f7fb03
1406f005
12f4fa0e
f0ebe5f4
100ff62a
3afbe5f4
0c11fa19
0af802e6
f7ef12ee
16fc0bf3
dd061105
080de1f5
0bf9e00e
f3ea0707
e5fc03e6
f00c2206
16f7f7fd
04032a0e
e9060ee4
05030e0e
dc000d07
fdeefe02
0dfaf316
f70d03ea
0a0e1a13
fb1bf8eb
d51b1a0a
e4edfafb
02faf604
fbfe1ef9
f9e322f8
f5f4ef07
0207f4f9
0dee13fd
14f31e04
dafae605
0d0ee133
13f0e9ff
0e04f518
ff06fb08
e1eb21ea
f9f8f101
db00f6e5
22050af2
0514edf5
f3da08f9
e103f4db
1ff605f7
18dcfff4
0a1b220f
ed081bf3
f200f113
e1fa0d0f
0cf6070d
ffe5f915
e70106f1
0df22416
e02809ee
ec1012f0
f1f7f9ef
04fcf0df
02f61004
f2f613f5
f80d03ff
0004fb0b
06e6fdfc
1dea1aeb
1114e8ee
f615e214
09fcf8ed
0af4e30b
defd01f3
21edfcfe
fb000203
d6def8fb
211702fd
0407f510
f4def405
fc0fe8df
1408f0ea
04dbdd04
0a0e23e4
e40419db
f1e5d9ff
01f9150a
0d1105fc
19ecf013
05f8ffd8
09df1e20
f01efe13
ebfa12e8
fefc06f7
0c180ae4
ff180510
f3ecf40d
0e120604
04040dfd
0dce0c0c
0fde15dd
0311eaf0
e9fded05
1efdf5df
0706e909
ee001103
1df00b05
fcedfc08
d9f5fde8
220f03fe
0b05effa
eaf2f215
0222e0e1
03fe01fb
1deceff7
001710e6
e5fc14e2
0cf3eaeb
04eb1c08
011c0502
1d070e11
2306e7e1
15ea1628
ea0cf203
f6f5fbee
fbfc11ef
06ed0ece
f707fe06
0ee1090e
f112fb14
f1010902
f5e900ff
0ad60ff0
fff8fef7
f7fff403
27f0fce8
0103f5f9
f3fb0f16
f9f00806
0bfef306
d1f9f8f0
1505f8f8
ee10f5e8
ddf5f21a
f31cfdee
070f0dff
07de02ff
ff1518f1
feff10f1
25fff6e7
05f910f8
031cf7f8
160a0e0a
120ee0f9
00ee0f10
f4fff901
01f8ff01
0f00f9f8
01e712d6
04090f08
08db0605
e80502fc
05010107
04e9f601
15e9fdf7
08e5faeb
020a04ed
0ede0dee
fdf0f5fe
fef0110a
f6e9ff10
fdf3e00e
04ee0107
06fe00fa
000d16ed
e209f0fb
1a0f0cef
170d1204
eddf090f
f6041cfd
f2f0150c
16fef7f3
fa0104e9
0423f6ef
07fd0906
0507f1fa
00ecfcfc
fef6fb02
fbfef5f3
100af70e
03fa0feb
03fc08fd
08bf08fa
00fc04f7
0705f6ff
07fcfcfd
12fcef06
f411ffee
f10006ef
0edf15fb
0bf8f8ea
00fa1104
f2f4fa0e
11f8ea13
0f01fafa
13fef7f6
eb0309e3
e30bf7fe
180e0aeb
040323fc
eff51312
f8040cf0
f8f11ffc
18ed19f9
f4fd00e7
000800fe
0bf2f605
050a0007
050efef2
07e5fef0
010f0a0b
fc13ef08
080811f3
fe02fc07
07d303f7
e1ff0502
fa0ff6f4
0710fd01
fe0bf60b
0c0208fe
e80d03ed
fcfe15ef
0d0de3f5
f9ff0308
f7f0ec00
0bfbf80a
fbfdfcf8
0cfb08f7
fb17f8f8
fa04030c
07ff08ec
11f31509
00ee1609
f50c0ff9
04f206f9
19f519e9
fdf806ed
0af7eefe
17faf006
fa03f408
04100109
fef1f7dd
04fff1fd
0d10070c
0900fef7
001405ff
16f400fd
d1f6f8f9
f60be8fb
181af407
f903f70b
00e909fc
fa0b0607
0c0a0df8
0af8f2fa
06fe0d0a
09000107
1604f50b
fd07fef4
f3030efe
d8250003
0bfffef8
03fff8fb
1bef080d
03ea1201
f30b1301
f6ff09f5
100f1ff0
08010605
f7ebe3f9
0d07eef8
0312f1ff
09fdfc0d
f1f1fdeb
1bf1f100
04fb1107
0310050f
f614fd03
05ff11f1
e7fdf6fe
ec0feaf6
00050213
080af313
fbf407fb
09010df9
05000efb
fafd00f0
17110b02
0505f8fc
1806fd06
01150ae0
f70a0309
0c150003
fde600f0
06fbf7ff
23e80507
01fdff05
f20117f3
07020aee
0afb25f5
0800fa09
feefedfe
0401ee01
f402fff5
0d05f30b
fee2f2e4
0deef4fa
0cf708f7
0111f923
01f6f7ef
09f1f507
e80c0b0b
f00df0fa
08f5fd0b
080df616
ff050201
040b1805
060f04fe
14f60704
1405faf8
fa08070c
1a03e6ff
fb0b0ef1
0e140301
1311f9fc
fdf00eec
06f7feff
21f71ef9
fdf8fd01
fa0423ef
f4f8fdf9
f60518f9
fd04fdfb
02fde9ef
eb09fdf0
e910f001
090902fb
fdd5fa01
05e7e905
01f30d06
0ff80e15
0f0000d9
fbfc0708
07f6f6f4
fe19f202
02f7fd15
0c0ff911
f80cf301
fdeb110c
0a01ff03
03f50604
23fd0706
fdfafa0b
0af2dc0f
061216fc
0d0bf601
0a14fc06
f4fbffea
07f5010a
211113f1
f2f9f60c
eb0b2412
fa09ee02
ff0916f4
030801fc
0a0fe2fc
e30c0cf7
f403f00e
0600fff4
06d30009
feebf0f1
03f4160d
10040400
0f0a01e1
fcec0707
01fa04fb
121ee2ef
fd0b0a0e
0d0cff1a
fe09fffa
eb0b0d0b
0506ff02
140209fd
0aff01fe
fd00f622
faf1d500
10000602
151100f7
10fcf50b
0cfb06f5
05f0df01
1a070401
060a020e
ddfd1010
0909f503
f1181403
02fbfdf8
05f8f1f8
edff10f7
e309fd07
08e31000
f6df0408
f602fcf2
fb070f00
fd0007fd
12f4f9de
f6fa0f0f
04fa04fa
1302dbf3
ef05f114
0f140e10
f70af30e
f7fa07f4
0602fa0f
0718f500
17fee7ff
13e2f003
f307d904
fc09f506
04130905
f7fcf613
fb10f5ef
f7fcdc16
0f1cfaf1
0a180422
db0a0f03
0b0c0003
ec0cf7f4
f9fcf215
06fa0002
e8fe1cfe
db1ff80a
fedffbfe
05ff04fa
1000edf8
f20006f1
fff20804
06f6edf1
01f9061b
07f7000b
16f9e7ed
e8ebf912
18fe0815
080be60d
f602efe5
0a12f500
0e09f9f7
1215f503
fd0002fd
df13e6f5
fcefddff
e80cf007
ecf9f206
0014fafd
0801fa0c
0b16fd01
ed0d0228
e1080df3
fef10607
fd17f5f5
ee0cea0a
f706fc0a
ef0801f6
dc0d10f7
fceb06f3
0e0a0500
f20eeced
f0eb0dfa
05dcfc05
f7fc01f3
fce60418
0cf4f1f3
0205e5e1
eedce511
22fa090e
1111f917
f605f2dc
230a02f7
1d09040c
0908dcfa
fffb1d06
e80bf1fa
0cdae80e
d914f807
da07fd05
f903f7f5
0c00171b
1017ffe9
10110314
cc101408
fbf3fb08
ed0ae7fb
fc08eeff
f81cf9ff
f102f3fe
e60c17ea
f3fb00e7
0d11f00a
e21206e2
e2011001
faea03fd
0601ffea
ffe50409
06f9080d
fdf4dcf1
fef1f111
15fd11fa
fc0afb10
0c0bdcde
260202e9
111fe206
faf9d2ec
18170904
f4f1e9f1
05d3faf3
e020eb0d
de05f8fa
10f6df03
f4f91608
061503ee
eb060115
e40e1104
0bed01ea
fe0ffc0a
0810fdec
ef0a0706
0311f516
ef131eef
04ed0809
040bf600
f90801fd
0107f9f6
f4f9f6e4
0605eed9
1d0505e5
ee0a0b03
0203d6fc
f9ecd3f9
0ffcf3f2
0affef11
0809bf0b
17f9f9f5
f718de09
03facbf5
0d0208e8
f2edddf5
f2d8f2f8
e40bed0e
e902f2fe
05f6e2f4
0cff2609
fa0cfff1
dde9f905
fc141505
11e8ed01
d9f80608
fd080ddc
fd0e26f9
ee0fe611
dd1918f8
0c0406fa
fb01ea00
081afe07
e909f0fe
eefef7d5
08f30003
13140ddb
e7110409
f7f7e80d
f3f8d9ee
0a08f8fa
f91ef1ff
f909c715
110fffdf
f20ee517
fefdd0fd
fdfd05f2
f006eef6
f6de1202
ea10e0f8
f3f411fa
18f0f9f2
0f040eff
0bfffee2
d9f8eb00
04fbfdf8
33e7f6f4
cff215fe
e7f708dc
031b2cf9
ddfcf01b
fe1c03e3
07fcf2f2
090ce201
f100f9e8
eaf21d07
1cfde9f3
f90007f3
110fdcd2
ea1ddef0
e4eae716
f9e5e305
10fef5f8
e516eeec
fa0ad92a
070a06fa
fa0cec03
11eff312
f4fe07f5
f904f707
0ff50501
fcfeec02
f7e30ef8
09e5fff4
fe11e600
0bf501e6
ef0b0406
091000fc
19cffaff
f1f705fe
f703f8df
0e05150a
f0fe0406
100afee5
0df8ef07
1918f3fc
06f7ea1e
00e424e6
10effdf7
d51a0fe6
120e34df
d3fceb03
f1f6021a
14e7d9f0
1f03f710
0af0f1f5
05fff10d
260f1209
fe03d3f1
00f2f511
efe4effd
fb11e0e2
20f31114
f00d0100
0407f4fb
0df8f0ea
ef0014f3
080417f9
f407eb05
04f912f6
01f9f2ff
e7f8fe1d
0206e1ea
021aff04
dfe4da08
e7fef8e4
1205faec
1c1fffd1
06e9ef18
21e40ae0
eff401fd
010efdf1
0a3126fb
10fffbff
fbf3060a
fee6ebe1
0df9fe00
f32400d8
060cfcd8
07092918
e8fae4f3
f9eee938
02eaf802
f10ff6d9
12faf708
f6f30b0f
f0f6eafb
f703f4e1
e9061201
fbf70de1
daf9ff06
fbfb08e5
e8120600
00f40423
0fffeef5
fa0212e9
d6ded204
dce6fdd7
13f9f2e4
2120f7fc
f3feee0d
feea0f0e
06eaf809
fbfef9fb
05222108
1be50019
220814e0
11dbeee8
0af0e206
e81ee7f3
e6fefa05
090d151a
021403f4
f9f3f502
fb00f21a
0507ee08
1500ff0b
f512ebfe
f1f7f30c
ef00e4ec
02ed0805
01150603
dafb1207
e6fa14e0
f723f402
03050404
e10003f3
01f9effc
f0041407
02f5fcf0
fe09f8df
11fe0210
10f2f306
eaf008f7
fbf3f7f6
0126e705
1906110b
f6e9ee08
251b0a07
131ee7fc
00ebfaf3
03f4f50a
ec1e11e6
0af0020d
02180aec
e404fffd
0c08edf0
f9f8fa06
00110bfd
06f6deed
fc01fb14
070400f8
0bf81bfb
0412f900
040b13f8
16ed06ed
1d08f3fb
f2071522
d70de501
e7f0f4f7
e8ef0ffc
0cfb09eb
fa0017ee
0de309fa
f8f902ff
fdfd0201
0300fafa
fffb01fc
fbf801fb
04f4f6fe
f806fbfb
fdfdf702
fd08fc09
08ff02fc
fa0901fa
03040bfc
f8fd00ff
000101f5
0006fffd
06fefbfe
060300fc
00fffafd
fdfc03fd
fdfbfdfe
04fbfdfb
fc01fb05
fdfe0201
01fefdfa
fd0404fd
02080402
00f50604
00f602fc
02fd05f5
070bfe03
fc05fffd
09fffc00
0606fcfa
04f7f8f9
0309fa03
f9feff03
fc000503
fd08fe08
ff0803fd
00fc00f9
fc0205fd
f8ff03fe
06fe0600
04090205
04fc04fd
01fd0301
fb000304
fdf8f708
fe020008
0001fa00
ff09fd00
fefaf800
040803f9
02fa03f8
fa0407f9
04ff03fa
fafeff03
0508f9fe
03f70007
06f9fc00
fdff02fd
fefa04fb
f9fe04fe
fd070004
fcf9f808
fbfafd05
fd06fbfe
05f8fe06
fb000201
fa0804ff
fb0602ff
f9fdfc08
fc090607
06f9fdfa
07fcfc01
0706fffb
060404fe
f9020408
06f70201
07fbf9fd
f905fc05
0302fefe
05fb01f8
fb020008
f706f900
fc0706fa
fb0501fb
03020800
fffbfc00
07fb04ff
f9fd04f8
fafafc05
06f9f702
01ff0303
f9f9f8fa
fd01fe09
ea05f70e
e2fc0af1
0ff0dfe8
16181be9
fdf3f0fd
fe1c11f9
e2faf511
f2040b14
f8fc13f2
ececee16
0a1b121a
150211e8
ed0b141d
0ef3f9f3
f70f11f5
0df5eef9
f50df6f0
f2f8fcfc
ff16dfe6
1de901f0
f81cd5fa
080c121d
1df50717
e8140fee
e818eddf
ec0005f1
19e4170f
f9fe040e
e31e0cf8
0b0807f6
eaf4240e
ee020fee
f5071c13
d4012ee8
fdef01f4
e903fed0
190217ea
e60d031b
ec2308f2
0e0de711
fef8e70d
d901e40b
e3fdfc27
32e8efe7
f1121420
1b05ece3
e6f91601
18f8fcf3
f308f4f4
e42ed9fb
080ee20a
f6f00b11
e2e508f8
06171919
16e017f7
e2092de7
eb0df0fc
11061413
d6150d05
fdfb0efe
150b1e01
fb2e20ef
e2101d17
ec170de5
01111bf6
d8e604f5
fefcf6f0
effaf8ea
fbe81c0d
0af50929
f01bd8f5
0d10fe16
08f80ef3
e504f1ff
f9fff51d
2303e4f8
f90ae716
f813f410
f7e11aed
0b00f7f2
e118fbeb
091504f2
0129d8eb
1203f8f2
e6e70aea
3003f806
11f906f3
f4030df4
0304eff4
ed141108
e6160f0d
f7edf90c
05ebe600
daff11f6
03f90908
ef2009e0
faff03f8
eed803e7
16ffece1
f6f6f7f7
e5ec1204
0af707f9
f926f611
0ceff60a
17ea2302
f8f2e8f8
1009f72b
0e0bf207
fc04ec0e
f21c0112
21dc05f3
18f3f1f0
e2f819f4
170701f7
011aeb04
07ff0701
ede504ee
230eff01
faf1fbf0
070117e6
f2fb15ed
f60ceee7
ef081018
fa07f2fe
14efdefa
e8ef10e5
07e01402
ec090edc
e6fff3f0
ffea16fb
160cfad6
f8f1f211
ef010ef8
fdfe0913
1619f9fa
00e41d07
0bdf13ee
05f0eeed
f20dec13
fcfdfbf0
0013ec0d
ed11f9f9
1de6071c
1103fc0d
e6d40df3
1afd07fc
fe10f5f8
0c0cf3f7
edf6e8f9
1df3e904
07f2f204
00f005eb
f4fe11ea
11eee9ee
f9f11001
d806f907
00e9c502
01f713f2
ecda040f
f3f8130b
f9e7f6f5
00fe13f8
05f502ca
ff0dfd23
f8fdfe09
eb10160f
041df7fa
09e308f9
f8e801f4
0310f8f4
f509f901
0bea10e3
0c07e2ec
ed11f80f
06e1f421
091c1204
e7ec10f2
11fffff5
ef1800f4
f3f8ea02
ed0a01df
0cf305ff
03e402f7
f40918f9
f6fe1ef1
10fd01d9
faf60905
e721f402
000ceff5
0fff07f7
f7d20812
e9f411e3
0dfbf106
0afe1906
00f90bc9
f004fffa
0ddcf802
ec04ff01
f80c18fe
fa05e405
01ebf802
fbe6f3f6
0106fcff
1ee90ce9
fc02e7f3
f3ff0e09
fce9f404
05ecee12
01031202
f9f100f2
0e1bf501
ee07f1f5
08ff18e2
0bff27fc
f8e80702
070c1bf1
09f610f7
14fb08db
f606fefd
f31ded02
05f6f1f4
0b0808ec
01eefff5
f6d611e6
01f1e9f7
09f0041f
fcfc16fd
00ff0102
09d3ee08
f205fc01
f80f0200
07f4f901
fee9ef0e
01f20403
f30efcf6
11ea12ed
0ceef4f3
edff0008
0bfe0610
0dffe009
0afa08f7
faf7f0fb
0b120518
f615f3fa
0a0d17ea
0d051e12
0d01f707
f31009ff
f8f80305
15fa17fb
eb0105f1
eefef8f3
fafff5f6
1e010e02
f8eefff8
02d60de8
0af9ea12
1bee061a
100217f9
f0fefa0e
fff8f0fe
dafdefea
030a0efa
12fb0306
03f8f70f
06e108fd
eb0b030c
07fc1303
f905ecfc
f5fe0c0a
ff1301fd
0cfef201
0fe902fb
f3e70e08
031c030c
0117fcf5
f60507e5
07071606
f4f60107
03020fff
f905ff05
0d1019fa
060510fc
fef7f7f9
0306d8fd
180a1d12
e5e80a04
ffe014e9
02fff40b
03fb1b00
21fffef3
021c0704
f7fbf1f3
d6fa0304
f50ff6fb
0bfafe05
0df5fa17
0cdd0606
fbfa0817
04fc18fa
f70904f9
01120808
fef80cf2
0403fc0a
0aeb08f2
f1f1130d
03160706
ed0affec
f50701f4
180f0a0b
01fb0600
f30110fb
0107ff06
04fd2aef
0002fefd
f3f3e200
0a08d10f
f906f90f
ffe21800
fbdf10ee
11f9eb0b
0b0a1903
090dfe14
02fc00f6
070615f1
e9fe0b06
fb09ea0b
0b01f105
00f7eb16
16e90ffb
ed0a0510
0bf2ff02
070404fc
0a170bf8
090cf9fd
f6f9ef08
0ae410ef
06ff0700
f9111215
0613fcef
0209fdf1
1408020d
fcf1fb0d
f40317ea
f206fc08
14ec2a14
05f7f7fb
fcfff7ff
fc0aec1d
ed0ef40e
04dcf9f8
fbf7fbf9
f5d7defe
0d040605
05fe041b
10f5fdf2
10e909fe
000704fc
020bf1fc
10fbf819
f7f8f516
121016ff
ff0c000c
0e080608
11f10b02
0d06060f
fa0103fb
ee02e50e
0cff0af9
0a0c02f4
ee05010a
040409e7
02fef1f4
1bfd0301
07fcf60a
f30120e8
ef02f9fa
08042afd
02fa040d
0ef8e3fe
ff09fa09
e611fe14
f8dc05ee
fbdefe02
07ede8f0
11071c06
09f7070d
0c0af9d3
0508080b
fcfb07f4
0d16ea03
05ff010e
0505ee07
090d0cf5
0cfff804
f8f20103
0dfbfdfa
07f70210
01e9f4f6
eaf8df11
0b050dfd
12100900
ea12fc1f
160ffaf3
0ff4eb10
1403fb0a
ff0cec1a
faee11f6
0306e30c
e717271b
030305f2
03fcf602
e9080af7
f408f9f7
fcde01ef
04e80c05
fbebe0ec
09fd210c
03070c0e
0b05f9ca
0b0afe08
00fa1101
0d0ee4f8
f000f70c
17fefe02
0e0106fd
0106fd0e
0b06f80a
1ff7f1fd
16f1f503
f6f7f404
f507df01
0504180b
131013f7
ebf3f412
19fff8fa
01f5ef06
0c0ff9fb
0202fc1b
e0041fee
11fdfa08
d9170404
fffafafc
000a0508
fc06e50a
f91b09f6
04c100e4
fff6fa05
06f1e7f7
f50723fc
f6f70b19
0801ead9
0f030303
0cfa0406
04fae9f0
f900e717
14f7fb14
07f3f80d
03ffef04
090cfb0c
0cfae402
050feb09
fbfdf8f6
dc08e504
0ef2f41a
f41304f0
d6fded0a
1715ff08
fbf9e80f
1009fbff
0c0aec17
f20719df
01f6fd0d
e91bef00
fa03f802
040cf20b
0009ec03
e3171902
03b603e8
08f1f010
03e6de02
ebf51c03
f3eefd17
f1e2fde7
02fe04fc
13f2eaf9
f0efd8eb
f3ebe918
18080c17
07f6edfe
0a01f4fe
0f100d0a
14fef507
0dfee603
03fa05f6
e2f5ebf5
01c5ec20
da08f007
d200fa1d
ff220304
1407ec16
230ff3f9
0c25ea19
cd1b0cf9
fdedf515
081dedf0
060406f7
031af0fe
fc0bf4f2
ed1c1500
f9e5fae2
09ece916
e3f5e4fd
d3ec09e9
e7cffa02
eaf9fdfb
08ebf6f0
1f06dfe5
f4faece3
f7eaf10e
0f060809
0411dffb
10f9d8fe
1914fbf2
1018fd0c
0df7d8fe
0a09fa0a
f8f7eeea
11d6ef10
de15f101
f202eb0d
1308f7fd
080e0400
162207ec
0814001b
c31afc17
09f5e30b
f522f9ef
1a070bec
0100e8f4
eb0bd8ff
e61619f5
e60d12f6
0cfcfbfc
f204f1eb
00f70ff1
e1e218fa
e9f7f9ed
f8e615d3
12fafbf5
fcfaeae9
15edf208
1301f9fa
fa06e1f3
1902c404
1d0ee9f5
0a20e00c
10e8d113
12f5000c
0100f6e4
15d6f3fe
d321ea0f
f107e0ea
ff03edff
ec0b070b
050d0bea
d60e000b
dd0af524
09f0e0f3
ef1bf3fb
fff304d7
faeb05ea
f407df0c
db111df0
f20c0c08
03fcedff
0b0bf602
fdfa07f4
e8f4f4d6
e50002ea
030113da
ec01ecf2
06fae106
09e2e903
01f90205
0100f4fc
1dfec704
1bfde2fe
f71fbd09
01fad8f6
12fd0af6
fbf8ecf4
f8e71402
da06e6fc
fdffe60b
f504e4f6
fd0a0a0f
1501faeb
c9ecf907
10040315
26d4e8fd
db12f10b
fa090be7
03fb10fc
d903e701
dd051aee
ed0cefed
12feeaef
01f9ed14
f1041c04
f105fad8
f5020606
241bf9d2
c80ef3f7
ffe5d10b
f6d4edf4
0cf40011
ea17f8f0
0415e317
fafafbe8
ed14da20
0900ed01
e70d0e13
09f9e5f5
f9eb0cff
00f3ddfa
e901f108
faf5ff0e
ef05fb09
14fc11e5
db08011e
f700fffa
22c0e71a
e515e500
fa0101d6
fd102102
defbf9fe
030119f3
fbf9f7fd
1607f50e
fde0f901
07f026e9
0cf1f5e8
fcef0e0f
fc18e5df
effde5f8
e2edfa14
08ede90b
11eaf40a
f30bf5e0
16f6fb20
1903fe09
f8fef108
0701eb12
e1f5e917
070ff2fd
15ebff0d
fffdefff
e80509eb
fcfb1410
fb16fbf6
0f010af6
f201fb14
08130efc
e9dcfcf7
fafafc10
0dfdedd9
01110214
f3e8f3f6
10f701e6
fe08e3fd
1218f7f4
07eff627
fff438d5
16f50401
d91af8eb
031b1bde
df03f90c
e9f60208
0c04edf0
12fcf804
01f2ebec
0af7ff07
15fe2601
fb0fedef
03f6fc0c
fbdeda1c
0e05ede8
15f0fb0d
f814f014
ec1cebf4
fc0af5f2
ef01f7f5
0f0d2105
08f3040f
e1f511ed
e804edfa
07010324
0efeedf1
0001f908
ede6d6f0
ec0007e4
030501f8
2417f5eb
f8e2fb29
2cc704f0
1af6f9f0
f8190404
001f04fd
0ff7eafe
fbf00a0e
0bdf01ec
0decfc01
f6f9f2ee
10f00ff8
060d2811
f3140de2
0d0ff532
eee2f707
1a10f3de
fa0bf512
f7f3f12c
e2f9efef
f404f5dd
da0afc07
f10c1b00
f5f4f911
edfa09f6
e926f6f3
fff61219
0504f805
010200e4
dee5d4f7
eef4eee2
fc13ede5
2b16fbdd
fdfbf226
f7e2120f
16f1fa05
fa06f805
0c141dfa
0ee90325
080c1de7
12daf6f6
0feae3f6
fcefeff0
f8f90e06
03130f12
0b0c07f0
08f50012
f7f8ed04
1502f1fc
fc0dfd05
0308effc
ebf90004
f00af1eb
fdf3f8fe
f6070205
ddf8120b
f1f515f5
f020e0fe
0c061409
f10001f9
f403f2ed
00f6fcf5
080af9ef
ff16f8e4
210405f9
021af6fb
f5f404e0
f2e80306
0a18f310
1a081007
f003011e
111b2d0e
f903e6e5
09e3f5d9
0f0bec09
de161ceb
1bf814ff
0013080b
e4f8e6f1
1507f00a
f4fbf601
f7e71215
0ff2d6f1
fbf80f2a
1d16dce1
12f31bee
181ae8f2
21fe0305
14f41eda
1518e511
e4020721
ed0deeea
ec0a06eb
dce8fb08
06f7ffff
01f911f7
06040604
fc02f8ff
08050005
01fffcff
fdfcfc05
00fd02fd
05fbf8f9
0607feff
0503f9fa
08fffafe
fcf9fbf8
0500f8fc
070903fd
0403f704
fff8f904
08f9f808
00f9fffa
ff06fa09
f90106fa
03f804fd
03fef9fd
0809fcfd
010803ff
04f8fef8
020102f8
ff02fbfa
080002fd
030400ff
fc0801fa
fd0407fe
000201ff
050407ff
000102fa
02fffefe
0207fa03
fffbfcff
07f703f8
010409fc
00f701fe
fbf9f9fc
04fdfdfa
08060700
ff02fd02
00fa0408
fc0304fa
07fc0505
01f80501
0604fc02
ff040805
f802f807
feff0209
04ff0504
00fc07fd
fbfd01f9
f906fcfc
f8f8fcfd
08f8fffa
fcfafe03
040805fe
fcf909fe
fafdfd08
fb020103
f8f907fd
01fef900
080504fa
fbf9fe03
02070004
fffa0403
0400f8fa
02fb07fa
04faf8ff
01fb0104
05fafa07
0200fffe
f9070406
fafd07fd
fdf9fbf8
fd030705
02f9fbfd
fdfdfc04
04f80109
0800f8fb
f8fbfa01
f7fffe02
0807fcfb
04fe02fa
fa08fc05
040503fc
0708fd01
fe0606fb
08fcfcfb
07fcfafd
fbf9f902
0001f7f7
f900fa05
02080501
f8020202
09e8f008
e7e7f311
1912e8f8
251dfa09
f30cf601
0420f40f
14e7eb0d
f0161000
eae41c01
02130815
0a0c0ffd
0317fc09
f6f70cfb
e408fc04
01fafafb
f90beb0b
fc1a01f8
190310e3
ebec00fc
f800ebf3
09e9fb08
eaf7e802
1514f5f9
fd03edf9
0714f8f3
f317fa0c
0f0e0628
e5f2f901
f2fef6d5
14061dff
12eb1104
def3fff5
f6f10119
e1e9020b
07f9e6ed
120fff00
1400e7f8
f002f915
f733f602
e504090a
0dfc0701
d7faf917
e4f508f7
10ea0903
f8060cfd
ff16d8f5
fefff000
0b00f3fc
ed1af4ea
0807f900
041ae6ef
fbf800f2
12dffc19
fcffeb1d
161416f5
de0804ed
0d27f1ef
e5181313
f5160d0e
e6030cf8
dc16fde9
0e0c21f6
09f91714
fa0b0ffc
f1ed0805
f0e2fa21
3013d0ed
0b15250e
eff4dbf8
0d24f615
e41adc01
dbfd2006
1cfc1ce7
e9f0f104
07db3112
032208fd
071d1f0e
03fdec04
e9ebf903
0f1e05f4
f40704f5
1501070f
fc0108d4
f6f80ff4
ffe8ee01
1609e312
1c190a11
f60df1f3
fe0a1de6
eb20fedf
0b021800
eb21170e
f5fee7f1
ffe513f5
09e52c07
f1002209
e4e9fd05
fddd0216
3b0dc9cb
051c1a18
d8f3e002
0d23f1ff
da36eb11
09042212
03dc29ec
05ec0ffb
06f02b0a
ea080403
08111a05
e113fc14
0ee4110e
071106f0
dd0304e8
2bf41200
f11800f1
1101e7ff
0ce4e9fe
2af602ed
012103fe
fffbfbe3
02ec16df
ef0601d7
f8e81403
ef0eeb04
06f3d900
fad80312
0ae81bff
e1f615e1
dde8e807
11cd0dfe
0deae6b2
03020228
fdebf806
ff23020f
0d25dffb
f1ca11f8
02f00e00
0be40afc
01e10a0c
fdfe05fc
fa09070a
e90ff71d
05d10b11
fef311f5
e5df08fe
1aef14ef
f81bf5f7
fb0efbf7
ebfaf403
16f6ebcb
fa1afbfb
fa0c0cf6
f00e21e9
01fedbe4
0afa1002
e70beef6
ea02fcee
d8e41410
f1d601f8
e0ed20cd
deedd9fc
03d015f8
01f2eab2
f7fced2a
15de16ff
fa080b05
240ed6ec
dad3fef4
04ee13e4
0ffbfcfd
fae3f514
06f505fa
f0fff0f8
f30af80c
02c81602
f2fd25ff
dcfcf611
0ee1f8ed
f30df8ff
e81df206
faed03ff
1ee6e5cf
0b13e81f
fcfe0bea
eff525ee
0311ecf3
0200fe10
cffae9f3
fdf7fddb
d9dd0dfe
ebc110fd
f0eb2abd
feece614
14e82509
fbfffdb2
f40a0110
fffc03f5
dd1a1406
02ecf3fc
eae505f8
00defff1
04ebe506
fbfaeb03
0d040df7
0307ebe9
f2f2fa03
03e0060e
00061b09
ea05fa0a
e9f3f8f3
ec0ceefb
d417ec0b
0dff09f1
18e9f20a
090fe811
080a13ea
f4f312f1
130af9ec
fa1cfd04
d5f9e704
050ae3da
e4f318e5
f2c4fefe
f1e41dc8
04e7e800
17db0c15
fcfbf5cb
fbf900f9
ee11f4f4
e00b080c
faf00a01
fc061204
02f40b0d
faddeefa
fe0afe02
11f50cf8
0303f9f3
eef00207
13f4030d
0300ed0c
eee8f505
ddfcf60b
eb2d04fc
d914f402
f4f10b0f
0dfe01f8
1408e911
110b11e6
10050704
181503da
01240efe
ecf308fd
0807e8de
fff82cd1
0daa05e5
0df411c0
04fdf007
08d3fb1b
fe0df1e7
0a05fe04
ef13f0f8
ed0bf0ec
fd01ed0c
fdfaf906
02ef1914
0fef00f8
e8fa0dfb
ff0a0408
0000ff06
fafb030f
0c001d09
ecfffc1e
fbd600f4
f2ea0afa
fe1701fc
e202fe03
000b0a06
1bf70ff6
f6fce301
02fe0bf2
fe00f3f7
07f603fc
ff290a05
f0f3fa02
0901d7fa
01f01bf9
ebc1edd9
0fea19cd
0603e607
ffde0df4
010ffdf3
fd0ffd00
0615fc05
f6030103
f9f6ca05
0c0cef0c
08f7fd0d
1bee1800
00f7f009
040d0306
04020afa
ff10070c
17053110
f50bf706
11e001ee
ecfc1700
e90f10db
f9fdf0ef
f708eeef
1afa10f2
05ede6f8
ee0000e9
060cf7f7
0bfd0f12
0012f90a
f6f5ddfd
06fbd20a
fafdfd11
efa0f7eb
04ea0ada
f9e9e30a
00dc2ff4
ff0307f7
f4f6f8ec
100b0d02
f9f200f5
ff04e716
1010ef1a
faeefa15
07dd18fb
00fbfc08
0b00070c
fa0404f5
080326ff
eef30004
f9ed0407
0ef306dd
fcfe17f7
000216e9
01ef0bf9
f4fff7e1
220c00f5
f5f0effe
f30619e6
e303eefb
120a131b
fb0bf612
fcf3e701
120fe01a
ea04f504
ff9aefe5
17e510e9
f0e7eafe
fa033306
fd03ff09
080e00f1
2a0719fb
0506ff03
0b08ec04
061af115
eced0109
fb030902
0a17e5f7
020af706
060309fd
040a1913
ffe4eef5
e0ea0d09
fb12efe4
15ed16dc
f5fffaf4
150001f0
03f9f6e6
1001f5f4
04fe05ff
0cfa0cee
f903e4ff
f2293c09
fc0efe1a
eddbea0a
1103ff0c
ee010d0d
ffb9fcdf
f9e31cf4
fde5e6f5
fffd2bfa
08f90cfb
012302ca
12060af7
e1060703
fff8f506
f7100210
00e50402
fa04fcfe
0710f112
05f0fdf4
0d090413
04fe0b0b
0b02f6ef
ecedfd00
03030bf4
18f421f3
f506eef8
1f0001e9
0becf5f2
171317f1
03f31002
06f20ef9
eb0be4ff
de2a3f12
f7f2fcf0
ecf9e904
0201020e
04080600
04d202e6
f9dc0bec
0cebeefd
06f12513
0cfc060d
fe0ffed4
1a100704
f9f8eeec
08fef7f6
eced0711
0bf4fc17
eef8fef5
12f0f2fa
0c070402
03f2fa03
0fede7ec
fc00e90f
f4eae2f2
fefe2a12
040426fe
340c0007
fff8fffd
0dfb0812
10f221f6
ee11fd0e
f5ff1504
05ffee08
e92b180a
fcebfefa
f309eeff
04fae5ff
fe0712f4
04ecffec
fdf3f9f7
fedfff1b
f50c1bf9
f6050f10
faeef2db
0ff60df8
0f06f6eb
ef03bcee
080cfa0f
0d140319
e9dbfff5
fd010502
00fffb09
fa14f616
0b05def3
0419e4f0
05dcfadf
03ed1b0b
e91208f9
2dfefa10
0e010afc
04f7d10c
140c0e04
021e0516
c3fc00e4
0afbf1f9
e03105fe
00f60c07
fbfbee02
0104e4f8
e81127f7
03d5f7f4
f2eafa15
0bdef816
ec051cf0
040ff20b
f4f3e6eb
071409f4
16fffe04
f3fbdada
06ec0d06
0d12010b
d4fbdb0a
1806031c
030706fe
1e1cf405
0803dafd
0515f20e
f406f6d5
01e9e6fe
dc08e3f8
ef0afaf2
0d0cfef4
0a07e302
2d2511f6
151b0025
b300f1f1
0a14ec04
f2270901
f7f90305
f0fafefc
fafde5ea
e20b1bfb
01ee07f7
fbf2f800
01fde910
f00234dc
ecdd1812
d50af4fb
1bf31ed5
fc0cf0e7
0303dbe5
1feaedf1
1209e5f7
e616e1eb
0912dc16
1905fcf4
0517f104
11ede209
0dece222
1103fbee
15dfeaf8
c724ec0a
e904d6ed
0a0aeadc
ee160bfe
102d18ef
e50b0511
a6fa0a10
25fae407
f5040b1e
0b02fcd9
f9f802f7
ea10d909
e0170302
f00410f7
15060006
de0bfcf9
0ef03ae8
efe42211
e007fe06
fae7fee0
0a02f4ea
f8ebdbed
1ff1f7f7
f7eef8d4
f90bead9
150de114
0df5e101
ff1eeb14
11ffdf0b
23f0fd1e
100208db
22e8e8ee
cb0df308
f5eddce8
f419dbc2
ee0f1101
0c0f18f8
be09060a
ce16f31c
0ee0e0fb
fc21f00a
fc0af6d0
f8f90cf0
e7ffb9f5
dd0a0402
ce07ef0a
0cf6f60c
f7ffff12
03e92beb
f2f8030a
fbe9ffe5
08ff01ee
e5fdfbfe
1bfbed04
09e8fcfc
edf10be7
edf7fae1
16f7f20c
fcf2d306
f51dc310
0e1be5ff
1a0221ff
0a0212f2
09fb00ee
f3f1fc01
f702e4fc
f00ce5d7
f0ee130a
0aebf8f4
d1fbfe0d
08fc0712
15f1ef19
fe34e510
1204f8db
f4fc0dfe
e4efb4eb
ebf628eb
dff4e1f0
07fa0509
02080825
0ae50f11
f4f3e1f1
04eb11ef
1a1cedf8
ea06edf4
fcd1f20c
fbd4e0e8
f4e418fa
05fbf3e5
1707e016
f90005ec
f611dc32
12fbf0fc
f8153123
040211f6
f8e40606
ffe0e70c
e32107f1
f2120afa
f51f3023
1c02eceb
04eef720
05fcf9fa
eef3e701
f627d918
05fdfec8
f4161701
dff6ca09
ffe00df3
dde3caed
fe19e313
0ef4fa00
f3e218e8
fff6f4eb
eefe0a0a
f527f3e8
1af1e1fb
e9e60113
faf9e3ee
f6f4f901
08f5fae8
24f9f6f9
ed00080b
f1030c10
f9fef211
f6fa0629
fd0ceff8
0ffd0f05
feedea13
df101ee1
090118f6
f82a10fc
141cf5e2
fb08f119
f00e0903
f615e708
fc14ee1a
09f107e0
0413f909
eedccff8
18deedf1
f20de300
0a1bf917
00ddf510
07d714ec
0ff5f3f3
e5f2f2ef
f825f9e6
e2dae3ea
ebe70c01
fa01eaf3
09f507fc
ffe3f5e7
15fc0200
0efd0809
f8fae607
0dff091e
02efee19
fd01e2fc
10f7f9fa
f4fbf31e
e210fedc
050010f9
fa0c080c
fa151cf7
ebe1ff07
060d18f3
e722fe0e
ff0cf915
f808fbfb
0700fe07
f3f1d7e4
ebe20ae5
fc16f0fe
22170500
030a0e15
08f011fb
17080fed
dffef8fe
f0060cf8
eae30515
f4f616fb
0e07feeb
1704e805
f40ef3fb
19f8fcf5
ff0c0ff3
22fbf8f5
03f4fa04
0e06021b
091ffdf0
0afbff02
e703e51e
fdebf4f6
ee09fe04
04fa0ae4
081d0e00
fae80a1e
fffefd09
fa0304f7
0aea0025
ecebe9f3
04ff13f7
19edd815
f309e0f1
ff14fcf9
1807f1ee
f80713fd
fcfaf809
060ffd0c
fd0e1106
0b030004
f905090f
f10a16fd
f9f6f9fe
1307fef4
0af6f5f1
fa0303f3
030211f0
05fa0512
f7f1fcf0
05080d0c
fa0b0a05
f6f500fd
0207fd0f
f404fd02
0106f70a
fe0b0e04
100afdfd
00faf90f
0c09f80a
11fa0900
eef5effc
f4fc00fc
fe1000f7
11f6f219
fdfef7f8
0ef501f9
fb020005
061211fd
0d0c0102
eb140613
08060805
edf30a0e
00031116
0c0b10ec
02fef3ee
1bf40bff
ff12f102
010400e9
0e0f00fa
0cff0d06
f5f7faf8
0c120505
f3fa1802
f1f40efe
0a21f606
fb061a02
eb0cfc10
0f090ee6
0608f3f4
06e9f805
040508ff
01effe02
fdf9f7f9
f8edf6e6
021211fa
15f5fa15
fcfcf516
fffc0f05
031af214
0305fb01
fb0704f9
fc0302fa
000408ff
0208f804
080809ff
0304ff07
f8f905fa
04fb06fa
fc070401
03070208
fff902fb
07fe0600
fcfe0204
0605fd01
fffdf8f7
070306ff
00fc0103
04fe0407
01f7fff7
0203f802
06fc0600
fa02fafa
06f70002
fafe0608
f8f90403
f90102f8
ff0609f7
fefbfaf7
02f8fb04
fdfcfef8
06030400
00ff09fc
fef80805
03050406
01fa08fd
03ff0204
05fb0404
feff0900
03fa01fd
fdfef9fb
03f80807
fa040800
04fc08f7
00ffff04
fffefa09
00fd0700
00f9f807
fd080703
f803f703
05fff803
03f9fcfc
01fcfaf7
faff0004
04070702
fa06fb06
fe08fcfb
0108fe08
07f706ff
f7f901f9
0604fcfb
0508fb06
fc01f7fe
fa08f808
05fb0703
fc010000
fef8fefe
06fe0204
05060103
fdf904f8
fb0509fd
fa06fcfb
fbf8f9fc
fe08fe03
00fb03ff
f8010005
fcf80402
fd05fcfd
07fbff05
09fd06fe
07fcf807
00fc05fc
020801f9
08070806
ff01fb06
00fc08ff
f702fafb
ff000707
fcff05fd
04030508
05fdfb02
06fb0408
fc0502fc
f70505fa
fd080104
0006fc02
050a06fd
f90000f7
f4f305fa
050700ff
fbfafd00
05080a01
00070109
0504feff
05020304
0404f403
040606fe
09fa0101
04fb0dfb
0c050800
f805fdf8
00010802
0302fb06
fafc0102
05fffafe
faf4020a
fb08fefd
070b0c01
fafd0504
fafd0df9
f404fc01
00f30903
fb0105fc
fd020902
fb08fcfa
000708f7
f9ff0c09
01fd0703
1bfeea07
09fe0519
f9fb0510
fa01f218
1605270e
f6e9fa3b
020a1ce6
20fb03e8
1ae1fcf5
2203190b
e2edebe2
d1e8f30a
20f4fee9
ef25e916
2be2f722
ef17041b
fb06f1e0
0a14fcff
ef162225
fe11d3e4
1ed91912
13e2f3ef
fd2b11fd
17e3e312
22feef09
fb07ff0f
e211ed04
ddf4dce2
10deee07
05f905f7
2602e8dd
10e0f117
fc06fdf2
00ece903
190edafc
15340b3d
2b00f31a
0519040b
02db2aee
f4dc05e6
23e808d0
0c07f814
10e712fd
d0151ffb
fbf91b12
de13e71b
f7e1f30b
f703fcf4
e5faf0ea
2a0114ed
ed0327e3
e5010ae8
06ccf413
f5e0f9fd
2619ff0a
13e6e20f
fe1f14ef
e616e5f7
e5fff30b
09f30ff0
e1ec0c00
1ed51725
00fd0ef4
fbecf822
f104f3f2
03e3faf7
03f0bad4
04211f2c
1cf7e40d
0211f90a
06fc29ea
f0cd0efe
19f40fd9
e5f5ed1a
ffe43f11
da0e1303
010e2e12
e22bf415
f4dd0ce0
00f1eff4
d4f8ddde
0aeefce8
e51906d8
f0ec09e9
eec3e71e
07f80aed
061ffdfd
1e04ed05
032d0af0
e315bee4
f5e10d34
0aec14f8
d8fc13ed
0fdc2d17
f2fd18da
effbfe13
e7ebfcfe
fae419ed
01e8d8d5
fa0d19fd
12fcf40b
f20cf8fd
111611f5
f9cdf2fd
06ecfd0b
e6e9e905
fcd01107
08040cfd
0d022112
0d15ea12
eedd03f3
f20112df
f3ebe5f8
f8f9dbf9
f122fded
e4e61109
fa03da0c
faef10d0
180d071c
eb2b0607
e02618f0
d82ae2d4
f2faf800
f0fb0d01
e008fbf9
f7ee1519
f2060ad2
edf31100
e3e3eb0f
f6d71c08
0af0e2cd
f30d11fd
01e6fe0d
04fbf108
12fcffe4
efc50106
0ef00df2
efd6ef06
fbd12411
0c221c0b
140a221e
1218f616
dbd306ef
dd05230b
f5f3f204
ebece8e0
04f20df3
d3e60821
ff08f912
06e81aed
132b0420
0a100915
d2042de8
ea1ce6da
06e90a13
f4e5fb02
10f6ebea
f6df0618
0703fdd2
e7e71cf7
e4e1ecf6
e7db1d26
130ccbd9
040c0902
13f8f115
f60ee80e
08f715f7
f2daf410
17fe22f8
fbf7e5f4
120d1e17
191533fe
1bfe1b29
f60b030d
fdda0d07
d00c0eff
e3e11513
dcefefd5
ffe02002
ddfb021a
09fe0a16
03f2f4d8
2914e81e
15061508
e8fd1cfd
d20febe9
0bf50411
e9f6f805
06f9e9e5
f2e816ed
0ddb03df
e8e707e8
e6dce706
f6cb0d23
0afec5e4
11ff0901
08030111
e40aec0b
15100b05
ebf50fff
1905220d
08f8eb00
230620f2
1a0d2d02
02fa0a17
fb02fa20
10d0d814
d503ef0e
e4d51310
ecf502fd
f2031a09
da05011c
edf2fd38
0bf8d0e1
220eee19
09fb0006
19f911fb
c62cf1df
0f050218
e2dbf003
0d02e7e2
efe514e8
0dd401de
01eafec9
f8c8f114
eddb16f7
1805e5d9
05081601
f61aeeec
e60afb04
ef00e904
fd040c01
18ef240f
fbf0010e
1dde0ff7
fe040c0a
ee03110e
15fd0223
09e3e8f6
d50f1b0d
e0dff4f5
e2ec0c07
ee08f7fe
e2ef0406
ec07eb17
0202e5d1
13f1e810
0410e911
0f1120ef
da2b2ff9
0b00111e
e6d8ec00
060bf4e8
dee511e7
d3eb10de
02f31aa8
fed60601
f7e403fa
0503f6ef
eb18fa04
01190903
faf9ff10
fdf3cdf3
0208ee03
fe07061d
0df00ffa
12e706e7
ee05ff21
f0f9fefa
1a120b1d
fce0f206
cfff32fe
f1dcf8f9
000b1e10
edff01f8
f5f01fff
0200f408
f5fee0f0
06fcfdfe
0009fb13
fcf411f5
f3322316
fc070022
edc601fb
eee4ecff
d1e70bfd
d6e7f3d5
f3030bcb
f5d303f9
10dd1801
0d13e9e8
0213e9f9
fe0c1715
0b01eb08
31ffec02
0c12fb16
edee210d
fdf50e02
120803eb
2427090c
fdf914f5
0517f908
f31be906
cb0101f1
f6ec0af1
0bfd08f7
fe0909e4
05ef140e
fa00f3f4
0e28f5e6
ff031404
ef020aee
fd08e0e6
fe2e1904
18110d2d
ef02ebfe
f9f6f217
fde61eea
f4ef13d6
e5f10ac7
02bbf501
20e01e03
fe1c05ed
f81902ec
1a081402
1b0bebf5
19f7d802
0514fd1b
eef90f06
ece5ff05
0bf6f3fb
0ffffd09
f6fe0106
0ef20604
d306dcf2
cb0921e2
f3f50af6
0ee4f7f5
fa1afcc1
06eb13f8
1cfdfef0
0e2e1bfa
cdfe0f0e
0cf811f4
ce14c8fa
133f47ff
0009f910
f4faf0f6
08f9df17
0dec17f6
e3e727e6
06ed16e3
0ad7f50f
17e00814
f5070a1c
f91510e4
f8170e0f
0103fc06
0cdbf2ff
fffc0508
f5e3f615
e7f8fafc
05dff100
0df3ff10
fff4f90b
fffa07ff
f511f00b
cf180ae8
14ee2410
19f00af0
f00716e3
f5fa1fd8
1b0211ec
f22d18e8
dc001c00
02090f0f
ceece806
f01a2ef8
010fe9f1
f116dcf6
05f2d323
0ae40007
f3ea0fea
08dcf5ed
0ed9f507
f9fe0801
0014ff15
f705facc
1e0ef611
fc11e709
1df2fee2
fff60203
f0f1f00f
d9fa1806
fcdbea0d
fcf90814
05f2dff1
f208fde8
01feec16
da0df8e9
17f115fd
24e60bf3
ee07fd05
17f207d7
0ff5fcf7
e42425f1
ecf814eb
de0412f2
e4fc08f5
f52d1415
e00ae803
ec05fafb
fcebdd05
03ec0cfb
0fea0a10
02f8f1e7
25c0fc15
eff10d0b
0d07f4fa
fbebe9d5
0a18ed07
29fff40e
17e8eae3
04ff1218
fe0bfa20
d0d8060d
0eef1507
0e0ef920
0300faf6
0215f305
d315faff
e119f4e9
fd0c1002
fad5fcf0
f6e5efc3
150631e5
11f6e411
db411d15
fb122004
dd010ddc
cd1d10eb
153207f1
f502f71a
fe27fbf3
1002f108
f3f806d2
1de2fc0e
f4f8fc03
48ccdf1f
e3d51bfc
07fa06fd
f7e0e2f7
121c14fc
12f2f3fe
03f8f9d5
fef606fc
fc14f938
ec0cf7ff
09ee09f3
130cfe05
00f309ed
040bff20
f3faf3f6
f40cefe4
010b020b
cffaeff4
eef6f2b8
112c23f3
06fae4fc
e62f221a
ddf609f5
c509faf0
cc17e002
0a1f0c06
fe0aef0f
021bf8ef
fefe070c
e6fdf9ee
12f0dff2
070505ff
24d1e612
02cd22e4
fbf8040e
f7e8dc04
15160205
11f4f9e5
0d00e6dd
00ea00fb
01030216
f30beae4
19f9ec14
04021311
000502e9
0c11f013
fee5fc1d
0a13fcd3
1cf409fa
defdf80a
f0f8dad3
fc3018dc
f3fb0617
050e1615
d7f902f8
e604f719
ef1ed911
fa300324
06fcddf8
010913ec
eaf6ea0a
e2f30f0d
f512fce5
0f130608
05cdda00
1de83be3
09def800
10e8eaed
f709fc0d
1e02fdf2
170cf4f2
05f0f419
fff612fb
dce1eafc
13f2ef22
1910f51b
f71ad7e2
0f21ed0e
ee001519
1202f4de
1208e8e7
e8f4ea11
ed00e1dd
f41607ca
12000d12
09eb0503
eef11902
07f4160e
e01cec0b
f333021c
0bf5e809
0a0811f1
d00bd4e8
eade1cea
e61805dc
20090aee
13cced1d
1ef11cea
00d7e7f1
03e2fb0a
ee24f2fe
13ecf4e5
0d0204f4
e206f2fd
07071620
f1d5f207
10f5052b
ec00fd08
d014d8fc
0a0015f6
f3f80b07
0aef03f8
e10be9f9
ecd7ec1a
f80205de
fa1a17e0
07061c1a
1af4e401
f2e6021d
25f30402
eb27e11a
f025ee19
09030703
ff1014fc
d8f9dffc
f3d233db
d4e802ea
21101d09
17c8f1fc
28e9ee03
e9e9e5e2
f3f7e806
002ef5fb
ffd5f3dc
1ef620e9
db20e9e2
f602070f
edddf9ff
24fb0928
d308011f
d6fefdfa
07110719
e6e8f511
fdeb0ce9
edf4efed
f9e2e127
f7100be6
f62514e9
09f10c11
e9f3e9fc
e10b0313
29ebf918
f734de2f
f11ffb20
0519f400
f0f813f6
e3eae0fc
0fb436d7
c9f6ddd8
11191a05
f6e2eeed
08010100
e1f407dd
f203eb09
fc120ef4
16e200e1
131018f6
fd2ad9db
e5eded07
f60a0cf4
0eeff8e2
e2fd09fd
f40d0aff
ee1302f8
12da012b
fcef01e1
fcf4e5f2
f1e0e310
0b0a08f1
fe1909ea
08020506
fb0be3f4
f1120812
1ee8ef09
1d25dd1e
fc020c26
fb0bf701
f0effd11
e0f0da06
15cc2cf4
dd05eef0
0003fd1e
f3f5fcf3
0706f6ec
f3e716f3
0cf5eef3
0dfbfce5
e6e308f4
f30118fb
002de0db
f3fcf2fc
f3ecf2e5
f81cfdef
fee3fef7
ea1ff6f6
eb021edc
16eafc00
faf507d9
fcf702f3
fcfaf20e
f6f2f60f
021904f4
fff40af4
f80fdefa
09f80e08
19e5f9ed
2716f115
fbfa0922
f31bf805
04f01311
e3f2fcfd
f4f427f5
e8021a04
23fe050f
01f6f3f8
02ecfcee
14ee00ea
faf3f9ed
0102fbf2
fbebff00
0bfd0df6
f614f0f6
0807ebef
0004f309
0d060fec
08ebee03
edfe16e7
fd1624fd
f9e7f2ef
f5f0f8fe
eeff03f6
f50202fc
fa00e611
ec1101fb
16f6fbec
120dfbf6
e5fb1b09
19f107f8
1016fb0d
0903071a
f503f5fc
01ef08f6
f7f2e600
f1fd10f0
db1907e3
200202f6
fb0e0f06
fe05fb02
fafcfc03
f409fe08
0c030efe
04ff050b
fc060ffe
f7f6fcf8
0508080a
fafffafa
08f00bf6
f7f605f5
0702fa07
08f2fdfe
fafb11f5
f70701f9
f900fe07
f208fb04
fe0300fe
0501030d
07fefe06
0a0303fc
f6fcf605
eff8ff05
fef8f600
fef1fa03
fcfd08f4
020e05f6
0af60512
effc0103
0803fb03
050c0403
fe10160d
101c0b01
f612070c
e4f806fd
f6f40af8
0204fd04
ff0018f1
01eff4ef
0409f809
050a04f0
08eefeed
f9040af2
0ffef701
13eefff3
05090104
01180cfc
0af001f9
e91afa12
0cf611fc
f91af81f
f11101f9
040a0d0b
0aef010e
ef12f416
eff208fc
13f8fdff
e7f7f4f2
1d0b1aea
1bfffb0b
f40cf01a
161dee0f
1218f5ff
fcfffff9
f8f8fb02
fcf8fb06
f908fafb
f8000700
fffcf901
fbfe0602
080602fe
04fe0000
fc0606fd
06f906fe
f9fdfa00
f90604fb
fe0208ff
fe06ff07
ffff03f9
0406f903
0201f802
fb05fe03
06040509
0100fc07
0103fd06
0307fb03
00fef9ff
04fd0302
fafdf808
fefbfc06
f8f8f804
040606fd
0609ff05
06f9f906
fbfaf8ff
0201fb05
f8050604
0708fff8
03fffa00
f800fe04
fefff8fe
07000201
fefb08f8
05f807fa
07020300
fefb02ff
07f8f8fd
fefffe01
050907fa
0308fd01
0501fffb
f90507f9
fefdfffd
fefe06ff
05fb0005
fd03fc00
08fbf8fa
08f90809
03fefdfa
fd040400
fb00f8f9
07f905fd
02fe06f9
08fffb01
fc03f702
00fc00ff
fa04fefb
0403f8fb
fdf90807
070400ff
0605fbfe
fa03f8ff
fdff08f9
07f9fffa
f9f9fc03
fafd0000
fbfe08f9
fe00f908
000602f8
f9fa0105
fefdf9fc
f806fe03
03fcfdff
01020800
05010306
00fafdfe
08ff0704
f9080100
0102fd03
0508ff00
07fc08f9
fd010801
0407fdfa
fdfafbfc
ff0306fd
050202fa
f9fd0708
07fefcfa
03010802
0306fdfe
fe050303
000705f8
02ff0307
f902fb07
f7030503
fe0204fc
ff0806fe
fdfe0709
06fa07ff
fc05fff8
fef7fc00
f800fd03
080309f8
02050802
0106f807
feff0001
f9fe0009
fafcf803
080202f8
01fdfff8
07f907fc
09f904fe
04f903f8
0703faff
02f900f9
fdfaf9f9
030503fc
fef900fb
fd060605
02fcfcff
fdfa02fa
09f5fb0b
0a04fc00
01fe02f6
f4f50efc
0c00fd03
03f303f9
04f9f604
fefffbf9
fd0bf806
fdfff8fb
fdf50207
f801020b
f90af7fe
05fe0408
f4f4fef5
03fb01fe
0503ff03
f801f702
000d06fa
04f80dfe
02020907
05040c04
fc050007
07fc06fc
020b0906
0700f6fc
000d02ff
fb0a03fa
f6030200
fa04fff7
fffefaf4
fa06fefb
05110907
eef513ec
d6ea18f1
ed05fae6
4e12dde5
eae3f0f0
0821ec21
d3ecd1fe
ea17d30b
db04e819
dd14131d
09f3dde7
da14f201
16f716f6
f8e6edd2
28d80cf7
cef70804
db03fed8
1e0edc2a
faed39ef
e4cd3119
20f6fb1a
e9ecf9e8
08f002f7
02e12a08
1ce5c327
ed0928fd
2c032711
edfd36e7
041914e5
e80707fc
0a150ce8
020d1213
1ddef3de
c5fcfee3
e3000601
251fe7f0
01f1e0dc
f908f70a
d8d9ddfb
1a24d404
e9f4d51e
dcf91a14
e3fbd9f6
ee10f30a
0ffb1a03
dde2ffdc
fcd508ed
dbf3f70d
e1faf4f7
1017e405
f1e32df7
e1e61817
02e515f9
dd12f1e1
191e06ff
ebf92116
16e0bd09
00dd1306
34ea2702
dde71ef4
f50113f9
f008f6ee
fd14150d
f7040a06
0ad9f0f9
def4d7e9
e412170d
2c1cf601
04f7e9e9
03030813
e4dbdefe
231cf20c
faf3de0d
dbf51501
e0edeef8
f3fb06fa
fdfd0805
ebd415dd
f3da19f2
dff1f618
d5f703fd
080cf300
eff62302
e5d80d1c
feec09e8
dc15f8f0
1d1b0e08
ee190b0f
eeecbcf6
fde60c18
29f224fd
c5eb1bf7
f7fd1ffb
f407f0e3
f21a1007
f6faff28
01d1db03
08eddcea
dd0d0f0b
fb161504
09e3df05
01f202f6
07ca0af6
260dfe0b
17d3f006
edde0fee
da09f735
0bdd1718
f8fe0429
f3e2f0fa
da111406
fafefe15
f5f20ce0
fae710e1
e1ff0600
f3002001
f2dd03d6
d51be0f2
2710010d
cb0005fd
f8ebb7f2
0cff0016
08f903f9
e1e50603
e9e1f727
1611cfd4
eb000311
fad60711
08d6e906
0ce4e600
ec142900
15ff35fe
fc09e60e
0df1d8f2
fce7f5ff
e40e151f
14d708f0
0fda11f2
d316fb43
fee2ffe9
0a0b1825
04ebeaef
db180909
04f4ec0f
fb0321f6
fde914d3
dcf82901
04030a14
eaeffcde
14f6eff6
2529ef11
f7e008fc
f21fe008
13fff318
19ebfffa
e7ebd6fd
e7e6fe27
1f03f8e7
0110040f
17d10108
0bf7eb04
0601ea0d
ed17160e
09160a02
f80cf319
fbead8fa
dde6eff7
ce0b1a08
0ddffcf8
05d70bea
dff1013a
f4e9e1f7
050b181e
1ee1ebe5
e3260612
f6fff50e
ec15240c
fb0428d8
ebf60d01
020a0718
fbe705ef
18edf3fa
2720fe24
0df6f91e
f61dd8fb
17e8fe19
16e2fdf6
f8eee1f5
ffd90904
0d06faf1
fcf7061f
00e8f225
e8f609e8
13ecf404
e60618ff
f80ae7f4
f8f0fa1f
f6e1e50b
e7f2ed04
daf01d14
f7d9f50e
04e42307
17e80526
e9f4f9fa
180b160c
0ffc0dd6
d7fef904
dff3ed01
e6060b05
f20318d9
e5e3fafb
dd1000eb
011016d7
10fbf0fb
191e1522
0819070d
de09dee8
14e41821
0d05ecfb
1005ddec
02ee0df5
0803e6e1
fdfc0df6
06def513
d3d419e9
1be1f0fc
ec02fd0d
ebebf401
15fdf136
12e701f4
01eef111
e5000418
f1e4f40c
02e71b0f
0af90420
ebf3fc06
1612100d
edf806f1
ec0204fe
ecfbeb01
eb10fe0d
ec0605e6
f4eb12fb
f80800c9
1006f2eb
f106f4d4
2c130719
f71af5f4
e813fbf0
03ed171b
0604f8f4
effcef02
fcf81001
0304ebe9
faf2ffeb
21d71b0a
04c80500
13e8f7f7
e508f413
19fd1609
19f7e30a
17e5f8f8
ea0cf600
e10a0711
02ed03f2
faf8fb0b
f1070826
f9fff001
070b1d14
07d7e1fe
ec0d28ed
f7f00511
ddf1f506
e7fe0add
110716f3
06f4fd0f
1303f1f8
05fee6d4
49fa0cec
f824f102
f81e17f6
f7fafa1f
0b2b18f8
ddf4fc01
ffe20ef5
15e8e0fa
00f50ddb
35d81b00
05bb0bfb
17edf5f9
ea1af3fb
1bebfe16
0df8fc05
3c17eff8
f6f70101
e81bf72c
f7fdf9f4
0fd1190c
e51c0f31
20e3fce6
1a0ffffe
f0e9020f
081528e3
051fe2f3
f9f6f1fc
f50111d9
f2ff1b06
29ebf904
eb18ee06
0cffeae1
29f00a03
f42ed6fb
fc232ede
05e2f328
08040af6
f5f0f5f6
06e614f1
edf8f8ea
020f0aea
17f0ea1a
15d7e512
04eeed13
e7e617f7
ee16da0b
fb02f613
1ff80af4
decd13f9
e21b022c
ebf4e4f7
1cca25fc
d20af92e
0fd40205
1a0c0e07
e900ee0e
eb2019f0
f3060d15
04f10804
04130fe1
d10017fa
130508ee
e0fdeaec
f8f4fce1
12211d05
f11edc1b
01170ddc
0bf61719
0916fdf1
fbe503e9
12cb03f2
db0df8da
0bf6fff4
fe03e410
ede2ff0d
effbed00
02d414f7
f718e40a
0ef9e11b
1ce704f1
d9e21201
e40c0a1e
e7fbe8ff
11bb07f3
ef0bf71e
0cf6e508
050508fc
f5dbee18
e9310cf2
ebfe1d1b
01dafc00
f61014ef
e4ff0f09
f8f900ff
e711daed
14030ede
e71010fd
eb17da19
f10b03ed
04ff1f15
031518f6
fffcf7dd
ffd8fdf9
fa0e07d2
05f6f3e1
08f0f704
e7d0fb19
0504d6fe
06f418fd
e821fb0c
14f4f20b
0de6fdf4
d7020e11
e60b1d1d
e3eeec03
23d21df3
062c0b1c
f3e2fc10
ff140f29
e9d0e60c
f919fdfb
fdff2118
0ece1708
0af61a01
fe0d120f
fce2f809
ec22e218
0f1df9d7
f91213f6
d625ec06
f214ed03
0ef90a2d
fe270ef5
ee00d6df
f3c3e9df
00ee04e3
f40a02e5
1cedf616
01d8fb16
1511e205
080102dd
fb12f502
03f7e906
04f103e6
e3eaf720
ef0f1b29
ece9f8f5
1de510ed
15130624
d1f12012
14220a2f
e0daeef7
fd0af7eb
0ffc1311
0afb0c05
f512f0d7
d8092f02
17ecf7fe
d5fde81b
f902f9da
f4220df7
d42ee30e
fc24ff06
180c0439
0910e6f6
edfb0be5
f3e2fbe4
de0bf0d9
01060cdd
14f2f700
0ee40b1b
0debe00d
f1fa00db
08f9fa12
00f2eee6
16fdf4ea
f1f8041c
df082813
ded0e9fb
2be20df2
0d140528
e7e60cfa
262bfc2c
eff20c11
0300f3db
180717f1
070804ff
eafef3ec
e5fc22f4
1cfbfe00
cf06eb06
e7fdead5
0708fc2a
dc20f600
f4270500
21f3f825
0819e3e4
e8001deb
e5f9f001
db3ff7e4
fe050add
21e4efe6
09df0618
19d6f20b
ec0700fa
f5fafe0e
13f4f2e6
1f0cf9f1
0afb120b
07ec0af9
f3dfeffe
1fe40eee
fd0efa18
f6e804f7
1823ff17
ebf20419
fe0af7fd
000716f6
00f812f7
f8fef8f3
e11211ec
1eed1714
f3ede9fa
d202f4fa
0af7f92e
f909f51a
f6070800
1de1fc17
0b17ffe5
0103f6fc
f6eb06fd
eb3cf4e8
12f700fd
16e3f8fe
01c6ed07
19eeea17
d9fcfdf8
e313f40e
1acbeee7
1dfa1be5
0efb0e09
07f50d0c
09d1e709
25d31aee
ee190f35
fbf608f7
262efd25
e2d1f416
f602f901
e8070eef
e8f80e10
f30d15e8
d80b0af1
2ff81016
ffe805f1
cdf1f601
1406173a
dc31df1c
020f07fe
08e9fe20
070ef7e1
05ede8fa
f8e4fcfe
c838d5d6
0df70cee
0ce6fd00
23d9edfd
11fbeafb
d6f014fa
ff121e00
f5d4faee
14f30a03
eefb0cf7
04f10a13
fbdef405
0add0c0c
f4070322
e2fc06fd
281df61d
ece1ed04
fee9fdf6
eefa08fe
f9f1fe1b
f7270ceb
d70204f3
06080d1d
f6fb11ea
dd0dff04
1f111430
d01ded16
f7110201
04f5001d
0809f7e6
fbf8e7fd
06e9fe09
ca2cd7e8
060d13e3
03f2fce9
03fef60f
01fff80b
f5030016
f40019fd
0ff107f8
1b0ff2f2
f9fd0ef7
feec040a
01070403
f8ee0cf1
fc19f80f
f3f3190f
f81bfe0a
f5fcee19
f8ecf3fe
1003fcf7
0c02fbfe
f3061ae7
e90403f1
0904f00d
f7f700f2
fd12fdfc
0309fe13
e31afc07
010df716
0ef60008
fdf1f7fc
08f3f602
19f20afa
0101ecfd
fef0f9e9
fff0fb04
05eafe02
01f7f1fd
05032a03
010a08fa
fa05f403
02eae50d
00fefd04
ff080b01
faf5f706
08fa0200
0300fc16
ff030204
02f90004
eeeefffe
0003050e
020602fb
f9f6fc04
f8030bfb
eaf4ff06
fefefc08
fe030402
f8fff706
fe21f90c
f30105fc
fbfeeae2
07f20c0c
0f18fbfb
04f8fc0a
fef3eaf9
0102f9f7
0a1602ef
fceb0127
21e5ee06
0e0cf012
1aed1d1b
f405f6fd
180ef1e3
eae5de14
eef30df1
fc080f0d
06e2efee
17ee040d
f6fb1a16
ef050a27
15fc0b0d
e4f013f3
eaec0c16
feed0e18
1bf1fc27
001a0906
e9e9fc11
f00a1612
00e80cfc
f1f5e514
fd25010d
ddf61016
f70fe8e1
16f80b01
1a13000d
f5edf7f0
fcede706
08fbfcfa
fa1f0b11
0602ffff
f6f6e422
0b04f709
0d0e031b
f2090518
0801fe06
03faf3fd
10091d0c
05f31e00
20fe0e10
04f8f802
f4ff0413
07fa16fa
e607fe0a
0404fb10
f315f50a
0303fdf3
0d0615f6
f9fd1b01
0917eb02
1af509fe
00f702f5
0a100603
17e8ea06
0106ec19
eb07fdfa
07040e03
e4f5e6f7
f9f7ff00
fced0a15
01f70204
f3f2f401
f9080401
09f7fafe
f7fefaf9
f8070809
fa04fc00
fafe04fb
03faf904
fffdfe08
03fcf7f8
03040301
0003f803
05fe0500
fbfcfaf9
08f701ff
01fffdff
0308f7f7
01fd0208
05fefd04
01f8fa04
fc08fc04
f808fdf9
fe000506
fd08fb05
06fb0102
030801fb
0903fd01
fb000301
f8f704f8
f8050102
fffd04f8
ff050304
0303fc03
06ff0002
04080700
fefefb08
05060804
fdf80708
f9fe03ff
fefd0403
0800fc00
f9fc04fc
04fd03fc
0106f9f9
04fcfe04
06f90100
010801ff
07fe04fc
f901f8f9
0206feff
04fc06fc
f90404fa
f804f7ff
00fd0604
00fffbfb
01f9f9f8
fb03fa09
07f703fe
f806fa02
f8fcfb02
0502fa08
fcf707fb
fc000807
f9040407
0408fefb
02f808fc
03080402
f8050601
0707f703
00f903fc
07f9f805
f7fefb07
02f809ff
08050208
fbf90700
fd06fe02
08fe07fe
04fa02fe
f8fcfffd
fb020804
00080607
08fefbfd
0404fb07
08f80504
000007fd
fb030607
01fe0602
f908fd04
04fff707
06fc03fb
fcf806fc
fe04fb06
04080606
0503fa00
06fa04f9
faf7fe02
fe0303fe
06fffa07
fffd00fe
f70804f8
fa07f907
f9f80608
f904ffff
fefd00fd
02f8f8fd
04ff05fc
0308f903
06fd0802
0108f8fd
050502fe
fffa00fd
06030207
fe02fd08
03fb0408
fff908fd
0002fe06
07f805f9
fd0305f9
06000505
fdfef906
fdfcf907
fe0503f9
fb000101
f9fef705
fa060403
04fe0301
08f9f8f8
0101fef9
fd030405
fb0103fc
02fc00fe
040107fb
fc07f8fc
04fa07fa
0409f902
05f90503
f905fe05
fcfdfe02
03fff904
01fdf900
080506fc
04ff02ff
fcfd03fc
ff080901
060304ff
ff04f702
f8fffe06
f800fefc
000800f9
f907fb07
f9010706
070606fd
080502f9
04020804
0405fc05
08f8fd03
0400fbfd
07080504
fd03fbfc
f8fafd02
f80501fa
fb0608fa
02ff01fc
fc00fe04
04000708
fbfe0407
fe08f903
00fe0704
f8fdf908
0707fe00
f9f907f8
04fa0808
00fb01fd
00f7f8fc
fc010005
fbf90700
06fafbfd
f70906fa
0101faf8
fa020000
07fc0803
08000502
0407ffff
04040408
fb0304fc
f90606fb
070505f9
0804fc06
02fafd09
080101f8
f801f808
00fbf9ff
06fc07fb
fa04fafd
f8080401
05040507
060d0018
f4f9fd06
fdfd0503
000706f3
070ffe0a
09fb0efb
0dfc0307
0006fa02
04090007
07fe08fa
fefdfd08
0209fd04
fb01fd01
040601f6
02f600f7
04fb0dfc
0804f3fc
00f901fc
f006faff
0d060202
fbfdf2f9
000afbf8
f0fd0705
f6fbf4fb
f20703fe
00f4fd09
00f3000d
0bfff9fd
fffcf5fd
0a0602f9
f5fcfb13
071bf017
fe1e022c
e0f00810
03fdff0a
0df602f5
1207120b
02f313fd
0b0d0d06
0207eff7
fb1b0a1e
08f713f0
f70ef00d
0d0afd0e
d401f706
0a0d02f8
120412ee
03f90af7
0f13f4fe
15fafc01
e205f00c
0e0d0cf6
03f1f6ff
1018eafa
dd1b0e01
feedf000
edfd00f9
06fef507
0ee0fd08
1d00fcff
f4faf708
1cfc04f4
0beff509
fdf8f3f2
faff23f8
04070e0b
faee000c
07ff0000
fef6fd0e
09fefb0c
f8f2eff2
0bf00dfc
051c0712
05f80801
120dfd13
edf2f219
ec090414
fa0b0c04
00041d00
07fd09eb
f1fd0211
0f080709
f4f3fcf7
edf70304
0213fbfe
f6060c0a
1406f6ec
07f9ee0f
fe090ff8
fbf5feff
fdf001fb
0209e2ea
061405f2
06f40101
05f1f5fd
00f8f7ff
fbf62cf8
040900fe
faf2f2f4
03010103
fef3060a
fdfff903
f5ecf4fb
fff9140d
020e0c18
0af20803
0500000e
f3eff115
f70303f8
08f704ff
f6061c04
07fe07f2
fcfe1002
040c000b
080112f7
f3fffbfe
f613f60a
eb0c1106
0703fdec
0ff30109
050f0903
f4ff06f7
03ebfded
f608eff8
061409ef
0af402f8
02f1f70e
fdfef005
fe0a1806
fd040902
03f3f6fe
fb0500fe
fef0fbfb
fd0109fe
fc0200ff
fef913fe
ff1b060b
07effdfc
0d05060a
f2feff1b
fdfa0501
040aff02
fff71709
f7f309ed
edf611ff
0c070409
f6f208fc
effcf605
0412faff
ee070afb
0bfdf7f8
09f9f006
02f000fa
fc06f8fc
fff7faf7
f203edec
f40e0101
11f101ec
f6effb12
11f7e70c
0f000709
03050405
1fe800fa
190414f9
11001204
fa0b08ff
001202e9
02ec0005
ff1b090e
0de00bf3
0708f70a
fb02fc18
fa000206
0f1b0104
02fc0cf4
05d812ed
020a0609
080511f5
ec05f501
f912fcfe
04faf3ff
0310fbf0
0efaf8f7
f6f8fe05
06030903
f7fcf100
08edf9fb
12f6fae2
f809ed1c
3cdcedec
eed9e81d
25ead600
0502f50a
ed0f0e0e
1ed0fafc
24fd33fd
17f10113
f9060e13
ed08fadf
0ae618f7
e9241223
1bcd11e1
121cf112
05d8f317
fc10010a
0b1c0412
01f600e5
01e51ed6
d41a0a04
26053407
fff3fefe
f209fd06
2fdfeb05
e61f0303
180aebee
07f50816
04f408f4
f7f4e4fd
fce0fbfb
261bccd6
f805f308
17e9fcf8
f8d0ff0c
0be8f0fc
fb07ff0c
13020fff
27d4f0f1
20eb2605
0fe80207
0006fd04
f8f6f6e5
fde70df6
020f1520
0de908fc
0c04000e
fee3fc17
f808050e
01100c0a
0cff05fe
f2e415e6
d9fe1406
08113403
f4f00e02
ef02fe05
1efcf103
ed0701fe
0d0402ed
0c0b0cfe
04fd07f3
fdf5f400
0de0f8fd
1d0ccbde
fd0e0005
11fa0de5
f3ddfe08
08fdf10e
0810f704
12f00a01
24fdf803
1cfa0705
010811f5
ff090706
f7f50ddb
faf80102
fd17fa0f
13eb000a
0e10f6fb
0ae70418
fc050c06
0e0a19f7
07010403
f9eb12e6
000718f6
09071fef
f30605fc
f8fbf905
1cfbf30c
f8f7fefc
fd0201f0
fe04faed
0afc10f9
fef4fbfc
15f206f6
2108effc
f6fffc11
f70503ee
e8e1011b
1006fd0f
011a00fc
fcfb1a04
0d07ed08
0afafc02
22ef06eb
fb14f600
fc221ae0
fff5fcfa
ef36ff0d
22f907f7
081af80d
eefbe941
020f2601
11100dfe
0afafcf4
f9f711f2
03091d01
f7f51fe8
f6fce40a
f1f1fa02
fcf6ebff
f4fff401
00050ffb
fdf1f4fc
f5f30df5
eceffc01
0ffd02fe
f916f5fc
f801f011
14eaeefd
fadbff36
2502ea15
0f071d05
e1070f1b
2507e7f9
07ee08fa
12f41c0b
fb0bfd02
00eb06e7
11ec0eee
f7371617
0cd91511
0412ee28
d8fcef28
ef090304
1b142304
0502fef2
f80527e5
eb0a1b13
15f125e3
02f3f4f6
f511fef6
0e09f816
df17fbfa
fc0cfdf2
08ec0907
fd2018f5
fbede0f8
0eddeddd
200fd0e4
f6edeefd
04e8040d
0cde0203
f9f20606
09f81305
e220f001
eff3f1ee
ee00f5f9
09e705fe
0227fd1a
fbe4f308
0df21514
fefa061f
0afbf017
18f5111a
deeae9ee
fbff16f5
fcfb0d18
0ee508f0
fe1811f4
f3ec1107
ebf821ed
08ea04f1
eae5f8f5
ff1c0909
e906fa10
fcfef7fa
0e151c06
091d12fd
faf7faf8
fae8fce2
070be9f2
0afa1303
19effa00
ffe9f311
f405f106
0d0d2000
032308fc
f9060206
f4ff1903
0ce5090e
0218ff1a
fff000f6
0bef11fd
f40b021d
0eeffd1a
09eafe0d
ebe7e10e
fd0d1604
f80b08fe
07e90cfe
07f809f6
e9020cf9
05f90ef2
06f9f411
f6fbf5fa
fc0c040e
0b11fa01
030cfcf8
f9fb0e15
11170804
0cfff0fd
0ef204eb
131107f9
fff501fe
09f0fbf1
f7e8ee17
f503fa06
0913270f
07221403
f7f3f30b
0cf9fefb
08ef08ee
ef1b021c
02fef4e9
07e113fd
f30e0515
0eee0217
0df50611
f1e7ed27
00060e04
0703150c
04ef0301
ff0308f0
d70a17fb
07f81dfe
f4ff0412
f7fff7ff
10090310
0e100411
ff0bf5f4
07f61215
182105f5
04fb02f3
13e4fe02
f41be8f3
04ff0603
1eed0a12
13ede6fb
e8faf718
eef72914
2118f8f5
e8f0f2fa
09faf713
e1dde9db
ee1c0810
ece5ee00
0dee1afd
e6fe0427
eb02f016
1ded0d23
f0ccdf01
f4fd0503
01f42218
01e60d22
0a0a0001
e2f90ef8
ef051f19
e2edfff8
edf9ea06
12250520
f3eb0814
fe19f2ed
1c0c151a
191f1703
e8ef0ce9
ece608ef
f923e7f8
15161405
10fcfcfc
1debe51c
0ef6f10f
eb060e03
04140d08
0fe6f9e3
16f207ee
0c0105f7
04fe0512
0401fdfa
02f202ed
e7fc030c
f4f5040e
0d17091d
fee5d919
f105fb02
0c06100a
04f50f0b
00150ef1
e3160e02
0bf92718
f0e6f401
f1f8dcf4
0a14fd0e
fafef01d
f8fde9fe
0afefb06
130b05f9
06ecfafb
12edf100
f31cfcf0
13150905
07040200
ecfefe22
1002f906
ff04050f
ffef07fa
2601f803
14f6f9f3
171814f8
0bfdfcfd
0c1503ec
06eff0e5
da1ffc02
fce713f5
ef0afb03
0c0cea06
f8fe000c
06fafef6
fc04fdee
f00503f9
ff0afbf8
0ff4f1e4
f104e804
1303e4f7
f8f2ed0d
15fde9f3
fbef0003
fbfdf301
edfc02fe
1ee4fd05
23f5ef0c
13fa00fe
ecf0f607
020dfcee
f004f719
1314f5fd
01fe0c0d
fbf201fa
1c04ff02
0ef905e9
111d0cfc
14fc04f2
061711fa
f7ebf8e8
ea1b0402
fdf00ff7
f011f301
120b070a
01f4fc04
0df8f7f8
01fffcf4
fe0c0f02
130b02ff
0cf6e8f7
f904ee08
0c09fdf3
f7ecf510
1100f4f2
fbfef90a
04ec0a03
e601fbfb
1de8f602
20f2ec07
11f8fb01
f0f3fe11
fafcfb0a
0cfbf60d
fb09ff0a
f006fa05
010a0af7
00fa00f6
f9f70bfe
f60cfcf0
0905ff00
080c08fa
eff601f2
f205f808
e8fbf608
f9f7fc0c
0302f30c
01edfcfb
0efb0a01
0cf9fc07
05fd0500
0b0800f7
06fe060b
faeff2f9
f209fcf7
0609040f
0203fc03
000bfbfe
0806f702
0614f8f5
01f7fa07
0cf3ee05
1200eff1
0bfd0811
04fcf1ec
fdf8f917
0e100203
0904020a
e8030909
1304040d
0e0109f6
070e01fc
06fb03fd
04160cfe
fef7f5f7
fc04020b
120111f1
fd0ff808
060aff07
000dfff9
0705fcf2
00fb0bfa
05fd02fb
070004f6
0ff9fef2
fd01f6fe
0911f6f5
edebfd00
10fffbf4
0203f9fa
fcfef708
fa01fbf5
fffaf90c
13f5f603
07f903fc
f2f8f501
010605f8
03f807fb
02090308
fef9f9ff
fbfa00f9
f8fefa06
ffff0104
03060706
03000100
00fbfb01
03080909
0809fd04
03ff0207
0409fcf8
07ff0703
040008fd
fd0409fd
f700fbfa
0000fff8
fdf7f9ff
01f90703
fe050106
08fe0807
0406fffd
06060002
fdf903fa
08ff0901
0006fc00
0308fbfc
05fe0400
fcf8fcfc
f802fafb
f7fbfb05
02f9f8fa
0008fbfa
fb06fe03
00fdf904
fcf900f9
040800f8
fb020204
0707f902
0702fdfa
04070500
0009fb09
ff03fa07
fefd0708
fff8fef7
fd080605
08070209
fdfe0306
030306fd
f8fffb09
fff8f8ff
f909fefe
0403fb00
f8f8f800
0800fcfb
020200ff
04ff02f8
02f9fd01
fa0601f8
010708f9
05fcfe00
0703ffff
0200ff01
00ff09f9
fd0404ff
04fa0202
fbfb0506
0005f8fe
f804f803
02f9fbf8
fafe08fd
f8080308
06fc0608
05000007
fefd0206
03f90604
08fbfb05
02fcff04
fe02ff00
020705f8
02faf904
fd0107fc
fe0205fe
04f70405
fa04f8fa
02010207
fb0001fe
fefffe06
fcf9fe04
02f7fdfb
f9010300
0806fafe
fb010109
09f801fc
0802f901
00080305
060609fd
f8fff800
fcfaf900
05fcfa06
0002fef7
000509fd
ff01f7fc
09fcff02
fef803f9
f808f700
07fd0304
06fffa08
06070101
fb00fb08
0105fdfb
0407fcfd
f909fafc
07070107
020404fa
fc040603
0404fffb
f9060507
0000f8fc
f8fdf7fc
03fcf801
f8fbfefd
030505fc
08fdfafa
f80308fe
fdfc07fc
