// fc1 drained weight sums, int32
// (10, 20, 64) -> 12800 values, 8 hex digits
000001a9
0000016f
0000000d
fffffff1
00000052
ffffff7e
ffffff88
0000002b
ffffffe5
fffffe65
ffffff73
0000000e
00000002
ffffffa6
00000047
ffffff90
ffffff7f
000000d9
ffffff83
000000ba
000000cd
ffffff5a
0000004e
00000135
ffffff61
fffffed7
ffffffec
000001b5
0000012a
0000005b
000000f6
ffffff81
ffffffa0
00000030
ffffff75
0000006c
00000143
000000f6
ffffff15
0000001e
fffffe58
ffffff47
000000ad
00000153
ffffff96
fffffea9
fffffd83
ffffff21
fffffe2f
00000030
fffffec3
000000f8
fffffe96
00000104
ffffff27
000000a7
00000141
ffffffeb
000000ca
ffffff58
ffffff0a
00000078
fffffc52
0000003d
00000152
0000012b
000000fa
00000074
ffffffe6
ffffff47
00000001
00000001
ffffffa4
fffffe55
ffffffd8
ffffffcd
0000004e
ffffff44
00000042
ffffff66
fffffe96
00000094
fffffee5
00000045
00000046
ffffff43
00000093
000000ce
ffffff52
fffffe94
ffffffc1
0000021f
00000117
000000b0
000000e1
ffffff82
ffffffb9
ffffffc0
ffffff37
000000c5
000000b9
0000010b
fffffe79
00000051
fffffd32
ffffff2a
00000059
000000d5
ffffff9a
fffffea4
fffffe0e
ffffff83
fffffd65
00000057
fffffe92
00000136
fffffe2f
00000178
ffffff09
000000be
000000e8
ffffffdd
0000008f
fffffebe
fffffedb
000000d8
fffffc13
0000005f
00000138
000000bc
00000086
000000e1
00000051
ffffff7b
ffffff9c
00000083
ffffff97
fffffedf
ffffff5c
00000023
ffffffc6
ffffff97
0000002c
ffffff69
fffffee5
000000c9
ffffff8a
000000d6
00000047
ffffffbe
000000a7
000000a2
ffffff91
fffffec1
0000000a
000001fd
00000100
000000cf
000000e6
ffffff6e
ffffff90
00000029
ffffff9c
000000c6
000000e2
000000ba
ffffff34
00000002
fffffde8
ffffff59
00000096
000000ee
ffffff8f
fffffef0
fffffdc2
ffffff50
fffffe4c
0000002c
fffffeb0
000000d4
fffffea2
000000f2
ffffff34
000000a9
000000e3
0000009f
000000b9
ffffff04
fffffefd
00000002
fffffc6d
0000000d
0000014e
00000110
00000066
0000007d
00000063
ffffff70
ffffffb3
fffffff4
ffffffe9
fffffe42
ffffffd8
ffffffda
0000000c
ffffff80
00000015
ffffff9e
fffffeb6
000000cd
ffffff5d
00000056
000000bd
fffffef9
00000041
0000011c
ffffff6e
fffffe9b
0000000e
000001a6
0000013c
000000b0
000000d3
ffffff9d
ffffffc3
fffffffb
ffffff6a
00000048
000000f2
000000d5
fffffeba
00000000
fffffda7
ffffff54
00000080
00000112
ffffffb2
ffffff13
fffffddc
ffffff1e
fffffdcd
00000040
fffffeb5
00000109
fffffe7a
00000105
ffffff32
00000060
000000ce
ffffffa3
000000dd
ffffff1f
ffffff55
0000006b
fffffd32
00000076
00000125
00000107
000000aa
0000004b
0000007b
ffffffb7
ffffffa6
00000010
ffffff9d
fffffe66
ffffff97
00000027
00000074
ffffff95
00000017
ffffff75
ffffff1a
000000d8
ffffff62
00000096
00000055
ffffffa4
0000004a
00000083
ffffff62
fffffee6
0000000a
0000020d
000000fe
0000008d
000000e9
ffffff3e
ffffffcc
0000003f
00000022
000000a5
000000c8
0000008f
ffffff68
fffffff5
fffffda1
ffffff42
00000087
00000103
ffffffd5
fffffef0
fffffdbd
ffffffd2
fffffdd1
00000008
fffffe92
0000014a
fffffe93
00000136
ffffffa1
000000b4
0000011a
0000004f
000000dd
fffffec2
ffffff19
00000095
fffffc4a
00000032
00000188
00000128
00000099
0000006f
0000002a
ffffff7e
ffffff91
00000019
ffffffe6
fffffe88
00000011
00000020
fffffff6
ffffffb0
00000098
ffffff5f
fffffecf
0000013f
fffffef7
00000085
00000016
ffffff1b
000000c2
00000118
ffffff9f
fffffe7c
ffffffec
0000024e
0000011f
0000008b
000000ca
ffffff68
ffffffd7
00000019
ffffff8c
000000a2
000000ef
000000f7
ffffff3a
00000011
fffffe18
fffffee3
00000094
000000d2
ffffffc7
fffffec3
fffffd7c
ffffffb1
fffffe71
00000071
fffffe87
0000010b
fffffed2
00000120
ffffff3a
00000076
000000b8
00000015
0000008b
ffffff0e
fffffece
0000000c
fffffc4d
00000077
00000173
000000fe
000000e8
00000052
0000006c
ffffffa3
ffffff71
00000041
ffffff81
fffffdba
ffffff35
0000001d
0000001f
ffffff87
0000008d
ffffff7c
fffffeac
00000101
ffffff0f
00000047
00000028
ffffff44
0000004c
000000e4
ffffff4a
fffffdea
ffffffe9
000001f7
00000166
000000d4
000000f7
ffffff43
ffffffd4
ffffffa9
ffffff85
00000118
000000d0
000000d3
fffffeaa
0000000f
fffffd63
ffffff1b
0000004d
000000b2
fffffff6
fffffeb9
fffffd79
ffffff88
fffffdb9
fffffffc
fffffe46
00000130
fffffdef
00000154
ffffff0a
00000040
00000083
00000076
000000b9
fffffede
fffffef7
000000b2
fffffcbc
0000001e
000001c1
0000010a
0000006d
00000083
00000056
ffffff62
ffffffb4
00000064
ffffff7a
fffffe82
ffffff59
ffffffcf
0000001a
ffffff97
0000002e
ffffff93
fffffee8
00000104
ffffff1e
0000007a
0000006c
ffffff33
000000ce
000000f3
ffffff34
fffffe97
ffffffe2
0000021b
00000136
0000007a
000000f5
ffffff69
ffffffbb
ffffffd3
ffffff32
00000091
00000119
00000112
ffffff34
00000037
fffffdba
ffffff5f
0000008f
0000010f
ffffffca
fffffee4
fffffdc7
ffffff67
fffffe3f
0000008e
fffffe82
00000147
fffffe33
00000125
fffffef9
00000023
000000fb
00000013
0000007f
fffffeeb
fffffe6c
0000009a
fffffc5c
fffffffe
00000142
00000141
00000078
0000003d
0000004d
ffffff9c
00000005
0000002d
ffffff62
fffffe94
ffffff2a
ffffff84
0000004e
ffffff41
ffffffe7
ffffff84
fffffeb4
0000009b
ffffff50
0000007e
000000e0
ffffffc0
00000013
0000007b
ffffff8e
fffffeb2
ffffffaf
000001fc
0000011f
00000097
0000008b
ffffffb5
ffffffb6
ffffffe6
ffffff54
0000006e
00000111
000000dd
fffffead
00000052
fffffe67
ffffffab
00000055
0000011e
ffffff75
fffffe94
fffffd96
ffffff6c
fffffe37
000000a3
fffffe91
00000148
fffffe89
000000f4
fffffeab
000000af
000000f1
00000050
00000073
fffffe85
fffffefd
000000eb
fffffc67
0000006d
00000197
0000012c
00000046
000000ac
00000032
ffffff64
ffffffc1
00000041
ffffffbc
fffffe78
ffffff2e
ffffffd4
00000081
ffffff59
00000034
ffffff50
fffffe16
000000ef
fffffed1
00000080
00000074
ffffff33
000000b2
000000dd
ffffff6d
fffffebc
ffffffd1
0000026b
0000010f
000000b7
000000e6
ffffff92
ffffffe5
ffffffe0
ffffffc1
0000004c
000000e7
000000df
fffffeb4
fffffff8
fffffdd1
fffffedb
00000076
0000011d
ffffffca
ffffff07
fffffda3
ffffff44
fffffd73
00000093
fffffeb6
00000123
fffffe41
000000b5
ffffff3d
00000079
00000146
00000030
000000a0
fffffe52
ffffff22
000000af
fffffbfe
00000037
0000015d
00000124
000000cf
00000037
00000057
ffffffa4
ffffffb4
0000002a
ffffff8e
fffffe64
ffffff37
ffffffe4
00000084
ffffff39
000000a1
ffffff64
fffffef6
0000009e
ffffff8c
0000008b
00000072
ffffff66
0000003b
000000e9
ffffff94
fffffedc
ffffffaa
000001ff
000000ec
000000ae
000000c4
ffffff59
ffffffd3
00000010
ffffffd7
00000090
00000102
000000ac
ffffff02
00000050
fffffe33
ffffff5e
00000079
00000118
00000019
fffffefc
fffffda6
ffffff4b
fffffde4
0000009d
ffffff06
0000015e
fffffe41
0000012a
ffffff40
00000100
000000ee
00000080
000000bd
fffffefa
ffffff00
00000078
fffffc59
00000062
000001bc
00000143
000000a6
00000020
00000055
ffffff8d
ffffffed
00000040
ffffffc0
fffffe42
ffffffad
fffffff8
0000000e
ffffff6b
00000083
ffffff7a
fffffe9c
0000012a
fffffeef
0000005c
00000051
ffffff1e
0000009f
00000132
ffffff32
fffffe47
ffffffce
00000248
00000157
00000080
000000d6
ffffff61
00000009
ffffffe8
ffffff7f
000000ae
000000ce
000000df
ffffff0f
00000043
fffffe26
ffffff72
0000003c
000000bc
ffffffc1
fffffec3
fffffd67
ffffffa1
fffffe5c
00000084
fffffe9b
00000117
fffffe2d
0000013b
ffffff2c
0000008f
000000b5
00000036
00000064
fffffe73
fffffe60
000000a6
fffffcc4
0000001e
0000015b
00000148
0000007d
00000054
00000042
ffffffa1
ffffff45
00000005
00000044
fffffe19
ffffff97
0000002f
00000049
ffffff50
00000035
ffffff8a
fffffeac
00000149
fffffedf
00000057
0000004f
fffffea4
0000002e
000000bb
ffffff6b
fffffe13
00000018
00000275
0000014f
000000c0
000000ab
ffffff46
0000000d
ffffffd4
ffffff9d
00000099
00000101
000000d4
fffffe9a
fffffff9
fffffd8a
ffffff04
00000083
000000e6
ffffffd3
fffffec1
fffffd78
ffffff55
fffffe3c
0000004a
fffffe7d
0000012a
fffffec2
000000df
ffffff6c
00000016
00000116
00000046
000000af
fffffed0
ffffff59
000000d3
fffffcca
0000006a
000001a0
000000de
0000008f
00000079
0000004c
ffffff84
ffffff94
00000047
ffffffe6
fffffebb
ffffffdb
fffffff6
00000033
ffffff90
0000005d
ffffff6f
fffffe6b
000000fa
ffffff22
00000074
00000036
ffffff71
000000bb
0000008e
ffffff65
fffffe85
ffffffed
00000236
00000124
000000d9
00000090
ffffff86
0000001c
fffffff6
ffffffa3
000000a5
000000eb
000000dc
fffffeb9
0000004b
fffffdd6
ffffff21
000000b2
000000f1
ffffffcb
fffffe9a
fffffdcc
ffffff90
fffffe89
00000059
fffffe82
000000fc
fffffef7
000000f8
ffffff34
00000056
00000116
00000043
000000a7
fffffeb2
fffffed6
00000080
fffffc46
0000008a
00000175
00000119
00000063
00000057
00000053
ffffff68
ffffff79
00000073
ffffffa0
fffffe0b
ffffffb7
00000012
0000000e
ffffff72
00000085
ffffff74
ffffff6d
000000ca
ffffff5f
00000047
fffffff5
fffffec8
00000031
000000fd
ffffff6a
fffffe5d
ffffffe9
00000242
00000159
0000008a
000000c1
ffffff49
ffffffa4
ffffffb3
ffffff75
00000070
000000b0
000000a9
fffffe87
00000071
fffffddb
ffffff36
00000062
00000120
ffffffab
fffffedd
fffffcdf
ffffff71
fffffe46
00000047
ffffff1a
00000147
ffffff2e
00000118
ffffff5b
00000048
000000c3
0000002b
00000056
ffffff53
fffffecc
0000009e
fffffd56
0000000e
0000015b
0000011a
0000005e
00000057
0000002c
ffffff98
ffffffde
00000006
ffffffaf
fffffe4f
ffffff38
fffffff3
00000044
ffffff6a
fffffff3
ffffff89
fffffe9f
000000c7
ffffff02
00000092
0000006a
ffffff43
0000006e
00000101
ffffff3e
fffffe67
ffffffd8
0000027d
000000ce
000000b6
000000e2
ffffff5c
ffffffd7
ffffffa8
ffffffb8
0000005c
000000ef
000000d8
fffffeba
fffffffc
fffffd1e
ffffff46
000000c3
000000f4
ffffffd9
ffffff03
fffffde8
ffffff8e
fffffdcf
00000037
fffffe7e
0000017e
fffffe35
00000121
ffffff4e
00000064
000000f6
ffffffd4
000000ac
fffffe72
fffffeba
000000ec
fffffc90
0000002d
00000135
00000114
000000a8
00000058
00000025
ffffff7d
ffffffca
00000014
ffffff87
fffffe6c
ffffff98
fffffffc
ffffffc0
ffffff8e
0000004e
ffffff9b
ffffff13
0000009b
ffffff43
00000041
00000051
ffffff6b
0000006c
000000b7
ffffff84
fffffe6a
0000000f
000001d2
0000015f
00000094
000000cd
ffffff7a
ffffffb3
ffffffd1
ffffff67
000000aa
000000f0
000000e9
fffffee8
00000040
fffffd9f
ffffff0e
00000088
000000de
ffffffc4
fffffea9
fffffdbf
ffffff91
fffffe0f
00000038
fffffeb5
00000109
fffffeae
00000152
ffffff21
00000044
000000b6
00000005
0000008c
ffffff80
ffffff2d
00000074
fffffc79
00000071
000001a8
00000160
000000c6
00000033
00000081
ffffffb1
ffffff94
fffffffa
ffffff90
fffffe45
0000000f
00000009
0000003c
ffffffc1
00000081
ffffffa0
ffffff1b
000000bc
ffffff3f
0000007c
000000b7
ffffff83
00000072
000000b5
ffffff8a
fffffe88
ffffffe8
000001db
00000111
0000009a
0000007c
ffffff76
0000000c
00000006
ffffff5c
000000b7
00000106
000000eb
fffffec4
0000000a
fffffe05
ffffff01
0000004a
000000d7
ffffffcb
fffffe9d
fffffd80
ffffff6e
fffffde4
00000055
fffffe6b
00000114
fffffe7d
0000010b
ffffff18
00000075
000000e0
ffffffbe
000000a8
ffffff07
fffffefe
0000008d
fffffc90
00000076
00000190
00000127
00000086
00000075
0000007a
ffffffbb
ffffffc2
00000031
ffffffce
fffffe4e
ffffff9e
ffffffd2
ffffffe4
ffffffa2
00000056
ffffffce
ffffff8a
000000f5
ffffff45
0000002b
0000006f
ffffff7f
00000089
000000e0
ffffff30
fffffe3a
00000026
00000194
00000148
00000048
000000bb
ffffff64
ffffffa9
fffffffc
ffffff10
00000102
000000f5
000000ed
fffffef2
0000003e
fffffde6
ffffff51
00000052
000000c3
ffffffd0
fffffe87
fffffda1
ffffff24
fffffe47
00000022
fffffed2
00000112
fffffe4c
0000015d
ffffff5e
00000035
000000c9
0000004e
000000ac
ffffffc2
ffffff19
0000004c
fffffcac
00000045
00000145
00000138
00000097
00000089
00000077
ffffff82
ffffffcc
0000000d
ffffffaf
fffffe13
ffffff5d
00000013
00000047
ffffff8a
00000048
ffffffa2
fffffea4
00000102
ffffff21
0000007a
00000055
ffffffa9
00000063
00000086
ffffff43
fffffe2e
00000032
0000020d
00000157
0000007e
000000f7
ffffff7c
ffffffba
00000001
ffffff5d
000000d4
000000d9
000000ef
fffffee9
0000000d
fffffd6a
fffffed3
00000040
000000d9
ffffffcf
fffffebd
fffffd47
ffffff8a
fffffdbf
00000049
fffffe3e
00000139
fffffe3f
0000014f
fffffec5
00000036
000000d0
00000076
000000a6
fffffeed
ffffff40
00000060
fffffc1d
00000061
fffffea4
ffffff29
fffffdfc
00000050
000001e4
00000200
fffffe30
ffffff9a
fffffd96
ffffff8f
fffffc74
fffffdd4
fffffe78
ffffff85
00000376
ffffffbc
0000016f
fffffe6b
fffffd09
fffffd8a
ffffff65
0000007b
0000011c
fffffd34
fffffd54
ffffffbb
00000134
0000004c
0000006c
fffffe06
fffffe6e
00000058
000002cc
000000fb
00000059
000002de
fffffce9
ffffff9c
fffffe5a
00000076
000000b8
fffffc80
fffffc24
fffffde5
000000ca
fffffd31
fffffcaa
00000037
00000147
fffffd0e
ffffffe4
fffffe79
fffffe5f
000000ab
00000139
fffffca4
fffffac4
000000a4
0000014e
00000008
fffffdd7
fffffba9
ffffffb0
ffffff2b
fffffec0
fffffec2
fffffd60
0000001b
00000203
000001e1
fffffe36
00000024
fffffd8d
ffffffbe
fffffcca
fffffd8c
fffffe08
ffffffa4
000003bd
fffffef7
0000017f
fffffebe
fffffd0e
fffffdbd
ffffff59
00000060
00000178
fffffd90
fffffccf
000000a1
000001a0
fffffff1
00000083
fffffdf3
fffffe49
00000076
00000314
000000f0
0000000f
00000329
fffffd8d
ffffff6c
fffffe10
0000009d
00000018
fffffc8e
fffffc8a
fffffd89
000000f3
fffffd32
fffffddd
00000070
000001ac
fffffd5a
00000097
fffffe36
fffffe4d
0000007f
0000012e
fffffd5d
fffffb43
00000009
0000012c
fffffffe
fffffdb9
fffffc27
ffffffd6
fffffec3
fffffe97
fffffe5e
fffffdc0
00000043
00000212
00000238
fffffe60
ffffffad
fffffe67
ffffffa8
fffffd8f
fffffe01
fffffd93
fffffe92
000003c8
ffffffe5
0000019e
fffffeb7
fffffd9e
fffffdd7
ffffffc6
00000012
0000015e
fffffd92
fffffd10
0000001f
0000016f
ffffff7d
00000066
fffffe31
fffffe6e
00000075
00000320
000000fd
ffffffea
0000037d
fffffe37
ffffff77
fffffed0
000000ca
000000a1
fffffd0c
fffffcb1
fffffdf2
000000ff
fffffd08
fffffda6
0000000a
00000176
fffffd2e
000000a3
fffffe0d
fffffeda
00000024
000000d8
fffffc7f
fffffb8b
00000055
0000011e
00000049
fffffde0
fffffb82
00000081
ffffffb9
fffffeaf
fffffe80
fffffdc3
0000007f
00000279
000001cb
fffffe31
ffffffb8
fffffe08
ffffff46
fffffcb4
fffffdc2
fffffe30
ffffff37
00000382
00000016
000001ab
fffffecd
fffffd40
fffffd6f
ffffff3a
000000c6
0000015a
fffffd7b
fffffcb4
ffffffd8
00000182
fffffff6
0000004a
fffffe1a
fffffe86
0000004e
00000282
00000143
0000001e
000003a0
fffffcf5
ffffff95
fffffebf
00000070
0000004a
fffffce2
fffffbf5
fffffd2b
0000014e
fffffd40
fffffcbb
00000056
00000105
fffffd05
fffffff1
fffffe5b
fffffd8e
fffffff8
0000010f
fffffcdd
fffffa66
0000007a
00000161
0000003c
fffffdf5
fffffbb0
fffffffe
ffffff1c
fffffe78
fffffe68
fffffd80
0000001b
000001ea
0000020e
fffffe0a
ffffff75
fffffe2c
ffffff4f
fffffcf1
fffffdd5
fffffded
ffffff3b
000003cc
ffffff8d
000001dd
fffffe66
fffffd1e
fffffd6b
ffffff6d
00000063
00000107
fffffd5f
fffffd0b
00000025
0000017e
ffffffc7
00000052
fffffdb7
fffffe76
0000002a
000002cc
0000010d
00000086
000003b6
fffffd41
ffffffbe
fffffeb1
000000bb
0000004e
fffffca4
fffffca5
fffffdb6
000000cf
fffffd64
fffffd12
00000088
00000187
fffffcc0
fffffff7
fffffe24
fffffef3
00000056
00000148
fffffcca
fffffac5
0000009d
0000019e
00000034
fffffd62
fffffb61
ffffffbc
ffffff4b
fffffebb
fffffef5
fffffdf9
fffffffc
00000200
000001ec
fffffe96
ffffff7c
fffffe40
ffffff90
fffffdb1
fffffe33
fffffdd0
ffffff8a
00000396
ffffffd9
00000165
fffffe35
fffffd14
fffffdef
ffffff2c
0000000a
00000172
fffffd7e
fffffd23
0000002c
0000019e
ffffff65
0000002a
fffffe00
fffffeee
00000019
0000025a
000000f9
0000005e
00000351
fffffd9f
ffffff66
ffffff1a
000000d6
00000052
fffffcda
fffffc90
fffffdb4
000000cf
fffffdbb
fffffcdb
00000062
00000182
fffffcf6
0000004b
fffffe0b
fffffeb4
00000038
00000153
fffffd6b
fffffb4d
0000001f
0000011f
00000054
fffffdae
fffffba1
ffffffe3
ffffff85
fffffe97
fffffefd
fffffe2c
0000000a
0000023e
000001c6
fffffe51
fffffff8
fffffe0d
ffffffb4
fffffda5
fffffe21
fffffd9c
ffffffd5
0000039d
ffffffb6
000001ae
fffffe86
fffffdbb
fffffd1a
ffffff4e
0000003c
00000150
fffffdab
fffffd65
ffffffcc
0000019b
ffffff29
ffffffeb
fffffde5
ffffff0c
0000001e
000002f8
00000140
00000001
00000329
fffffd75
ffffff45
ffffff0a
000000ee
0000005e
fffffd13
fffffd15
fffffd4f
00000095
fffffd7e
fffffce1
00000082
0000014a
fffffd6d
0000008a
fffffe0f
fffffe1e
ffffff9a
00000152
fffffd32
fffffb53
0000004a
00000174
00000090
fffffdcb
fffffb42
ffffffd3
ffffff1e
fffffed5
fffffe94
fffffd9c
0000001d
0000019d
000001d8
fffffe49
ffffff6c
fffffe49
ffffff69
fffffd37
fffffdb1
fffffe1b
ffffff3b
000003b9
fffffefb
000001a6
fffffe99
fffffcf3
fffffd57
ffffff4a
00000021
00000123
fffffe10
fffffcb3
00000067
00000133
ffffffc5
0000006d
fffffdab
fffffebe
00000063
00000295
0000015b
00000078
00000321
fffffd9d
ffffff84
fffffed3
000000ef
00000079
fffffd0e
fffffd02
fffffdc0
000000fd
fffffd78
fffffd75
00000097
0000012f
fffffd1d
fffffffb
fffffe7e
fffffe47
0000008e
00000132
fffffcd5
fffffacb
0000002a
00000157
ffffffa9
fffffde2
fffffb2b
ffffff84
fffffeb3
fffffe3e
fffffdd0
fffffd59
00000015
0000022e
000001cb
fffffdb3
ffffff60
fffffe38
ffffff9d
fffffd5c
fffffd57
fffffde9
fffffeeb
00000441
ffffffa3
000001e7
fffffe7e
fffffda3
fffffd1b
ffffff36
00000003
00000135
fffffe10
fffffcdc
0000002f
00000167
0000000a
00000040
fffffd88
fffffdf8
000000b5
0000032a
0000010f
fffffff2
000003df
fffffd4a
ffffff90
fffffedf
000000b6
0000011f
fffffc67
fffffd12
fffffd78
00000177
fffffd5d
fffffd3f
0000000e
00000156
fffffcee
00000062
fffffe93
fffffe79
ffffff9b
000000c1
fffffc63
fffffabd
000000c1
00000162
00000041
fffffe63
fffffa82
ffffffd7
ffffff0e
fffffe6e
fffffe7a
fffffddb
00000085
000001db
0000020d
fffffe72
fffffffb
fffffe21
ffffffb9
fffffd36
fffffe2b
fffffd9a
ffffff3d
000003d6
ffffff5d
000001bd
fffffe76
fffffd24
fffffceb
fffffef4
0000008f
000001cd
fffffdc9
fffffd0e
00000048
0000010f
ffffff91
0000000c
fffffe24
fffffecc
00000034
00000310
00000185
00000012
00000381
fffffd9e
ffffffe1
fffffedc
0000014d
00000060
fffffd55
fffffc84
fffffd27
000000b4
fffffd30
fffffda6
0000005f
00000129
fffffcf7
00000047
fffffe4e
fffffe5e
ffffff90
0000014f
fffffd3c
fffffb10
fffffffd
00000109
00000044
fffffda4
fffffafc
0000005c
ffffff3c
fffffe9e
ffffff32
fffffe09
0000007f
00000276
00000218
fffffe3a
00000018
fffffdf2
ffffff01
fffffca4
fffffe15
fffffdf5
ffffff74
00000376
ffffffa3
000001a5
fffffe8e
fffffd8b
fffffe0e
ffffff50
0000004b
0000014d
fffffd6a
fffffcdf
ffffffc3
00000140
ffffff93
00000011
fffffe88
fffffe7c
00000070
000002cb
00000123
00000091
00000303
fffffd4e
fffffefa
fffffeaa
0000007e
00000082
fffffccd
fffffc8a
fffffda1
000000bf
fffffd57
fffffcf5
00000026
000000c0
fffffcf4
0000000c
fffffee7
fffffe37
00000022
00000135
fffffcbf
fffffb14
000000cf
0000016c
00000043
fffffe05
fffffbc4
ffffffef
ffffff5b
fffffe7a
fffffecc
fffffd68
0000002f
00000235
000001ef
fffffd5f
ffffff8e
fffffdee
ffffff94
fffffd0b
fffffd2a
fffffe78
fffffe8c
00000388
ffffff69
00000155
fffffeba
fffffd6b
fffffd9f
ffffffc2
00000007
0000011a
fffffd8a
fffffcd5
00000039
0000014c
ffffffa6
00000034
fffffe64
fffffddf
0000007f
000002dc
000000f8
0000009a
00000360
fffffdd8
ffffff01
fffffed1
000000b2
00000117
fffffcb9
fffffc5b
fffffdff
000000e6
fffffd25
fffffcd8
00000049
000000e5
fffffced
00000049
fffffe99
fffffef6
00000051
0000016b
fffffcb5
fffffab1
000000d3
000001bb
00000041
fffffe18
fffffb72
ffffffe4
ffffff68
fffffe4f
fffffe96
fffffdf1
00000052
000001d8
000001ff
fffffe5c
ffffff8e
fffffdfa
ffffffd2
fffffd66
fffffe35
fffffde4
ffffffbe
000003c2
ffffff7e
00000156
fffffe49
fffffd0f
fffffd18
fffffee7
00000073
000001a8
fffffd94
fffffd1e
0000005d
00000169
ffffffef
00000029
fffffe18
fffffedf
00000066
000002e6
00000195
fffffffc
00000358
fffffd3e
ffffffbf
fffffec7
000000fa
00000062
fffffd47
fffffc7e
fffffd37
000000ac
fffffd06
fffffd66
0000005c
00000195
fffffd1e
00000037
fffffe2b
fffffdfd
fffffff8
00000128
fffffd0b
fffffac0
0000001d
00000174
ffffff98
fffffd94
fffffb49
0000000d
ffffff0f
fffffe4c
fffffe77
fffffd68
0000007c
00000269
000001ff
fffffde2
ffffffcd
fffffde3
ffffff26
fffffc7f
fffffd92
fffffe09
fffffe93
000003d4
ffffffaa
0000021c
fffffe13
fffffd2d
fffffd22
ffffff3c
000000db
00000196
fffffd95
fffffc9d
00000023
00000133
ffffffd1
ffffffdd
fffffdd0
fffffe5f
0000003b
000002be
000000e7
00000042
000003f2
fffffcac
ffffff72
fffffe76
000000de
0000003f
fffffcf3
fffffc71
fffffd50
00000081
fffffd5f
fffffc97
00000025
0000013a
fffffce3
ffffffee
fffffe87
fffffe27
00000056
0000016c
fffffce5
fffffb0c
00000081
00000173
ffffffa6
fffffe2e
fffffbed
ffffffcf
ffffff74
fffffec3
fffffec0
fffffd82
fffffff0
000001ff
0000020e
fffffe4a
ffffffe0
fffffe1d
ffffff68
fffffbf8
fffffddf
fffffdd8
ffffff9d
0000037f
ffffffec
00000183
fffffe99
fffffd08
fffffdca
ffffffbd
00000078
00000120
fffffdad
fffffdb7
00000049
00000142
ffffff57
0000007c
fffffdc8
ffffff18
0000009c
0000024f
00000152
0000008f
00000390
fffffd48
ffffffeb
fffffeff
00000131
0000007d
fffffcfb
fffffc74
fffffd52
00000125
fffffd37
fffffc83
0000004c
00000123
fffffccd
00000015
fffffe48
fffffd87
ffffffe2
0000013c
fffffd75
fffffb64
00000016
00000183
00000025
fffffe1b
fffffae6
ffffff7c
ffffff35
fffffe95
fffffe17
fffffd77
00000034
00000222
000001de
fffffe3e
00000008
fffffe5f
ffffffc5
fffffc84
fffffe4a
fffffd7b
ffffff0d
0000042c
ffffff0d
000001b0
fffffe5d
fffffd1a
fffffcee
ffffff1e
00000097
000001af
fffffd7b
fffffd2d
0000000c
0000012f
ffffffdb
ffffffe1
fffffdd4
fffffeda
0000003a
000002d6
00000186
ffffffda
000003d2
fffffda1
ffffffdc
fffffeaf
00000112
00000090
fffffd27
fffffcaa
fffffd1c
00000061
fffffd84
fffffd23
00000096
00000193
fffffcec
ffffffff
fffffdd2
fffffe6e
ffffffbe
0000011d
fffffd1f
fffffb4e
0000004b
00000174
ffffff98
fffffda8
fffffa6c
ffffffd1
ffffff7a
fffffe58
fffffdd4
fffffd34
00000035
00000183
000001d2
fffffe4f
ffffff61
fffffdc2
fffffff8
fffffd14
fffffdc8
fffffd9a
ffffff93
0000038d
ffffff90
000001bb
fffffe12
fffffd38
fffffd73
ffffff8d
0000004b
0000012a
fffffdff
fffffd1a
ffffffe8
00000136
00000005
ffffffd0
fffffe00
fffffe81
000000a2
000002a1
0000014a
00000037
00000367
fffffd48
ffffffa9
fffffef7
00000165
00000072
fffffd16
fffffd25
fffffd56
000000b6
fffffd23
fffffdf4
0000002e
00000174
fffffd18
00000027
fffffe92
fffffe68
ffffffa8
00000118
fffffc53
fffffa7e
ffffffa8
000001b8
fffffff4
fffffe18
fffffaa0
00000010
ffffff6e
fffffee1
fffffe92
fffffd72
000000a3
00000224
000001ad
fffffe34
00000012
fffffde4
ffffffa6
fffffce8
fffffdc8
fffffdd4
fffffee3
000003ca
ffffff78
0000022f
fffffe40
fffffd08
fffffdc1
ffffff3d
ffffffe5
0000018b
fffffdb4
fffffcbc
000000a3
00000180
ffffffd1
00000000
fffffe02
fffffe97
00000058
0000029f
000000e6
0000004c
000003fe
fffffdde
ffffff44
fffffe81
000000f1
00000087
fffffd01
fffffc44
fffffd80
00000071
fffffdc9
fffffcb1
00000035
000000f5
fffffd31
0000006e
fffffe9a
fffffe11
0000000d
00000180
fffffc94
fffffad2
0000004e
0000011a
00000015
fffffe35
fffffb1c
fffffff1
fffffeee
fffffe96
fffffe80
fffffd5f
00000064
0000024f
00000210
fffffdec
ffffffff
fffffde4
ffffff9b
fffffcd3
fffffdd8
fffffe21
ffffff27
000003be
ffffffc9
000001c5
fffffe90
fffffd71
fffffda2
ffffff8f
ffffffe0
000001ca
fffffdc7
fffffd39
0000000f
00000195
ffffffc9
fffffff6
fffffe38
fffffe9c
00000057
000002d8
0000019d
00000019
000003ba
fffffdcd
ffffff64
fffffe7b
000000e2
0000008c
fffffc83
fffffc7c
fffffdba
000000e5
fffffccd
fffffd01
00000015
00000134
fffffd33
00000031
fffffe30
fffffe7d
ffffff71
0000013c
fffffce5
fffffabb
00000060
00000173
00000025
fffffde5
fffffab4
ffffffbc
ffffff44
fffffe8e
fffffee0
fffffd8e
0000005c
00000223
000001b8
fffffdd4
ffffff5f
fffffd53
ffffff50
fffffd2b
fffffdd3
fffffe0d
ffffff0e
000003f6
ffffffba
0000021c
fffffe2c
fffffd43
fffffd3e
fffffefa
0000009f
0000018d
fffffd43
fffffc65
ffffff9e
00000190
0000003e
0000002f
fffffe54
fffffde3
0000007a
00000309
00000111
ffffffc9
000003e6
fffffd23
ffffff4f
fffffe5f
000000c2
00000093
fffffcde
fffffc49
fffffdbc
000000b2
fffffd68
fffffd5e
00000028
00000132
fffffcf2
ffffff96
fffffeba
fffffe75
00000022
00000105
fffffc7f
fffffa5d
000000a9
00000154
00000026
fffffdf9
fffffc12
0000005a
ffffff32
ffffff64
fffffd4e
00000096
ffffff94
00000017
00000048
0000000e
00000083
ffffffff
00000003
0000006d
000000a9
fffffd10
ffffffaa
00000125
00000034
00000034
ffffffa2
00000158
ffffff3a
00000069
0000001c
00000073
00000086
00000011
fffffe94
ffffffee
0000007f
fffffff0
ffffffe1
000000b0
ffffffb4
000000ac
000000bb
ffffff9b
00000145
ffffff20
0000003f
000000f2
0000017f
ffffff1f
0000013a
0000004f
fffffe19
ffffffa6
ffffff65
0000014b
fffffebb
000000db
ffffffc2
000000b2
ffffffbe
0000000d
00000076
0000000a
ffffff3d
ffffffb8
ffffff58
0000006e
ffffffa1
ffffff03
fffffdb3
000000c0
ffffffaa
ffffff92
fffffe43
000000af
ffffff9a
00000057
00000035
fffffffc
0000009a
ffffffe8
fffffff4
00000043
0000007d
fffffdbc
ffffff91
00000108
00000041
0000000e
ffffffb9
00000194
ffffff5f
00000081
fffffff2
00000062
000000ae
00000042
fffffe88
ffffffea
000000ed
ffffffdd
00000012
00000075
ffffffcb
0000009f
000000a1
ffffff7a
000000ef
fffffef3
00000010
000000c0
00000159
ffffff55
00000131
0000005a
fffffe47
00000013
ffffffa5
000000d1
fffffec0
0000007b
ffffffb8
000000d7
fffffffc
0000000b
000000a6
00000027
ffffff88
ffffffec
ffffffa1
000000a2
ffffffc1
ffffff41
fffffe25
000000c5
ffffffe9
ffffff77
fffffdfc
000000b7
ffffff96
0000004f
00000006
00000001
00000070
ffffff92
00000020
00000057
00000076
fffffda1
ffffff9f
000000d0
0000002e
00000049
ffffff4b
0000014e
ffffff47
0000006e
0000002e
000000bc
00000085
0000005a
fffffe8f
ffffffac
000000c0
fffffff1
fffffff8
00000088
ffffffcd
0000004f
000000af
ffffff61
0000010a
ffffff0e
00000039
000000bd
0000014a
ffffff5e
00000157
0000006f
fffffe48
ffffffc0
ffffffb6
00000113
fffffece
000000b4
ffffffcb
0000009e
ffffffeb
ffffffef
00000098
0000000a
ffffff7a
ffffffc7
ffffff53
0000006d
ffffffde
ffffff54
fffffe7f
0000008f
00000000
ffffff43
fffffd66
000000fb
ffffff92
ffffffd6
0000002a
0000003f
00000094
0000000a
0000004e
00000062
00000095
fffffd25
ffffff46
00000118
00000059
0000004d
ffffff8f
00000180
ffffff64
0000006d
ffffffd1
000000bd
000000ab
000000a4
fffffecc
ffffff4d
000000f1
00000019
ffffffb8
0000009e
ffffffc8
000000a6
000000c9
ffffff75
0000012f
ffffff23
00000056
00000100
00000199
ffffff66
00000195
00000078
fffffdf8
ffffff9a
ffffff5a
00000154
fffffe72
000000f6
fffffff3
00000109
ffffff76
00000030
00000086
ffffffd9
ffffffd8
00000039
ffffff69
00000085
ffffff73
fffffeb7
fffffda3
000000bc
ffffffb5
ffffff42
fffffda8
000000be
ffffff9b
0000004d
fffffff6
00000024
0000006f
ffffffb9
00000035
00000093
00000073
fffffd83
ffffff87
00000109
00000020
00000042
ffffff57
000001aa
ffffff14
fffffff3
ffffffd0
000000f3
000000ae
0000003e
fffffe8c
ffffffb6
000000af
ffffffde
ffffffbf
00000081
ffffff87
0000005f
00000069
ffffff52
00000114
fffffefa
0000000a
000000e6
0000016f
ffffff61
00000176
0000003e
fffffe0a
ffffff9e
ffffffc2
00000187
fffffefa
000000d4
ffffffdc
000000c9
ffffffb6
ffffffdd
00000097
00000002
ffffff8d
ffffffc6
ffffff4e
00000057
ffffffa5
ffffff1b
fffffe68
000000b2
ffffffcd
ffffff6c
fffffda9
00000105
ffffff43
0000001a
0000000b
0000008b
00000057
00000003
00000053
00000056
00000076
fffffd03
ffffff91
00000113
0000007d
0000003d
ffffff40
0000019e
ffffffc5
00000020
ffffffe2
0000007f
000000a0
000000a8
fffffea8
ffffff81
000000de
0000006b
ffffffdd
0000005c
ffffffc1
0000007e
00000074
ffffffb9
00000113
fffffeec
00000046
0000009c
000001a3
ffffff2d
00000128
0000003f
fffffde7
ffffffb7
ffffff99
00000140
fffffed1
000000a4
ffffffcc
0000012d
ffffff99
00000039
000000a8
00000007
ffffff89
ffffffe4
ffffff23
00000057
ffffffb3
fffffef8
fffffe0b
000000d8
ffffffde
ffffff8e
fffffe28
00000093
ffffff9f
00000086
00000063
00000046
00000060
0000000e
ffffffb1
00000007
00000084
fffffde0
ffffff71
00000129
0000004f
fffffffe
ffffff86
00000167
ffffff81
0000002c
ffffffb5
00000072
00000090
ffffffc0
fffffe65
00000013
000000d3
00000005
fffffff1
00000053
ffffffc4
000000b0
00000050
ffffff86
000000f9
fffffec7
00000007
00000089
00000169
ffffff46
00000110
00000022
fffffe56
00000012
ffffffb2
000000dc
ffffff16
0000005e
ffffff75
0000009c
ffffffd4
00000008
000000d5
00000018
ffffff44
ffffffa4
ffffff4e
000000c1
ffffff99
ffffff43
fffffe48
000000ce
00000002
ffffff5f
fffffd62
000000f5
ffffff91
00000032
00000016
00000083
00000082
00000013
00000047
0000006b
00000089
fffffcdd
ffffff6b
00000142
000000aa
00000034
ffffff92
000001a6
fffffefc
00000032
00000016
000000ad
000000b2
00000092
fffffe79
ffffffa4
00000116
00000033
ffffffbf
0000008b
ffffffce
000000b4
000000c5
ffffff08
00000139
fffffeed
0000005a
00000102
00000196
ffffff4c
00000190
00000071
fffffdc7
00000008
ffffff7b
00000135
fffffeb8
000000d7
ffffffe1
00000114
ffffffa1
00000014
00000069
ffffffa9
ffffff64
ffffffe6
ffffff4c
00000085
ffffffc0
fffffed1
fffffda9
00000111
ffffffad
ffffff32
fffffd5b
000000a0
ffffff3e
ffffffdd
00000006
00000075
0000004d
ffffffec
0000004f
00000047
000000a3
fffffcfb
ffffff4a
00000130
00000063
00000028
ffffff35
0000015e
ffffff49
0000002c
0000001f
0000009d
00000081
00000043
fffffe73
ffffff98
000000fd
00000004
ffffffc7
00000073
ffffffb4
000000ba
000000a6
ffffff32
000000ff
ffffff30
00000054
000000e2
00000189
ffffff79
00000161
00000052
fffffdec
ffffffcd
ffffff75
00000188
fffffef4
000000bd
ffffffea
000000c5
ffffff3e
0000000d
00000052
ffffff99
ffffff38
ffffffdb
fffffeed
00000054
ffffff5f
ffffff0b
fffffd97
000000ff
ffffffbb
ffffff5d
fffffd9c
000000d5
ffffff83
0000002d
00000029
00000044
00000062
00000026
00000014
00000066
000000c1
fffffd5c
ffffff5c
0000014c
0000004a
00000047
ffffff6e
000001ae
ffffff50
00000007
fffffff4
00000074
000000ad
00000017
fffffe81
ffffffc6
00000107
fffffff2
ffffffd3
0000008d
ffffff9b
000000af
0000009b
ffffff94
0000012f
fffffecd
00000027
00000102
00000163
ffffff53
00000161
00000039
fffffe37
ffffffdc
ffffff9b
0000012f
fffffefd
00000095
ffffffb6
000000e8
ffffff9d
00000027
000000b0
00000012
ffffffca
fffffffb
ffffff81
0000008c
ffffff67
fffffec6
fffffded
000000dd
ffffff95
ffffffbd
fffffdf7
000000ce
ffffff4c
0000004e
0000006c
00000048
00000062
0000002a
fffffff4
00000042
0000008c
fffffd86
ffffff7f
00000122
00000047
0000002d
ffffff3c
00000111
ffffff4d
00000030
0000002d
000000a3
00000081
00000051
fffffe64
ffffff9e
000000c8
ffffffbc
ffffffbc
00000068
ffffffcf
000000b7
0000008b
ffffff80
000000ee
fffffec9
00000034
000000b2
0000016b
ffffff9a
0000014b
00000052
fffffe57
ffffffae
ffffffad
00000124
fffffef3
0000009a
ffffffcf
0000006f
ffffffa9
fffffff7
00000045
ffffffd3
ffffff7a
00000002
ffffff5e
00000067
ffffffbc
fffffeeb
fffffdfb
000000c0
ffffffc9
ffffffc5
fffffe0e
000000e7
ffffff68
0000003b
ffffffeb
00000033
0000003e
00000006
0000001f
00000049
00000077
fffffd51
ffffff84
0000010a
00000075
0000001c
ffffff41
0000016f
ffffffb9
00000015
00000037
000000ad
000000a9
0000003f
fffffe8f
ffffffb4
00000108
0000001e
fffffff4
00000063
ffffffc7
0000009b
0000005f
ffffff9c
000000dd
fffffeee
00000057
000000d0
00000164
ffffff34
0000017a
00000061
fffffe1e
ffffffd1
ffffffb6
0000012a
ffffff14
0000008f
ffffffad
00000074
ffffffeb
00000011
0000007e
ffffffec
ffffff70
ffffffd3
ffffff42
00000069
ffffffac
fffffef2
fffffe87
000000cc
ffffffb0
ffffff7d
fffffdbb
000000c1
ffffff28
00000026
0000002c
00000063
00000066
ffffffe7
00000021
00000076
000000b8
fffffd31
ffffffc5
00000131
00000055
00000044
ffffff2b
0000018c
ffffff8a
ffffffea
00000007
00000073
00000094
00000043
fffffe60
ffffffb3
000000c9
fffffff3
ffffffe3
0000009f
ffffffa6
00000099
0000005c
ffffffa8
00000111
fffffee7
00000010
000000b1
00000182
ffffff2b
0000011f
0000004f
fffffe2c
ffffffbe
ffffffa1
00000134
fffffecb
000000ae
ffffffac
000000e2
ffffffcb
00000013
000000ac
0000003c
ffffff5b
ffffffa8
ffffff0f
00000051
ffffffb8
ffffff0d
fffffdea
00000102
ffffffcb
ffffff88
fffffd98
000000b9
ffffffa7
00000067
00000021
0000000b
00000043
00000034
00000005
0000003c
00000057
fffffd5b
ffffff7f
00000132
0000006e
fffffffc
ffffff52
00000152
ffffffa9
00000043
00000075
00000095
000000a0
0000002b
fffffecf
0000000c
000000cb
ffffffd2
ffffffb7
0000004f
ffffffcd
000000a7
000000c6
ffffff9f
000000d2
fffffef3
00000042
00000118
0000014f
ffffffa3
0000013f
0000001e
fffffe10
ffffffd2
ffffff8e
0000013d
ffffff3f
00000065
fffffff2
0000005c
ffffff88
00000014
00000008
ffffffb2
ffffff42
00000020
ffffff80
00000080
ffffff6d
ffffff2b
fffffe3e
00000077
ffffff77
ffffff3f
fffffdbd
00000075
ffffffae
0000000d
00000014
0000000f
00000047
ffffffee
00000040
0000004c
00000089
fffffd6b
ffffff59
000000da
00000063
00000066
ffffff49
0000012e
ffffff4e
0000002f
0000000a
000000d5
00000066
fffffffb
fffffe7d
ffffffab
00000117
ffffffb6
ffffffdd
000000a5
ffffffb8
000000a0
0000008d
ffffff5b
000000bd
ffffff57
00000013
000000fc
0000015a
ffffff93
00000193
0000008a
fffffe9a
ffffffbe
ffffff8c
0000014c
ffffff0b
0000008d
ffffffd3
00000069
ffffff8e
00000032
00000072
0000000a
ffffff02
ffffffbd
ffffff29
00000042
ffffff44
ffffff1a
fffffde3
000000ea
ffffffcd
ffffff83
fffffdaa
000000b0
ffffffa7
fffffff9
00000025
00000044
0000002a
ffffffe7
00000050
0000005d
000000b4
fffffd48
ffffff94
00000125
0000005e
00000053
ffffff59
00000171
ffffff69
ffffffe8
00000003
00000078
00000093
0000000e
fffffe73
ffffffcb
000000fc
ffffffcf
ffffffed
00000095
ffffffb4
000000a0
00000077
ffffffa1
000000e2
fffffed5
0000000d
000000d1
0000016a
ffffff0e
0000014f
0000003f
fffffe1c
ffffffc3
ffffffb0
00000123
fffffecb
0000008d
ffffffda
000000ed
ffffffdc
00000048
0000009b
00000040
ffffff19
ffffff87
ffffff0d
00000054
ffffff8c
fffffef7
fffffe16
000000fd
ffffff9b
ffffffc3
fffffdb3
000000cf
ffffff84
0000007c
0000004d
0000003c
00000047
0000001f
00000002
0000003d
00000087
fffffd58
ffffff94
00000138
00000053
00000005
ffffff4e
0000016d
ffffff6e
ffffffe8
00000017
000000d5
000000b6
0000002b
fffffe58
ffffffed
000000da
ffffffcf
ffffffd1
00000079
ffffffb9
0000009a
00000081
ffffff90
000000e4
fffffeb2
fffffff6
000000cd
00000177
ffffff76
00000150
0000002e
fffffe04
ffffff8d
ffffffab
00000138
ffffff1c
00000096
ffffffd0
000000a2
ffffffa6
00000011
0000006c
00000010
ffffff24
ffffffdb
ffffff42
00000081
ffffff88
fffffef2
fffffe5a
000000b2
ffffffbf
ffffffa7
fffffe86
00000089
ffffffc3
00000057
00000020
00000019
0000003b
00000006
fffffffe
00000040
00000070
fffffe23
ffffff9d
000000f1
00000055
0000004a
ffffff94
0000014f
ffffffa0
0000001c
ffffffbb
00000086
00000073
00000002
fffffe93
00000031
000000fb
00000006
ffffffeb
00000059
ffffffb6
00000099
0000002b
ffffff7e
000000be
ffffff19
ffffffcf
000000bd
00000131
ffffff5d
00000132
00000024
fffffeb1
00000025
ffffffbb
000000ca
ffffff22
00000067
ffffffda
00000090
ffffffe6
00000024
000000ca
0000005a
ffffff8a
ffffffc6
ffffff8b
00000074
ffffff9e
ffffff59
fffffe94
000000e2
ffffffae
ffffff7b
fffffdcd
000000d7
ffffff46
0000001f
ffffffe1
0000002b
00000058
ffffff7c
00000081
00000038
00000067
fffffd6e
ffffff9b
000000b1
0000004b
0000001c
ffffff68
00000146
ffffff6c
00000060
00000034
000000a8
00000062
000000a4
fffffeb8
ffffff85
00000084
fffffff0
ffffffeb
00000074
ffffffbb
0000004f
000000a7
ffffffa6
000000d8
ffffff2f
00000006
000000b4
00000154
ffffff9f
00000120
0000006f
fffffe0a
ffffff4b
ffffffe4
000000fd
ffffff14
000000c3
00000023
000000ca
ffffff73
fffffff7
00000089
00000007
ffffff95
ffffffea
ffffff75
0000002a
ffffffec
ffffff76
fffffe5e
000000ba
ffffffeb
ffffff6a
fffffe0e
000000f0
ffffffa9
00000011
00000012
00000037
00000058
ffffffea
00000057
00000054
00000072
fffffda8
ffffff6b
000000e3
00000074
00000044
ffffff86
0000018a
ffffff4f
fffffffd
ffffffc6
0000009f
000000ab
00000062
fffffec9
ffffff9c
0000011e
fffffffa
ffffffe0
00000097
ffffffd9
00000095
00000082
ffffff64
000000f4
ffffff26
00000020
000000f1
00000150
ffffff48
0000016a
00000059
fffffe30
ffffffe1
ffffffa7
000000fb
fffffebc
000000b3
00000001
000000ef
ffffffd9
00000028
00000081
0000001c
ffffffda
fffffff3
ffffff61
0000006f
ffffffab
ffffff0e
fffffe4d
000000ed
ffffff97
0000005c
00000200
fffffe28
0000006e
0000019c
ffffffc9
ffffff03
fffffcb1
ffffff8d
fffffc64
ffffff9c
ffffffbb
ffffffe6
000000e3
00000239
fffffda0
0000022d
fffffe31
fffffd00
fffffe6f
fffffe86
ffffffa1
ffffff7f
0000003c
fffffc85
ffffff26
000000b5
000002c6
ffffff96
fffffdf7
fffffee9
ffffff53
fffffe9f
ffffffee
ffffffb8
000001b3
ffffff88
ffffff36
fffffec4
0000000a
0000000f
fffffdd0
ffffff2f
000000c5
ffffff5c
0000019c
fffff78e
000000d1
ffffff84
ffffffe0
fffffeea
00000128
fffffeb1
0000000e
0000026e
fffffebb
fffffdd0
ffffff71
ffffff35
000000e3
00000040
0000004e
fffffe3e
fffffff1
0000008b
000001bb
fffffea7
000000c3
000001fc
ffffffc8
fffffe8c
fffffcf2
ffffff91
fffffc87
ffffffc5
ffffffee
ffffffb0
000000ff
00000229
fffffe09
00000235
fffffe98
fffffd45
fffffe08
fffffec2
ffffff77
ffffffe7
000000e9
fffffc32
ffffff8b
0000010f
000002ce
ffffff70
fffffdf6
ffffff7c
ffffff0f
ffffff35
00000071
ffffffcf
00000166
ffffff10
ffffff25
ffffff1a
ffffffbc
ffffffd1
fffffe4b
ffffff63
00000098
ffffff79
0000019b
fffff77a
0000008f
ffffff5b
ffffff96
ffffff0b
0000019e
fffffe2e
ffffffbe
000002b2
fffffe89
fffffe4e
ffffff7a
ffffffaa
000000c0
0000001f
00000080
fffffe4e
ffffff98
000000bc
000001ee
fffffe75
ffffffce
00000198
ffffff74
fffffeee
fffffcc9
ffffff64
fffffd06
00000040
ffffffb6
fffffff4
0000013b
00000209
fffffdb5
00000249
fffffe6b
fffffd6d
fffffe6e
fffffe71
ffffffb1
ffffff1e
00000079
fffffc98
ffffff54
00000122
00000350
ffffff65
fffffdb8
ffffff05
ffffff02
fffffe76
00000033
00000015
0000010a
ffffff69
fffffef8
ffffff80
0000006c
00000037
fffffeb1
ffffff7b
000000b9
ffffff74
000001ac
fffff7c9
000000e1
00000056
0000002a
ffffff05
0000019f
fffffebb
ffffffa3
000002b4
fffffec7
fffffd96
ffffff9b
ffffff6d
000000ba
fffffffc
00000036
fffffe4b
ffffffcc
000000ab
000001c7
fffffe23
00000079
000001f1
ffffff66
fffffe4f
fffffd31
ffffff8f
fffffc86
ffffff8b
fffffff9
00000030
000000aa
0000024f
fffffdff
000001ee
fffffea5
fffffe39
fffffe84
fffffea6
ffffff67
ffffffdb
000000b1
fffffc5e
ffffff1d
000000ef
000002cc
ffffff77
fffffdbb
ffffff40
fffffefd
ffffff05
0000001f
0000002f
00000143
ffffff4e
ffffff1a
fffffee2
fffffff5
0000002f
fffffe53
ffffff7c
00000094
ffffff2c
0000023b
fffff7ae
000000cc
ffffff57
ffffffde
fffffed4
0000012c
fffffe73
0000001c
0000021c
fffffe9f
fffffe8d
ffffffa5
ffffff7e
00000032
00000079
000000e2
fffffe97
ffffffdf
000000c0
00000196
fffffed9
0000006b
00000108
ffffffa1
fffffea1
fffffc9b
ffffffb3
fffffce8
fffffffd
fffffffc
ffffffb3
000000c2
000001ed
fffffe17
00000204
fffffeb1
fffffd80
fffffecf
fffffece
ffffff74
ffffff48
000000a0
fffffc3b
ffffff67
000000f7
000002fc
ffffffcb
fffffe36
fffffef3
ffffff1f
ffffff27
ffffffd5
ffffff9e
0000010d
ffffffa5
ffffff53
ffffff45
00000008
ffffffeb
fffffe75
ffffffa7
000000df
ffffff4d
0000013e
fffff829
00000054
0000002e
00000000
ffffff0a
00000160
fffffeeb
fffffffb
0000027a
fffffe8d
fffffdc0
ffffffb1
ffffff54
0000009c
ffffffc6
00000067
fffffe60
ffffff9e
000000b1
00000229
fffffd6f
0000002d
00000225
ffffff53
fffffeed
fffffc54
ffffff81
fffffcb4
ffffffbd
fffffff3
0000000e
0000012e
000001f7
fffffeb1
00000238
fffffda2
fffffdbc
ffffff7d
fffffe7c
ffffffc0
ffffffad
0000009f
fffffc62
ffffff49
00000080
0000030b
ffffff09
fffffe13
ffffff43
fffffedc
fffffe8e
fffffff5
ffffffed
000000df
fffffee7
ffffff3a
fffffee2
00000030
ffffffdc
fffffdd3
ffffff6b
0000014c
ffffff92
00000190
fffff776
00000089
ffffffe2
ffffffa4
fffffebe
000001e3
fffffe56
ffffffea
00000290
fffffefe
fffffe50
fffffee9
ffffff20
0000002e
ffffff91
000000a3
fffffe7a
ffffff7c
000000c4
000001aa
fffffdbe
00000006
000001d3
ffffffc5
fffffed5
fffffd2d
ffffff49
fffffc73
ffffff2f
ffffffbe
ffffff7f
00000071
0000025d
fffffe1c
00000263
fffffe00
fffffd6f
fffffedc
fffffe2b
ffffffbd
ffffff6d
00000029
fffffca7
ffffff17
0000006b
00000248
ffffff79
fffffe0d
fffffeee
ffffff6e
fffffe8a
ffffff66
ffffffe8
00000139
ffffff58
ffffff07
fffffee3
00000069
ffffff98
fffffe06
fffffefc
0000006a
ffffff6e
00000209
fffff75a
000000ae
ffffffb5
ffffffbc
ffffff36
00000130
fffffea7
00000054
00000244
fffffe85
fffffe30
ffffff8c
ffffff06
00000075
00000005
00000025
fffffee2
fffffff2
00000137
000001fb
fffffe58
000000c9
0000018a
ffffffe5
ffffff3b
fffffc8a
ffffff88
fffffce0
ffffffea
0000002a
ffffffdc
00000090
000001dd
fffffee7
00000205
fffffe22
fffffd97
ffffff16
fffffe6f
fffffec3
ffffff6f
000000cb
fffffcd1
fffffece
0000003a
00000354
ffffff44
fffffe64
fffffeae
ffffff02
fffffeb0
0000000f
ffffff75
00000147
ffffff01
fffffee5
fffffeac
00000051
ffffff72
fffffeab
ffffffd3
00000117
ffffff6e
000001d0
fffff77d
0000002a
ffffffed
ffffffd2
ffffff01
000001e3
fffffe7f
00000004
0000028b
ffffff33
fffffe25
fffffe9b
ffffff5e
00000073
ffffff67
000000b5
fffffe39
ffffffcc
000000ab
000001c9
fffffe7e
00000045
00000194
ffffffb6
ffffff29
fffffd6a
ffffff99
fffffc94
ffffffaf
ffffff6c
ffffffdf
0000006e
00000215
fffffe5f
00000257
fffffec9
fffffd60
fffffe8c
fffffe75
ffffff87
ffffff97
000000b9
fffffcc2
ffffff66
000000a5
000002fe
ffffff68
fffffe28
ffffff84
ffffff5c
fffffe4f
ffffffce
ffffff89
000001a4
ffffff75
ffffff53
fffffee8
0000002b
ffffffd9
fffffe72
ffffff82
00000093
ffffff4f
0000017e
fffff7b5
000000a2
ffffff9f
0000001b
ffffff17
00000182
fffffe5c
00000056
00000265
ffffff1d
fffffe3c
ffffff04
ffffff5a
000000dd
00000009
00000059
fffffeb6
ffffff7f
0000011f
00000191
fffffe13
00000057
00000201
ffffff8c
fffffe99
fffffd4f
ffffff58
fffffcb9
ffffff85
ffffff87
ffffffda
00000099
00000228
fffffe29
00000250
fffffea5
fffffd40
fffffee9
fffffeb1
ffffff59
ffffff8f
00000067
fffffc77
ffffff62
000000aa
000002ec
ffffff98
fffffe0e
ffffff28
ffffff4f
fffffea0
ffffff9d
0000001f
00000145
ffffff28
ffffff1f
fffffec5
0000003d
00000040
fffffde1
ffffff6e
000000e3
ffffff3a
0000022e
fffff7f6
0000005f
fffffff9
ffffffdd
ffffff47
0000012f
fffffe89
00000043
000002d7
fffffe88
fffffe74
ffffffae
ffffff4f
00000074
00000014
00000077
fffffe46
ffffffcc
00000095
0000017d
fffffe30
00000035
000001ee
ffffffc9
fffffebb
fffffca6
ffffff3b
fffffc5e
ffffff54
00000014
00000003
00000098
0000020e
fffffe4b
00000242
fffffe31
fffffd08
fffffeb9
fffffe94
ffffff78
ffffff64
000000a1
fffffc65
ffffff5e
00000076
00000300
fffffefb
fffffe24
ffffff01
fffffef6
fffffe91
ffffff9d
0000002c
000000dc
ffffff3c
ffffff2f
fffffeec
0000004f
00000014
fffffe29
ffffff6a
000000d1
ffffff6e
000001e7
fffff752
000000ef
ffffffaa
ffffffba
ffffff02
00000181
fffffe7f
00000060
00000252
ffffff01
fffffe6f
ffffff62
ffffff35
00000036
fffffff3
00000075
fffffe32
ffffff76
00000084
00000239
fffffde6
00000054
00000182
ffffff69
fffffebe
fffffcb7
ffffff6e
fffffca2
ffffffd1
ffffff40
ffffffff
00000130
000001b1
fffffd7e
00000206
fffffed2
fffffd81
fffffed2
fffffede
ffffff94
ffffffa8
000000ab
fffffc89
ffffff83
000000ae
000002da
ffffff54
fffffdf5
ffffff4a
ffffff46
fffffe95
0000000e
0000002a
0000014b
ffffffee
ffffff3b
ffffff38
ffffffea
ffffffb2
fffffe30
ffffffc4
00000107
ffffff2e
000001cf
fffff787
000000f4
ffffff83
00000025
fffffead
00000199
fffffe61
ffffff6a
00000248
ffffff09
fffffe57
ffffff12
ffffff63
000000a9
00000070
00000074
fffffd80
ffffffdd
000000a7
000001e9
fffffe3e
0000008c
000001c4
ffffffa7
fffffea1
fffffc8d
ffffff68
fffffc42
ffffff61
0000003c
ffffffe8
00000119
00000222
fffffe29
0000023c
fffffe1e
fffffd51
fffffe4f
fffffe67
ffffff94
ffffffb3
0000008b
fffffbea
ffffff5e
000000d6
0000034c
ffffff77
fffffe25
ffffff50
ffffff20
fffffedf
fffffffd
ffffffe9
0000012b
ffffff40
ffffff41
fffffed4
0000000d
ffffffa3
fffffe12
ffffff32
000000e6
ffffff65
00000178
fffff768
000000c5
ffffff98
ffffff92
fffffeb3
0000017f
fffffe4d
fffffff7
00000264
fffffe88
fffffdd0
fffffece
ffffff17
0000001e
0000000d
00000097
fffffe42
ffffff99
00000110
0000024e
fffffe53
ffffffe8
0000019e
ffffffc8
fffffedf
fffffcc5
ffffffd6
fffffc6e
ffffffaa
00000006
ffffffe9
000000ca
000001da
fffffe0c
0000024c
fffffdfe
fffffd5a
fffffebe
fffffe3f
ffffff6d
ffffff05
000000cc
fffffcba
ffffff0f
00000078
000002fc
ffffffa2
fffffe15
fffffee7
ffffff44
fffffe65
ffffffbc
fffffffc
0000011c
ffffff91
ffffff34
fffffed9
0000002d
ffffffb3
fffffe2d
ffffffa7
00000125
ffffff72
00000191
fffff72a
00000099
ffffffbf
fffffff6
fffffee3
0000017c
fffffe6b
00000001
000002a8
ffffff33
fffffe27
fffffef1
ffffff23
0000008e
ffffffcb
00000089
fffffe1c
ffffff82
000000d5
0000022f
fffffdda
00000014
0000021b
ffffff8b
fffffebf
fffffc64
ffffff7f
fffffc9e
ffffffa5
ffffff67
ffffffdb
00000124
000001ed
fffffe2d
000001bb
fffffe56
fffffd42
fffffeb4
fffffeb5
ffffffc4
ffffff33
00000064
fffffd01
ffffff60
000000a5
00000262
ffffff70
fffffe60
fffffeca
ffffff26
fffffe1b
ffffffdc
ffffffe3
00000116
ffffff61
fffffed8
fffffec1
00000026
ffffffdf
fffffe06
ffffff33
00000137
ffffff76
000001d5
fffff69e
0000010f
ffffffff
0000002d
ffffff31
000001cc
fffffe96
ffffffd5
000002c3
ffffff4a
fffffe14
00000019
ffffff02
0000006f
0000004c
00000004
fffffe33
fffffffa
00000094
000001b7
fffffe04
0000007a
0000017b
ffffff4b
fffffe5e
fffffc55
ffffff4f
fffffcb1
ffffffae
ffffff9f
00000017
0000003f
00000208
fffffdd9
000001ea
fffffe0a
fffffd33
fffffef0
fffffea1
fffffeab
ffffffb2
000000ca
fffffc7d
ffffff23
00000076
000003a1
ffffff25
fffffe22
ffffff1f
ffffff3c
fffffe9e
ffffffd1
00000003
00000125
ffffff38
fffffea8
fffffe95
00000019
00000002
fffffdd4
ffffffa2
00000117
ffffff5b
000001f8
fffff747
000000a5
ffffff91
ffffffdc
fffffefc
000001ad
fffffe14
00000010
00000306
fffffec9
fffffe13
ffffff6d
ffffff0e
0000000d
00000037
0000003f
fffffdc3
ffffff65
00000021
00000218
fffffdc4
00000001
00000190
ffffff92
ffffff53
fffffcb6
ffffffae
fffffcaa
ffffff54
ffffffef
00000004
000000c9
000001f9
fffffe1d
0000021a
fffffdf1
fffffda4
fffffec3
fffffed0
ffffff36
ffffff52
00000072
fffffc82
ffffff8f
00000073
000002b8
ffffff29
fffffe54
ffffff8c
ffffff2c
fffffe70
00000022
00000025
00000105
ffffff7e
ffffff73
fffffeac
00000040
fffffff9
fffffdd0
ffffff40
000000ff
ffffff36
0000018a
fffff770
000000a5
ffffff69
ffffffba
ffffff10
00000138
fffffe62
00000010
00000277
ffffff63
fffffe5d
fffffeff
ffffff29
00000051
0000000b
00000085
fffffdeb
ffffff98
000000e2
00000221
fffffeba
00000075
0000018a
ffffff94
fffffeba
fffffce4
ffffff6e
fffffcae
ffffffd5
ffffffc3
0000002f
000000ca
000001f2
fffffe4d
000001b4
fffffecb
fffffd8d
fffffebb
ffffff09
ffffff15
ffffff85
000000cd
fffffccd
ffffff15
000000e0
00000374
ffffffda
fffffe3c
ffffff20
ffffff22
fffffeec
00000028
ffffffe2
00000100
ffffff71
ffffff54
fffffedc
ffffffdc
00000017
fffffdcd
ffffffd7
000000d9
ffffff75
0000014f
fffff7b4
00000070
ffffffee
00000020
fffffedc
0000019f
fffffe8d
ffffffd3
00000292
ffffff0d
fffffe3e
ffffff59
ffffff75
0000008f
fffffffe
0000010a
fffffe18
ffffffac
00000113
0000021f
fffffe87
00000022
00000179
ffffff7b
ffffff78
fffffd18
ffffff86
fffffca9
ffffffdc
fffffffc
ffffffb2
000000bf
0000023e
fffffdef
00000257
fffffe32
fffffdda
ffffff3b
fffffe77
ffffff46
ffffff1f
00000056
fffffc8c
ffffff71
000000d3
000002b9
ffffff47
fffffe26
ffffff2e
ffffff0e
fffffecf
00000025
00000025
0000013e
ffffff7e
fffffeea
fffffec2
0000002d
fffffff6
fffffdb2
ffffff27
000000b5
ffffff13
000001ec
fffff7ce
0000005e
ffffff7f
fffffff5
ffffff58
00000174
fffffec1
ffffffb2
00000269
fffffee5
fffffe0e
ffffff8e
ffffff72
000000c9
00000033
00000056
fffffdbe
ffffffc0
000000e4
000001b1
fffffdbe
ffffffe9
000001ae
ffffff2e
fffffebf
fffffcfa
ffffff70
fffffcf8
ffffff44
ffffffa4
ffffffce
000000fd
000001bb
fffffe15
000001fd
fffffe58
fffffe3b
fffffec2
fffffe6a
ffffff46
ffffffa2
00000070
fffffc88
ffffff31
000000b2
00000334
ffffff82
fffffdc0
ffffff52
fffffefa
ffffff08
ffffffed
0000006f
000000e8
ffffff30
ffffff60
fffffef8
0000006d
00000018
fffffdc3
ffffff8b
000000b3
ffffff51
000001bd
fffff71f
000000ff
ffffffe9
ffffffc6
ffffff1b
00000158
fffffe7b
ffffffa4
00000291
ffffff66
fffffdfb
ffffff2c
ffffff1f
00000052
ffffff98
000000e9
fffffe19
ffffff5f
ffffffcd
000001a8
fffffdc0
ffffffda
fffffe56
fffffef8
fffffeee
ffffff1a
fffffeef
00000013
fffffe9b
fffffe82
000000b0
fffffed8
00000001
fffffe92
ffffff63
0000011c
000000ba
fffffeb9
0000012d
fffffd0a
ffffffea
000000c3
fffffefa
0000007c
ffffffc2
0000008b
fffffed3
fffffffe
ffffffde
ffffffbf
000000c4
000000cd
000000dc
ffffffe0
00000238
ffffff06
ffffff58
00000033
00000050
ffffff63
00000051
000001e6
fffffe4c
000000cd
fffffc7a
ffffffda
fffffdad
0000019c
0000000d
000000a6
fffffdb1
ffffff5d
00000079
00000186
00000141
ffffffd8
000000f4
ffffff55
0000012c
ffffff09
fffffca0
0000004b
ffffffb4
0000015d
fffffe56
00000000
fffffe74
ffffff13
ffffff3b
fffffe46
ffffff21
00000037
fffffec8
fffffe97
000000c2
fffffeb5
0000000e
fffffea9
ffffff0f
00000150
0000007e
ffffff8a
000000ed
fffffdd9
00000009
00000085
ffffff17
00000077
ffffff0e
000000bd
fffffe1e
00000026
ffffffb1
fffffff4
0000006e
00000076
000000ac
ffffff77
000001ae
ffffff7e
ffffff1e
0000008e
00000045
ffffffcc
00000060
00000156
fffffeb6
000000bd
fffffc47
fffffffa
fffffdc6
00000193
ffffff9a
00000118
fffffd70
ffffffec
0000002e
0000015d
000000fb
00000013
000000db
fffffef2
00000164
ffffffa3
fffffcc7
0000006b
ffffffa9
000000f2
fffffea4
ffffff9f
fffffdec
ffffff38
ffffff65
ffffff6f
ffffff2b
000000ac
fffffe8c
ffffffad
00000068
fffffeef
fffffff1
fffffdc7
ffffff2a
00000152
000000b3
ffffffb4
00000132
fffffd6c
ffffffaf
0000008b
fffffee0
000000cf
ffffff79
00000049
fffffe3b
00000024
0000009e
fffffff8
0000004c
000000de
000000be
ffffffc5
00000255
ffffff0f
ffffffd0
0000009b
00000041
ffffffdb
000000b3
00000101
fffffe0a
000000c1
fffffc57
ffffff8e
fffffde3
0000020c
000000da
000000b0
fffffe0d
ffffffcb
00000091
00000102
000000f0
00000021
000000d9
ffffff3a
0000014f
fffffead
fffffb88
0000001e
ffffffe3
0000018d
fffffdf2
fffffffe
fffffe5f
fffffed2
ffffff4f
fffffe72
ffffff4f
0000004f
fffffedb
fffffe83
000000fe
fffffe8a
0000002c
fffffe20
fffffebb
00000114
00000067
ffffff75
000000f6
fffffd14
0000001c
0000007c
fffffeaf
00000072
ffffff43
0000011c
fffffe1c
fffffff3
00000008
00000003
000000c3
000000db
000000ca
ffffffea
000001b6
ffffff3c
ffffff1f
00000034
0000007d
ffffff83
00000077
00000168
fffffecd
000000e9
fffffc62
fffffff0
fffffd91
0000019a
ffffffc1
000000c0
fffffdbb
ffffffe4
00000075
00000157
0000013e
ffffffc9
000000e6
ffffff3c
00000105
ffffff6c
fffffc18
00000029
ffffffdb
000000ff
fffffe09
ffffff96
fffffe34
ffffff88
ffffff52
fffffe0e
fffffebc
0000003a
fffffe8b
fffffea8
000000ca
fffffe96
00000031
fffffe2d
ffffff15
0000010c
000000ab
00000020
00000151
fffffd40
ffffff7c
0000008c
fffffefe
0000002e
fffffefa
0000007b
fffffd95
00000039
00000012
ffffffd8
00000065
000000fd
00000100
ffffff9b
000001ab
ffffff30
ffffff96
00000079
00000060
fffffff5
00000074
00000106
fffffe7e
000000db
fffffc2c
ffffffd1
fffffdf7
00000155
ffffffee
00000088
fffffd2a
ffffff73
0000006d
000000c3
000000d6
ffffff59
00000113
fffffeec
000000ca
fffffedd
fffffcdc
0000007b
00000015
0000014c
fffffe1c
fffffff3
fffffe6f
ffffff3d
ffffff35
fffffea6
fffffec0
0000003e
fffffe4f
fffffe6e
00000076
ffffff07
00000042
fffffe2e
fffffe94
00000146
000000a1
ffffff51
00000148
fffffd66
ffffffbd
000000b2
fffffefe
0000001e
ffffff78
000000a6
fffffe88
ffffffbd
fffffffe
00000006
000000b7
000000be
00000138
ffffffea
000001ed
ffffff4a
ffffff46
00000045
00000053
ffffffc8
0000008b
0000015b
fffffe9f
000000f9
fffffbdf
ffffffc5
fffffe3b
000001b4
00000043
00000071
fffffd6e
ffffff9b
0000008e
00000128
000000f6
fffffff4
000000e1
fffffefb
000000da
ffffff0a
fffffca2
0000001c
ffffff69
0000016a
fffffdfb
ffffffda
fffffe0f
ffffff17
fffffec0
fffffee0
fffffe97
00000080
fffffe78
fffffe54
0000004e
ffffff25
00000051
fffffeb7
ffffff7c
0000014a
000000d2
ffffff1d
00000165
fffffce7
00000015
00000043
fffffed9
00000091
ffffff7f
0000003e
fffffe51
0000002a
fffffff0
ffffffbb
00000131
00000160
000000ea
00000019
000001fb
ffffff09
ffffffe1
0000007d
00000005
ffffffac
00000073
0000013a
fffffe56
000000be
fffffc54
fffffff7
fffffde2
000001e8
ffffffd6
00000097
fffffde2
ffffff64
00000071
00000179
000000fe
ffffffe2
00000177
ffffff85
0000017b
fffffe90
fffffcdb
0000006b
0000000c
00000158
fffffe61
ffffffcb
fffffe3e
ffffff06
ffffff83
fffffe92
ffffff49
00000079
ffffff32
ffffff24
00000099
fffffef2
0000004c
fffffee4
ffffff64
00000147
000000c4
ffffff84
000000e7
fffffd56
00000003
ffffffeb
ffffff0f
00000059
ffffff9f
000000b2
fffffe54
0000005f
ffffffe5
ffffff96
000000b6
000000d9
000000bb
00000025
0000017a
ffffff19
ffffff85
00000017
00000023
fffffef3
0000005b
000000e2
fffffec1
000000c5
fffffc7d
ffffff93
fffffe00
0000016e
0000004d
000000ac
fffffe0a
ffffff89
000000ee
000000f2
000000bb
fffffffd
000000fc
ffffff6c
000000a6
ffffff11
fffffcb3
ffffffe8
ffffffd6
000001aa
fffffe7e
00000007
fffffe5d
fffffe99
ffffff6d
fffffed3
fffffed9
00000012
fffffe66
fffffec0
000000ba
fffffe88
0000003d
fffffefe
ffffff70
00000173
00000094
ffffff6e
00000098
fffffdaf
00000052
0000009a
ffffff0e
000000a0
ffffff60
000000f4
fffffe70
ffffffee
00000050
ffffffdd
00000096
00000077
000000b6
ffffffb5
000001ed
ffffff70
ffffff1e
ffffffee
fffffff1
ffffff8b
00000068
00000131
fffffeb3
000000d4
fffffbd8
ffffffd7
fffffd20
000001a4
ffffffe9
00000144
fffffd72
ffffff7c
00000020
000001ac
00000163
ffffff5d
000000e4
fffffedc
0000012c
ffffff2d
fffffbdf
ffffff79
fffffff2
000000fb
fffffe41
ffffff82
fffffdea
ffffff5a
ffffff44
ffffff3a
fffffe90
00000022
fffffe97
fffffeac
fffffff8
fffffed2
00000055
fffffe84
fffffecc
000000e2
000000c2
ffffff81
0000015e
fffffd06
ffffffa5
0000008a
ffffff25
00000043
ffffff28
000000b8
fffffe3d
00000065
0000000b
0000001c
00000099
000000c0
000000f9
00000045
000001ba
ffffff36
ffffff53
00000095
00000000
ffffff7a
00000024
00000104
fffffeae
000000d2
fffffc11
ffffff6d
fffffe60
0000019e
00000069
00000106
fffffde7
0000004e
00000080
0000011a
000000ec
ffffffa8
000000ed
ffffff70
000000b1
fffffe95
fffffc84
fffffff4
ffffff7a
000000f8
fffffee2
00000007
fffffe11
ffffff3a
ffffff3b
fffffe85
ffffff20
00000052
fffffef2
fffffece
0000007c
fffffefd
0000004a
ffffff37
ffffff79
0000012a
000000de
ffffff76
0000012e
fffffd62
00000024
00000027
ffffff2b
00000067
ffffff64
00000048
fffffe4d
00000087
ffffffc8
ffffffbe
00000096
00000127
000000a0
0000000c
00000174
ffffff63
ffffffc7
00000058
00000019
ffffffd3
00000069
00000092
fffffeac
000000c6
fffffd14
ffffff7c
fffffdd2
0000019e
00000000
0000009d
fffffdd8
ffffffe0
000000e0
00000166
000000d4
00000023
00000113
ffffffed
00000148
ffffff30
fffffd7f
00000028
0000003e
000000ce
fffffda1
ffffff70
fffffe8c
ffffffc3
fffffefc
fffffed8
fffffead
00000083
fffffe87
fffffeaa
00000034
fffffebd
0000005c
fffffee1
fffffee7
00000114
0000004b
ffffffd9
00000147
fffffd0e
ffffff9c
00000028
fffffef6
0000001d
ffffff4f
00000093
fffffe3f
00000054
fffffffb
00000049
000000e8
0000006a
00000115
00000015
0000017c
ffffff20
ffffff43
000000be
0000009d
ffffff86
0000001f
0000017b
ffffff50
00000031
fffffbeb
ffffffe6
fffffeaf
00000158
00000022
0000008b
fffffe35
00000073
00000063
0000010d
000000cc
00000018
000000ef
ffffff0b
00000066
fffffe91
fffffcb4
00000047
ffffffaf
0000014a
fffffd9b
ffffffcd
fffffddc
fffffeff
fffffec3
fffffe68
fffffedb
00000069
fffffe7c
fffffe8e
000000b7
fffffe96
00000004
fffffed6
ffffff2e
0000016a
00000108
ffffff1c
000001a8
fffffc25
ffffff8b
000000ac
fffffed7
000000aa
ffffff5c
000000f8
fffffe2f
00000011
ffffffd2
ffffffd5
0000010c
000000f9
000000e4
ffffffd2
00000240
ffffff21
ffffff36
0000009e
00000100
ffffffc6
000000c8
000001ca
fffffe62
0000010a
fffffbf2
ffffffb8
fffffddd
000001ac
ffffffea
0000009e
fffffd74
ffffffa2
00000077
00000159
0000011a
ffffffbc
0000010a
fffffeed
00000134
fffffecf
fffffc6a
00000016
00000047
00000134
fffffe10
ffffff90
fffffddb
ffffff1f
ffffffac
fffffea4
fffffec4
000000d6
fffffed7
fffffeb5
00000082
ffffff0a
ffffffef
fffffdf7
ffffff31
00000135
000000b8
ffffff72
0000012d
fffffd8d
fffffffb
00000035
ffffff27
00000083
ffffff32
0000009f
fffffe1e
0000000b
fffffffd
00000013
0000009c
00000107
000000f0
ffffffaa
000001bf
ffffff59
ffffff2d
000000ca
00000070
ffffffa8
0000008f
000000f5
fffffe53
000000bc
fffffd0c
ffffffa8
fffffe9e
00000170
00000023
000000b2
fffffdf3
ffffffa5
000000a9
000000ad
000000b5
ffffff8c
0000010d
ffffff70
0000009e
fffffe93
fffffc9b
00000062
ffffffac
00000115
fffffe87
ffffffc4
fffffe43
fffffee8
ffffff9e
fffffee9
ffffff13
00000032
ffffff24
ffffff01
00000024
ffffff2f
fffffffe
fffffe97
ffffff7b
00000143
0000010d
ffffffc4
00000116
fffffd67
ffffffdf
00000096
ffffff50
00000071
ffffff50
00000068
fffffecf
ffffffd1
0000005f
ffffffc5
00000061
000000ff
00000073
ffffffb9
00000222
ffffff63
ffffff9a
00000095
00000035
ffffffad
0000003d
0000010a
fffffe31
00000087
fffffcef
ffffff85
fffffe05
000001b0
0000009c
000000cd
fffffdf0
ffffffe2
00000036
00000105
000000cb
ffffffb7
000000d1
ffffffbf
0000011e
fffffef5
fffffd01
00000027
ffffffd5
00000144
fffffe04
ffffffce
fffffdec
ffffff36
ffffff1d
fffffeec
fffffe85
00000039
fffffe89
fffffee6
0000008b
ffffff16
00000049
fffffe20
ffffff55
000000fe
000000e3
ffffff2f
00000149
fffffd45
00000054
000000f8
fffffef6
0000007b
ffffff7b
0000007e
fffffe59
00000003
00000056
ffffffae
000000af
000000f6
000000c9
00000025
000001fe
ffffff77
ffffffe4
00000063
00000003
ffffff83
0000005b
00000085
fffffe0f
00000129
fffffc77
ffffffca
fffffe13
000001e3
000000e5
00000061
fffffdf8
ffffff8f
0000008d
00000172
00000140
ffffff50
000000f6
ffffff90
0000013b
ffffff27
fffffcb1
00000062
00000013
00000178
fffffdfd
0000001d
fffffe58
ffffff3b
ffffff83
fffffe8f
ffffff18
00000049
fffffec6
fffffe70
000000ce
fffffed1
00000032
fffffe12
ffffff21
00000122
00000048
ffffff5d
000000ea
fffffd60
ffffffea
000000a0
fffffedc
0000009c
ffffff7f
00000095
fffffe5f
0000001a
ffffffe4
ffffffbe
0000009b
000000cc
00000088
ffffffdb
000001d5
ffffff40
ffffff32
00000025
00000014
ffffff78
00000083
000001a1
fffffe96
00000109
fffffbfa
ffffffe6
fffffdfa
00000191
00000020
000000df
fffffdaf
ffffff79
0000005e
00000111
000000ef
ffffffe2
000000db
ffffffa1
0000010d
ffffff6d
fffffc3e
00000030
ffffffc1
00000172
fffffe0a
ffffff7b
fffffe73
ffffff37
ffffff4d
fffffee0
fffffef1
00000030
fffffde5
fffffe7a
000000e8
fffffea7
00000051
fffffdcb
ffffff47
000000ea
00000030
ffffff12
0000011a
fffffd91
fffffffd
000000ca
fffffe69
000000a4
ffffff08
00000097
fffffe5c
00000046
0000000a
00000033
0000006a
000000f7
00000101
ffffffbb
000001ef
ffffffa4
ffffff77
0000006a
00000032
ffffffd6
00000096
00000123
fffffec8
000000b7
fffffc05
ffffffff
fffffdd4
0000019b
00000012
00000087
fffffd37
ffffffc7
0000003b
00000166
000000f2
ffffff6e
000000c2
ffffff2c
00000153
ffffff5c
fffffc33
00000009
ffffffc0
00000146
fffffdaa
ffffffc8
fffffe5e
fffffeed
ffffff1e
fffffeab
ffffff28
00000035
fffffe92
fffffe52
000000d9
fffffe57
00000056
fffffe9d
ffffff32
0000014a
00000131
ffffff42
00000170
fffffcf0
ffffffbf
0000010f
fffffee1
0000008c
ffffffb6
000000d2
fffffe63
ffffffe0
ffffffb4
00000000
000000b6
0000013b
000000b2
ffffffd8
00000201
ffffff1f
ffffff56
0000002b
000000cc
ffffff90
000000a7
0000017c
fffffea7
000000ed
fffffc20
fffffff1
fffffdb3
0000019c
0000003d
000000a2
fffffd9b
ffffff4d
00000045
000001a3
00000178
ffffff77
00000126
ffffff0c
00000182
ffffff5e
fffffcb3
00000090
00000005
000000fa
fffffdfa
ffffff92
fffffea4
ffffff03
fffffedd
ffffff28
ffffff0b
00000052
fffffe26
fffffeba
00000078
fffffe93
00000086
fffffe95
fffffed5
00000188
00000030
ffffff98
000000f9
fffffd4d
00000026
00000094
fffffeba
0000007e
ffffff3f
000000c2
fffffe4a
0000002e
00000050
00000044
000000b5
0000005e
00000116
ffffffbd
00000203
ffffff6d
ffffff27
0000008d
00000079
ffffff9f
0000008b
00000183
ffffff43
000000aa
fffffbde
ffffffe4
fffffd9d
00000179
fffffff6
000000db
fffffdbf
00000008
0000006a
00000148
00000148
ffffffeb
000000de
fffffe68
00000131
fffffee5
fffffbff
0000001a
ffffff98
fffffd3e
0000017f
ffffffb8
ffffffd3
fffffffc
00000032
00000076
00000049
00000048
0000008b
000000cf
fffffc88
ffffff58
0000013a
0000009b
0000001f
ffffff8d
000001ab
ffffffa4
ffffffe2
ffffff38
00000143
0000014d
0000004e
fffffe66
ffffff72
000001ab
0000002a
ffffff97
000000bf
ffffffb1
0000008f
00000092
ffffff2a
00000163
fffffefd
000000a4
0000016a
000001ff
fffffeeb
000001f6
000000c9
fffffd7d
ffffff6b
fffffef3
000001af
fffffe4b
000000eb
ffffffb8
000000cc
ffffffe9
00000083
000000fc
00000010
ffffff3b
ffffffdb
fffffef4
000000c7
ffffff2d
fffffdf7
fffffd9a
0000006a
fffffff8
ffffff3d
fffffcca
0000013a
ffffffa0
ffffffd8
00000021
00000022
00000061
0000003b
0000006c
0000008f
000000ec
fffffc53
ffffff66
00000156
00000074
0000001f
ffffff4d
00000185
ffffff6c
ffffffb2
00000052
0000013d
00000114
00000073
fffffe4d
ffffff3a
0000018f
00000011
ffffff87
000000b3
ffffffbd
00000092
000000ae
ffffff16
00000151
fffffed0
000000c2
00000153
000001fb
ffffff28
000001cd
000000cb
fffffd48
ffffff80
fffffedb
000001bd
fffffea8
00000108
fffffff6
00000099
ffffff99
000000a9
00000096
ffffff8c
fffffeff
ffffffe4
fffffec3
00000080
ffffff1b
fffffe22
fffffda0
0000007e
fffffff4
ffffff96
fffffd2c
00000105
ffffff8c
0000003c
00000021
fffffff4
0000006a
00000086
0000004c
0000008a
000000d3
fffffc82
ffffff86
00000196
00000052
0000002e
ffffff0d
000001b3
ffffffba
ffffffa9
ffffffec
00000126
0000012b
0000000e
fffffe57
ffffff6c
00000183
fffffff8
ffffff7b
000000c9
ffffff9f
000000c5
000000bc
ffffff79
00000168
fffffea8
00000098
00000189
000001e2
ffffff1b
000001e5
00000089
fffffd96
ffffff8a
ffffff05
000001d0
fffffe75
000000ea
ffffffad
00000057
ffffffc1
00000072
0000006f
fffffff0
ffffff23
ffffffe3
fffffef8
000000ad
ffffff02
fffffdea
fffffdc5
00000069
ffffffd7
ffffffe8
fffffd17
0000011a
ffffff79
0000002e
00000061
ffffffc2
00000089
0000007c
0000004e
000000a7
000000c3
fffffc91
ffffff51
000001a5
00000022
00000043
ffffff3b
0000016b
ffffff7c
ffffff94
ffffff8e
00000131
0000010b
00000019
fffffe2d
ffffff68
00000137
ffffffdf
ffffffaa
000000aa
ffffffb2
000000d8
000000bb
ffffff49
00000152
fffffea9
00000042
00000135
000001fa
ffffff29
000001a3
00000095
fffffdb7
ffffff70
ffffff26
00000178
fffffe9f
000000f3
ffffffca
0000009b
ffffffd3
0000002c
000000b5
ffffffdb
fffffee1
ffffff96
fffffeda
000000d5
ffffff3f
fffffe11
fffffd59
0000009c
00000007
ffffffe5
fffffd04
00000118
ffffffaa
00000058
00000035
ffffff8a
0000008e
00000019
00000036
000000bc
000000b1
fffffc63
ffffff5d
0000017f
0000001c
00000051
ffffff3c
000001a7
ffffffb5
ffffffba
ffffff78
00000160
00000131
00000001
fffffe44
ffffff80
00000124
ffffffd6
ffffffa7
000000b7
ffffffa4
000000b5
00000071
ffffff1b
0000017a
fffffef2
00000053
00000130
000001f2
ffffff23
000001c7
0000009c
fffffdb4
ffffff45
ffffff40
00000161
fffffead
00000118
ffffffda
00000081
ffffffc2
00000038
000000dc
00000017
ffffff02
ffffff98
ffffff02
000000d2
ffffff2c
fffffe49
fffffdd3
0000009a
0000000e
00000010
fffffd41
00000120
ffffff61
ffffffd7
fffffff7
fffffff6
00000085
00000027
000000a1
00000099
000000c2
fffffc9a
ffffff54
00000151
00000045
00000048
ffffff44
0000013e
ffffffaf
fffffffd
ffffffc7
00000153
0000010a
00000080
fffffe66
fffffee3
0000019c
fffffff8
ffffff9b
000000d7
ffffffbd
0000009a
000000ca
ffffff32
00000126
ffffff1b
000000af
00000152
000001dc
ffffff1f
000001d2
000000f3
fffffdc8
ffffff6d
ffffff32
0000018c
fffffe5f
000000fe
00000021
00000095
ffffff92
00000034
00000072
ffffffc7
ffffff3c
0000001e
fffffec8
0000005c
ffffff5c
fffffdb2
fffffdc7
0000009d
ffffffaa
ffffff69
fffffd14
00000163
ffffff84
ffffffae
00000009
00000033
00000088
00000026
00000063
00000092
000000bd
fffffc9d
ffffff28
00000129
0000007d
00000013
ffffff81
000001ac
ffffff94
00000027
ffffff55
000000ec
00000123
00000080
fffffea3
ffffff3f
00000132
00000023
ffffffc4
000000b9
ffffffc1
00000099
0000008e
ffffff9f
0000013c
ffffff1e
0000009d
0000011d
000001f6
ffffff3e
000001e0
000000ad
fffffdb0
ffffff48
ffffff29
000001a1
fffffe63
000000f5
ffffffd4
00000115
ffffff9f
00000050
000000d8
ffffffdf
ffffff96
0000002a
ffffff45
000000a8
ffffff28
fffffe3a
fffffd7d
00000096
fffffff9
ffffffd9
fffffd77
00000107
ffffff9d
00000099
0000001b
fffffff0
00000084
00000061
0000001f
0000006b
000000d4
fffffd2b
ffffffa3
0000018a
00000048
ffffffe1
ffffff3b
00000166
ffffff9a
fffffff5
ffffffb9
00000139
00000100
ffffffc8
fffffe61
ffffffd6
00000184
ffffffe9
ffffff65
00000089
ffffff8a
000000d4
000000ba
ffffff13
0000011c
fffffeab
00000023
0000015e
000001a7
ffffff2e
000001b6
00000095
fffffdb7
ffffffa2
ffffff59
00000159
fffffe84
000000c4
ffffffca
00000082
ffffffdf
fffffff4
000000bc
0000002b
ffffff3c
ffffffc8
fffffef1
000000d6
ffffff66
fffffe02
fffffdeb
0000006d
ffffff85
ffffffd3
fffffd5b
00000159
ffffffd1
ffffffed
00000002
0000000e
0000008b
00000037
00000078
000000bf
000000b1
fffffc9b
ffffff38
00000147
000000b6
0000002d
ffffff64
00000167
ffffff83
00000014
ffffff9e
00000132
00000153
0000007a
fffffeae
ffffff1c
00000192
0000003f
ffffffae
000000a0
ffffffc5
0000008c
000000b0
ffffff40
00000134
fffffede
000000d2
0000016c
000001e3
ffffff10
0000022f
000000c8
fffffdc4
ffffffbe
ffffff47
0000019b
fffffe39
00000103
ffffffe1
000000c0
ffffffef
0000004b
000000a8
ffffffc8
ffffff96
0000002e
ffffff20
0000008e
ffffff53
fffffded
fffffde0
0000007e
ffffffc4
ffffff62
fffffcd9
00000125
ffffff99
ffffffec
ffffffec
0000000c
0000006d
0000006e
00000094
000000c0
00000097
fffffc6f
ffffff63
00000149
0000008a
fffffff6
ffffff5e
00000163
ffffff4f
0000000e
fffffffc
00000135
0000010b
0000007f
fffffeaa
ffffff57
0000016b
00000015
ffffff7a
00000077
ffffffc0
0000009b
000000d8
fffffed8
00000144
ffffff1f
000000b9
00000179
000001cf
ffffff32
000001ce
000000ee
fffffd8c
ffffffae
ffffff30
000001b1
fffffeb6
0000010a
00000011
00000066
ffffffaf
00000085
00000055
ffffff7f
ffffff21
fffffff1
fffffef2
0000008a
ffffff5a
fffffe09
fffffdc0
00000042
ffffffc1
ffffff92
fffffd5d
00000154
ffffff86
00000038
00000002
0000000a
0000006c
00000047
0000007f
000000c1
000000aa
fffffc95
ffffff7e
00000170
0000004a
0000003c
fffffef4
00000187
ffffff90
ffffff9a
fffffff1
00000122
000000f2
0000007a
fffffe52
ffffff58
00000126
00000027
ffffff9a
000000b1
ffffffd1
0000008b
000000a8
ffffff0f
00000139
fffffeb1
0000006b
0000013e
000001ef
ffffff3e
000001c4
000000a0
fffffd6a
ffffff93
ffffff3f
00000195
fffffe7e
000000f5
ffffffe5
00000097
ffffffc8
00000048
0000008d
fffffff3
ffffff16
ffffff9e
ffffff42
0000009a
ffffff5b
fffffe65
fffffdf9
000000af
0000002a
ffffffb0
fffffd48
00000129
ffffffa1
fffffff9
fffffff9
fffffff4
0000005a
00000050
00000048
0000006d
000000e3
fffffcaf
ffffff2e
00000170
0000006d
00000032
ffffff3f
00000157
ffffff73
ffffffb7
ffffffed
00000174
0000014c
0000003a
fffffe59
ffffff1d
0000019c
00000021
ffffff8e
0000009e
ffffffbc
000000c3
0000008a
ffffff1d
00000136
fffffed1
000000c8
00000144
000001e1
ffffff07
000001e1
000000ec
fffffd96
ffffffa1
ffffff15
00000196
fffffec1
000000fc
ffffffad
00000086
ffffffc8
0000004a
00000085
ffffff97
ffffff67
ffffffff
fffffebc
00000085
ffffff11
fffffde4
fffffe04
00000085
ffffffd2
ffffff89
fffffd4d
00000156
ffffffa7
0000000b
fffffffb
00000005
00000056
00000086
00000056
000000bb
000000e4
fffffc95
ffffff6c
0000019b
00000062
0000001a
ffffff2a
000001a7
ffffffa1
ffffffb1
ffffffe7
00000100
00000131
00000041
fffffe48
ffffff4e
000001b6
0000000a
ffffff88
000000c2
ffffffb0
000000b6
000000ce
ffffff1c
0000015b
fffffea5
000000cc
00000176
000001f5
ffffff09
000001cc
000000c5
fffffd7e
ffffff93
fffffef0
000001aa
fffffe41
000000e3
ffffffad
00000070
ffffffe7
0000006a
00000079
ffffffcf
ffffff24
ffffffb3
fffffed8
000000a4
ffffff33
fffffde3
fffffdcb
00000069
ffffffc0
ffffff4a
fffffd57
00000130
ffffff77
ffffff93
fffffffa
00000019
00000064
0000001a
00000080
000000b5
000000f9
fffffca6
ffffff6e
00000150
00000065
0000004d
ffffff71
00000170
ffffff3e
ffffffca
ffffff86
00000130
000000f1
00000044
fffffe5b
ffffff4a
000001a5
00000009
ffffffbe
000000e6
ffffffdb
000000be
000000bc
ffffff2f
00000189
ffffff2f
000000a2
0000016f
000001e7
ffffff1a
000001d8
000000cf
fffffde1
ffffff9b
fffffee4
000001af
fffffe69
00000134
ffffffb7
00000094
ffffffe2
00000077
00000090
ffffffe2
ffffffba
ffffff9c
fffffed0
0000008e
ffffff52
fffffe01
fffffd2f
0000009e
ffffffb4
ffffff87
fffffd77
0000017b
ffffffb0
0000002e
ffffffff
ffffffe7
00000086
00000072
0000006a
000000c0
000000c2
fffffc8f
ffffff8f
00000171
00000089
00000002
ffffff7a
0000018a
ffffff76
00000021
ffffffe5
00000115
00000129
00000066
fffffe66
ffffff67
00000194
0000003e
ffffffaf
000000d1
ffffffc0
000000bb
000000fa
ffffff13
0000015d
fffffec8
000000ad
0000016c
00000204
ffffff11
000001e4
000000e9
fffffd82
ffffff96
fffffeea
00000188
fffffe59
0000011f
ffffffab
00000087
ffffffde
0000004c
00000068
ffffffd4
ffffff71
ffffffdd
ffffff11
000000c9
ffffff8a
fffffdf6
fffffd61
0000007a
ffffff98
ffffff79
fffffd4e
0000018e
ffffffaa
ffffffc1
00000016
ffffffc8
00000079
fffffffb
00000045
000000d3
000000a4
fffffc6a
ffffff41
00000157
00000054
00000045
ffffff6d
000001b7
ffffff92
ffffffd7
ffffff56
000000f8
00000118
00000079
fffffe68
ffffff69
0000013c
0000002c
ffffffac
000000bb
ffffffc8
00000082
000000b1
ffffff4d
0000017f
ffffff0b
000000b8
00000124
0000020e
ffffff2a
000001a3
00000068
fffffd6f
ffffff39
fffffecc
0000018b
fffffe21
000000f6
fffffff1
0000011e
ffffffa9
0000005e
000000cd
ffffffd8
ffffff53
ffffff93
ffffff2a
000000ab
ffffff37
fffffe5f
fffffd97
000000ae
0000003e
ffffff92
fffffd2a
00000144
ffffffaf
ffffffd4
fffffff9
0000002a
0000006b
00000040
00000082
0000009d
000000a5
fffffcb4
ffffff42
00000138
00000090
fffffff8
ffffffa2
00000184
ffffff59
ffffffec
ffffffb3
0000013e
00000158
00000060
fffffe9f
ffffff49
0000014a
0000001d
ffffffa2
000000be
ffffffba
0000007b
000000a5
ffffff44
00000120
ffffff11
0000009f
00000140
000001dd
ffffff32
000001e3
000000ce
fffffd8d
ffffff69
ffffff27
0000019f
fffffe6f
000000fe
00000017
000000fe
ffffffb2
0000004b
00000090
ffffffd4
ffffff87
0000000f
fffffef8
00000089
ffffff2d
fffffe0d
fffffdef
0000008e
ffffffbc
ffffffbf
fffffcd3
0000012a
ffffffb5
00000025
0000000e
ffffff9e
00000085
00000085
0000004f
000000b4
000000bf
fffffc70
ffffff40
0000017e
00000030
ffffffc7
ffffff6e
00000183
ffffffc2
0000000b
00000035
00000146
00000143
00000032
fffffe4e
ffffff25
000001ad
fffffff6
ffffffbb
000000a6
ffffffca
000000dc
000000be
ffffff13
00000145
fffffecb
000000c6
00000171
000001e7
ffffff22
000001ef
000000ea
fffffd88
ffffff96
ffffff22
000001b6
fffffea3
000000e0
ffffffc3
00000045
ffffffc3
0000004a
00000045
ffffff84
fffffeb9
ffffffff
fffffefe
000000e5
ffffff06
fffffdd0
fffffdba
0000007d
ffffffc8
ffffff6f
fffffcef
00000131
ffffffd2
ffffffd1
fffffff4
0000000a
00000062
00000055
00000077
000000b2
000000b3
fffffc7e
ffffff3e
0000015e
00000086
00000024
ffffff79
0000017f
ffffff5f
ffffffe3
ffffffdd
00000128
00000155
00000059
fffffe87
ffffff35
0000014f
00000030
ffffff7b
000000c0
ffffffcb
00000084
000000bd
fffffef3
00000169
ffffff0b
000000d3
00000162
0000020c
ffffff21
000001e2
000000e2
fffffd6b
ffffff8a
fffffee8
0000019f
fffffe51
00000127
fffffff0
000000d1
ffffffcc
00000062
0000008a
ffffffc1
ffffff6d
ffffffca
fffffed6
00000096
ffffff34
fffffe20
fffffd91
000000a1
ffffffb7
ffffffd9
fffffd0a
0000012b
ffffff50
ffffffbe
fffffff2
0000002f
0000006c
00000021
00000099
0000007a
000000db
fffffc9f
ffffff72
00000146
0000007e
0000003b
ffffff43
0000014d
ffffff71
ffffffd7
ffffffe1
00000125
0000011c
00000089
fffffe3d
ffffff05
000001a6
0000000d
ffffff87
000000d7
ffffffc5
00000087
000000bc
ffffff13
0000012a
fffffefd
000000be
00000144
00000202
ffffff1a
000001cf
000000ef
fffffd95
ffffff56
fffffef9
000001b2
fffffe4f
0000012a
fffffff9
000000e1
ffffffa7
00000048
00000080
ffffffd9
ffffff3d
ffffffe9
fffffe7a
00000068
ffffff59
fffffdc3
fffffd5b
000000a0
ffffff97
00000012
000000dc
00000047
fffffecd
0000005d
ffffff2f
ffffff9d
fffffe0e
ffffffc9
000000a4
fffffda3
ffffff73
00000069
ffffff6a
00000112
00000080
ffffff42
ffffffd4
000000c2
0000004d
000000f7
ffffff73
ffffffb8
0000000b
ffffffe8
fffffeef
ffffff7b
000002ea
ffffffde
ffffff55
00000085
ffffffe4
000000c6
00000213
000000dd
000000ca
ffffff6f
000000c1
ffffff3a
00000052
00000062
ffffffac
00000096
00000122
00000070
fffffdc7
fffffed0
ffffff39
fffffc94
ffffff95
fffffe01
000000b4
fffffcf8
ffffffd9
fffffea1
00000192
00000110
ffffff8f
000000fd
fffffeb0
ffffff14
ffffff8b
fffffaf5
ffffff11
ffffffff
000000d9
0000001d
ffffff3e
fffffffc
ffffff3c
ffffff53
fffffd24
ffffff6c
000000c4
fffffdc3
ffffff50
00000145
fffffeaa
000000bf
000000b2
fffffef8
ffffffad
000000dd
0000004c
000000f6
ffffff37
ffffffac
00000006
00000067
ffffff3c
ffffff4d
000002be
ffffff35
00000025
0000002d
ffffffd5
000000a0
000001ed
000000d3
000000a2
ffffff15
0000004d
fffffeea
ffffffd3
00000087
ffffff14
00000098
00000169
0000008c
fffffe8d
fffffdcb
ffffff41
fffffcac
ffffffc6
fffffdda
000000f0
fffffca9
ffffffdf
fffffed5
000001a2
000000d6
fffffff8
000000c1
fffffe51
ffffffa2
ffffffe3
fffffaef
ffffff66
ffffffcc
000000e0
ffffffbd
ffffff49
ffffffd7
fffffeff
ffffff69
fffffdb8
ffffff4c
0000011d
fffffd96
fffffea3
000000d3
ffffff0e
000000e6
0000011b
fffffef8
ffffffb4
000000bc
00000025
0000015d
fffffefe
ffffffb5
0000005c
00000027
ffffff85
ffffff7c
00000253
ffffff5a
00000056
0000008a
fffffffa
00000070
0000023f
00000150
00000069
ffffff10
0000006f
ffffff33
ffffff9b
00000078
ffffff0c
000000f3
00000179
000000bd
fffffe69
fffffdaa
ffffff8e
fffffcb1
ffffff9b
fffffe26
0000005b
fffffca5
ffffff31
fffffef0
00000151
000000d8
ffffff73
000000ee
fffffeb6
ffffff37
ffffffe1
fffffad9
fffffecb
00000007
00000091
ffffffef
ffffff3a
ffffffdd
ffffff79
00000008
fffffda7
ffffff85
000000bd
fffffdc7
fffffed3
00000093
fffffec3
00000115
000000ca
fffffee1
ffffffb8
000000ca
0000005f
00000159
ffffff1f
ffffffcb
00000065
00000021
ffffff4d
ffffff16
00000288
ffffff5e
ffffffd7
00000054
00000033
0000007e
0000021e
00000125
0000006b
ffffff40
0000009b
ffffff14
00000012
00000055
ffffff2c
000000e3
00000189
000000a2
fffffe2e
fffffe21
fffffeeb
fffffcfa
ffffffca
fffffe79
0000007d
fffffc8f
ffffff61
fffffe51
0000019c
00000128
ffffff8b
0000011d
fffffe97
ffffff0a
ffffff39
fffffaf9
fffffeda
00000039
00000101
ffffffb7
fffffed9
fffffff1
ffffff1c
00000006
fffffd69
ffffff3b
00000126
fffffe44
ffffff25
000000b9
ffffff06
0000011e
000000cd
ffffff15
ffffffc0
00000153
0000001e
000001b9
fffffedb
ffffffa2
ffffffd4
00000077
ffffff6f
ffffff67
00000261
ffffffd0
ffffffee
00000012
ffffffe3
000000c3
00000264
000000f2
000000a8
ffffff29
0000000d
ffffff79
fffffff8
000000c9
ffffff88
000000e1
0000011f
0000003f
fffffea7
fffffe21
ffffff41
fffffdc2
ffffffdc
fffffe9b
00000089
fffffca6
ffffff67
fffffeeb
0000019b
000000a7
ffffffd8
00000106
fffffefe
ffffff33
ffffff43
fffffbb2
ffffff50
ffffffe9
00000072
0000002c
ffffff13
ffffffb3
ffffff8d
ffffffcd
fffffe11
ffffff47
000000f2
fffffd64
fffffed6
00000066
fffffefe
0000008e
000000a1
ffffff32
ffffffe1
000000e9
fffffffc
000001a7
fffffef1
ffffffc4
0000002b
00000059
ffffff5f
ffffff34
0000023b
ffffffc5
00000010
0000006a
00000074
00000082
00000201
00000146
0000005e
ffffff74
000000eb
ffffff00
0000003d
0000002a
ffffff84
000000b7
000000f7
00000072
fffffe2c
fffffe5d
ffffff1c
fffffd3a
ffffff9a
fffffe28
00000095
fffffce8
ffffff81
fffffed3
0000013b
000000c1
ffffffa2
00000128
fffffeb4
ffffff2a
ffffffd2
fffffb9e
ffffff1a
ffffffce
000000e5
00000062
fffffebb
00000094
ffffff63
ffffffc0
fffffdf1
ffffff20
000000b2
fffffddf
ffffff28
00000080
ffffffd6
000000b8
00000092
ffffff0d
ffffff5b
00000095
00000057
0000014e
ffffff7e
ffffffc2
ffffffc6
0000005f
ffffff27
fffffff0
00000298
ffffffc7
0000003a
00000071
fffffff0
000000c3
0000023a
00000180
000000cc
ffffff1f
0000007e
ffffff2c
ffffff8d
00000004
ffffff33
0000003e
0000017b
000000c8
fffffde2
fffffdcd
ffffff17
fffffce7
ffffff76
fffffdca
0000006c
fffffc7c
ffffffda
ffffff41
000001a5
0000006d
ffffffa4
00000103
fffffe86
ffffff41
ffffffd0
fffffaed
ffffff1c
ffffffc7
00000099
ffffff37
fffffecd
ffffffff
ffffff75
ffffff8e
fffffd92
ffffff27
000000d9
fffffd97
fffffec2
000000bd
fffffe9c
0000010f
000000c3
ffffff57
ffffff64
00000100
ffffffbe
0000018a
fffffed8
ffffff5c
00000052
00000010
ffffff34
ffffff62
00000271
ffffff35
ffffffeb
fffffff5
0000001a
000000e1
00000243
000000e5
000000ca
ffffff02
00000070
ffffff27
00000011
000000c6
ffffff85
00000060
00000170
000000bc
fffffe81
fffffd7a
ffffff2f
fffffd1c
ffffff73
fffffe52
0000002b
fffffc41
ffffff68
fffffe8b
000001ab
00000128
fffffff1
00000116
fffffec8
ffffff0e
ffffff1d
fffffb50
ffffff68
ffffffa3
000000ae
00000001
fffffeea
00000002
ffffff3b
0000000f
fffffe16
ffffffce
000000b3
fffffd6b
fffffed5
0000006c
fffffef9
000000f1
000000b6
fffffea8
ffffffa9
000000fa
0000001a
00000181
fffffef9
ffffff10
fffffff8
00000073
fffffedb
ffffff0d
00000265
ffffffab
ffffffd6
00000064
0000005b
0000008b
0000020b
00000186
00000093
ffffff10
00000099
ffffff07
0000001e
0000009e
ffffff51
000000c7
000000d9
000000ae
fffffe30
fffffd3e
fffffed8
fffffd39
ffffff41
fffffdc2
00000076
fffffd18
ffffffb2
fffffea2
000001bb
000000de
ffffffdc
00000105
fffffe41
ffffff46
ffffff1f
fffffb4c
fffffedf
ffffffd9
00000106
00000005
ffffff33
ffffffdc
ffffff2f
ffffffd9
fffffd95
ffffff27
000000f2
fffffe14
fffffede
000000e5
ffffffbe
00000095
0000007f
fffffead
ffffff70
00000104
ffffffc6
00000183
ffffff4d
ffffff96
ffffffc9
00000040
ffffff54
ffffff2c
0000029e
ffffff13
fffffff3
00000078
fffffffa
000000b0
00000297
000001a8
00000059
ffffff0a
0000005f
fffffed0
fffffff1
00000053
ffffff3f
000000b0
00000139
00000010
fffffe2b
fffffdb2
ffffff3f
fffffcdf
ffffffc6
fffffdd7
00000088
fffffc9d
ffffff8c
ffffff14
0000019f
000000bf
ffffff77
0000012c
fffffebe
ffffff86
ffffff9f
fffffb68
ffffff0b
0000002d
00000090
0000002e
fffffeb9
00000007
ffffff5a
ffffff2d
fffffe62
ffffff7f
000000a5
fffffddb
fffffee0
000000b6
ffffff38
000000d0
000000ad
ffffff51
0000000e
000000c0
00000034
0000015a
fffffebd
ffffffab
00000042
00000044
ffffff12
ffffff31
0000026c
ffffffcb
ffffff92
00000018
00000031
00000098
00000203
0000010c
000000c8
ffffff3d
000000e9
ffffff30
00000030
000000ce
ffffffb2
000000d6
000000e1
000000be
fffffe79
fffffe46
ffffff22
fffffd94
ffffff7d
fffffddc
0000005a
fffffcf8
ffffff99
fffffeb8
0000016d
000000b3
ffffffc4
000000f4
fffffe99
ffffff20
ffffff7d
fffffc15
ffffff6b
ffffffbd
00000075
0000001d
ffffff02
ffffffea
ffffff53
ffffffc9
fffffda7
ffffff9b
000000aa
fffffd96
fffffed2
000000ab
fffffea9
000000f1
0000011d
ffffff14
ffffff9c
000000fb
ffffffc1
00000183
ffffff28
ffffff6a
0000002e
00000078
fffffeea
ffffff11
0000023e
ffffff91
00000009
00000020
0000003f
000000ad
00000255
0000010c
0000007d
fffffed6
000000b3
fffffefb
0000004f
00000069
ffffff7f
000000a0
000000fb
0000009c
fffffe81
fffffe08
fffffef3
fffffcde
ffffffb9
fffffe44
0000006f
fffffca9
ffffff63
fffffe79
00000181
00000112
fffffff5
000000e5
fffffe8b
ffffff4e
ffffff48
fffffbb5
fffffeff
00000048
00000156
00000032
ffffff17
0000001c
ffffff51
0000001a
fffffdff
ffffff13
0000008a
fffffdf2
fffffee4
00000103
fffffef2
000000a7
0000007d
fffffeef
ffffff51
000000c8
00000006
0000014b
ffffff7c
ffffff71
ffffffe7
00000081
ffffff21
ffffff37
0000021d
ffffffa1
0000003f
00000070
fffffffb
00000065
0000022f
00000161
0000003b
ffffff0e
00000060
fffffed8
fffffffc
00000018
ffffff86
00000053
0000017a
00000058
fffffe8c
fffffdff
ffffff27
fffffcde
ffffffec
fffffdf1
000000a4
fffffc8c
ffffffbf
fffffebc
000001df
00000064
00000014
0000010d
fffffe97
ffffff93
ffffffcc
fffffbab
ffffff59
0000005b
00000137
00000007
ffffff0f
0000001b
ffffff96
00000001
fffffe9f
ffffff8f
00000027
fffffdaa
fffffea1
00000079
ffffff07
00000133
00000097
ffffff43
ffffff58
00000063
ffffffc2
0000011b
ffffff00
ffffffb4
0000005a
ffffffdd
fffffeef
ffffff48
000001a5
ffffffcd
ffffffdf
00000058
00000052
00000046
0000021f
000000f0
000000aa
ffffff1b
000000b4
ffffff17
00000004
fffffff2
ffffff99
0000005a
00000153
00000097
fffffe58
fffffe56
ffffff2c
fffffc9b
ffffffce
fffffe0a
00000068
fffffcbb
ffffff86
fffffe5f
000001b7
000000e5
ffffffbc
000000ff
fffffed7
ffffff7e
ffffff7f
fffffbd4
ffffff0b
00000000
000000b4
0000006b
fffffeea
ffffffd0
ffffff1a
fffffff0
fffffe21
ffffff86
00000085
fffffd63
fffffe93
00000027
fffffee6
000000ea
000000da
fffffe8b
ffffff9f
000000c7
00000009
00000160
fffffeec
00000001
00000059
000000b0
fffffef1
ffffff04
00000276
ffffffbf
ffffffc0
000000c2
00000029
00000055
0000024c
00000141
000000be
ffffff35
00000120
ffffff41
0000000e
00000089
ffffffa5
000000a5
000000d5
000000b6
fffffe0e
fffffd77
fffffef8
fffffce6
ffffffe0
fffffdd0
00000026
fffffc8d
ffffff73
fffffe36
000001c1
00000108
ffffffcd
000000f7
fffffe6e
ffffff1c
ffffff3d
fffffb37
fffffed1
00000042
000000ec
00000045
fffffef7
00000009
ffffff74
00000049
fffffdaf
ffffff74
000000f3
fffffe5b
ffffff54
00000087
ffffff4e
000000cf
000000a2
ffffff5f
ffffff40
0000010f
0000001a
00000130
ffffff5a
ffffffd4
0000000b
00000082
ffffff56
ffffff4a
0000021c
00000006
ffffffbb
00000080
00000010
000000cd
0000025a
000000e9
00000040
ffffff27
000000d4
ffffff2b
00000035
000000fb
ffffff68
000000be
00000180
000000a0
fffffe3c
fffffea4
ffffff18
fffffdc5
ffffffda
fffffead
0000002e
fffffd14
ffffff1b
fffffe86
000001be
000000b0
ffffffab
000000b2
fffffeb3
fffffedd
ffffff3f
fffffba7
ffffff0b
ffffffd1
00000063
00000048
ffffff24
ffffffe9
ffffff23
ffffff62
fffffde1
ffffffae
000000c6
fffffdcf
fffffe9d
000000d4
fffffeac
000000f2
000000e8
fffffeeb
ffffffce
000000bf
0000001f
00000157
fffffed4
ffffff75
0000001c
0000004b
fffffefe
ffffff0d
00000248
ffffff43
fffffff9
0000001e
00000027
0000007d
00000223
000000dd
00000082
ffffff14
00000086
ffffff1f
ffffffe7
000000bc
ffffff5a
000000d2
0000010d
000000b1
fffffef3
fffffdc9
ffffff48
fffffcc8
ffffff6e
fffffdc6
00000083
fffffcdd
ffffff7a
fffffeb6
00000144
0000012a
ffffffa1
0000011d
fffffebf
ffffff70
ffffff15
fffffb89
ffffff2d
ffffffa0
00000070
000000b0
ffffff09
ffffffdb
ffffffa0
ffffff8e
fffffdbc
ffffffce
0000003d
fffffe2d
ffffff7a
00000055
fffffea5
000000fb
00000138
fffffede
ffffffb3
0000010e
00000011
0000017c
fffffeb3
ffffff24
00000030
0000009e
ffffff24
ffffff39
0000021c
ffffff91
000000ab
ffffffd3
fffffff4
00000079
0000022c
000000f9
00000119
fffffeea
00000078
ffffff70
0000000d
0000006c
ffffffab
00000089
00000104
00000068
fffffeca
fffffdc9
fffffefe
fffffda5
ffffff62
fffffe00
000000b1
fffffcc1
00000016
fffffed4
0000014d
0000008f
0000003b
000000d7
fffffeb3
ffffff6b
ffffff88
fffffbe7
ffffff42
ffffffb6
000000bb
00000046
fffffefe
fffffff0
ffffff2a
00000028
fffffe58
ffffff8a
000000d2
fffffde5
ffffff06
00000099
ffffff67
0000008f
000000d7
fffffefd
ffffff5a
000000e3
ffffffe7
000001a1
ffffff46
ffffff6c
fffffffa
000000eb
ffffff86
ffffff46
0000023f
ffffffef
ffffffd7
0000006f
0000004b
00000077
0000029b
0000018a
0000004a
ffffff1a
000000a9
fffffef3
00000010
000000c8
ffffff0d
000000dc
00000141
000000c0
fffffdf7
fffffdc0
fffffecf
fffffd05
ffffff5b
fffffece
00000007
fffffcd3
ffffff1e
fffffe9a
000001d9
0000010d
00000007
00000119
fffffe57
ffffff1b
fffffee9
fffffb0c
ffffff3d
ffffffaf
00000066
000000b4
ffffff8f
fffffff0
ffffff69
ffffff66
fffffdb5
ffffff5b
000000b0
fffffe9a
fffffec7
000000a8
fffffebb
0000008e
0000011c
ffffff47
ffffffb7
000000d6
0000005f
00000179
ffffff23
ffffffa5
00000047
00000074
ffffff83
ffffff38
000001cb
ffffff27
0000001d
00000013
ffffffcf
00000049
00000211
000000f6
000000f6
ffffff1d
0000009e
ffffff8a
ffffffe5
ffffffd8
ffffff79
000000c8
000000d8
00000077
fffffef0
fffffe8c
fffffef7
fffffd26
ffffffa8
fffffe12
000000ab
fffffcc4
ffffff9e
fffffed8
00000149
000000fc
ffffffd8
000000e9
fffffefa
ffffff68
ffffff5e
fffffbdc
ffffff99
00000048
fffffe3a
fffffee2
fffffe28
fffffdac
ffffffe3
ffffff79
ffffff72
ffffffcc
0000011a
fffffebb
fffffe7d
fffffe3a
ffffff97
0000015a
0000010f
00000025
00000168
ffffffa8
ffffff3c
00000165
fffffe29
ffffff46
00000021
00000046
ffffffa5
ffffff32
000002a7
ffffffb9
ffffff88
fffffe2e
0000004b
000000de
00000094
ffffff10
0000000c
0000010c
ffffffd2
fffffee0
00000166
00000091
ffffff15
0000015b
00000046
00000056
ffffff71
fffffebb
ffffff72
00000196
000000fc
00000051
fffffed8
ffffffe6
ffffff6e
ffffff08
fffffeb9
0000008b
00000046
ffffffc1
ffffffdc
fffffe47
fffffdcc
fffffe7b
ffffff76
00000083
fffffe55
ffffff4b
fffffe90
fffffda8
fffffffd
ffffffc2
ffffff5c
fffffff4
000000ba
ffffff0c
fffffebb
fffffe43
fffffff1
00000171
00000152
ffffff7e
0000010f
ffffff85
ffffff5c
000001a3
fffffe27
ffffff78
00000002
0000004b
fffffffd
ffffff51
00000294
0000004f
ffffffd9
fffffe48
00000052
00000096
0000010c
ffffff12
fffffffc
000000e6
00000024
ffffff36
00000152
0000005f
fffffeb7
00000181
000000ea
00000055
ffffffcb
fffffe8f
ffffff27
000001ba
000000de
00000068
fffffeff
00000068
ffffff52
ffffff19
fffffef0
000000bc
0000004e
ffffffe8
ffffffe3
fffffdf5
fffffdc3
fffffdfa
ffffffb7
00000035
fffffe25
ffffff1c
fffffe90
fffffd64
0000000c
ffffffa5
fffffe7a
ffffff3a
00000111
fffffece
fffffee7
fffffe2b
0000001c
00000178
000000e3
00000029
000000dd
ffffff79
ffffff5d
00000121
fffffdd0
ffffffb7
ffffffb7
000000ae
ffffff92
ffffff30
00000289
ffffffce
ffffff82
fffffe51
00000069
00000109
000000ab
ffffff20
0000004d
00000114
ffffffde
ffffff1f
00000133
00000063
fffffece
00000172
fffffff3
ffffffb4
ffffff8b
fffffe15
ffffffb2
0000021b
00000139
00000035
fffffe9c
0000002d
ffffff31
ffffff4e
fffffe0f
00000067
ffffffd3
ffffff96
00000006
fffffde8
fffffdf3
fffffebe
ffffff82
0000006d
fffffe8b
ffffffa1
fffffe31
fffffd6c
ffffffbb
ffffffa0
fffffea7
ffffff3c
00000186
fffffee5
fffffecb
fffffe69
ffffffc8
000000d5
000000ca
ffffff9d
000000ec
ffffff6b
ffffffb6
00000109
fffffe68
ffffffce
fffffff2
00000079
ffffffa8
fffffe95
000002eb
ffffff83
ffffffd2
fffffe76
00000046
000000d1
00000073
ffffffa8
ffffffb5
00000114
ffffffde
fffffec1
0000015f
0000002f
ffffff3d
000001ed
00000033
ffffffc4
ffffffaa
fffffebf
0000001e
000001ad
00000197
fffffffb
ffffff28
0000003a
ffffff7f
ffffff65
fffffed1
000000f5
0000000c
ffffffe7
ffffff54
fffffdb9
fffffe48
fffffe16
ffffff96
00000036
fffffe14
ffffff4c
fffffe3b
fffffd1f
ffffff97
ffffffb5
fffffe31
ffffff25
00000158
ffffff18
ffffff0d
fffffe18
00000026
0000012d
0000010d
fffffff5
000000e0
ffffffba
ffffff35
0000010d
fffffdc2
ffffffcf
ffffffca
0000004b
ffffff47
fffffef3
00000319
ffffffa0
ffffffcf
fffffe44
0000004b
000000df
000000b4
ffffff6a
0000000d
00000127
ffffffe6
fffffeeb
00000140
00000043
fffffedb
000001b7
00000033
ffffffcc
ffffff7d
fffffe79
ffffffb7
0000021a
0000012f
00000010
fffffea9
00000072
ffffff31
ffffff5b
fffffe87
00000045
ffffff95
ffffffa1
ffffffcc
fffffdc0
fffffe41
fffffe99
ffffff9c
0000001d
fffffe5d
ffffff4b
fffffe80
fffffd3b
ffffffc7
00000063
fffffe84
0000001a
0000010f
ffffff2d
ffffff4a
fffffe9e
00000072
000000d6
0000013c
ffffff5c
000000d0
ffffff68
ffffff69
0000019f
fffffe18
ffffff73
ffffffe2
000000b2
ffffffcf
ffffff4c
000002ab
fffffff0
ffffffef
fffffead
0000001e
00000066
0000011d
ffffffb4
ffffffb1
000000dc
0000001e
ffffff31
00000145
0000009f
fffffef4
000001c8
0000009d
00000008
ffffff37
fffffe8b
ffffff97
00000198
000000f6
00000072
fffffef1
00000089
fffffebd
ffffff76
fffffefe
0000009d
00000021
fffffff3
ffffff9e
fffffdc9
fffffdb0
fffffe01
ffffff23
000000bd
fffffe84
fffffefc
fffffe69
fffffdc1
00000006
fffffefb
fffffea5
ffffff52
00000154
ffffff02
ffffff07
fffffef8
ffffffa8
00000166
00000101
00000054
00000145
ffffffc1
ffffff8d
00000148
fffffdd2
ffffffd5
ffffffde
ffffffff
ffffff6a
ffffff2d
00000301
ffffff88
ffffffd0
fffffe02
0000000b
0000010f
0000007e
ffffff2a
00000005
000000c8
ffffffa9
fffffeb9
00000137
0000004c
fffffeff
000001c7
0000006f
00000038
ffffffc5
fffffe7b
ffffffbd
00000198
00000135
ffffffe9
ffffff04
fffffff7
ffffffda
ffffff61
fffffeb7
0000008f
fffffffc
ffffffc5
ffffffcf
fffffdfb
fffffe96
fffffeba
ffffff9b
00000017
fffffe46
ffffff52
fffffe00
fffffe10
ffffff95
00000012
fffffe81
ffffffd4
00000124
ffffff55
ffffff28
fffffe97
ffffff4c
00000126
000000cb
ffffff8f
00000149
0000001f
ffffff40
00000119
fffffe90
ffffff6a
00000001
ffffff9d
ffffff67
ffffff08
000002fa
ffffff5f
ffffffd9
fffffe5d
00000024
000000b1
000000ad
fffffeeb
0000002a
000000e9
ffffffbd
ffffff19
000000bc
00000071
ffffff4b
0000017a
00000081
0000009d
ffffff76
fffffeb4
ffffff9a
000001dc
000000c3
0000003a
fffffef3
ffffff7d
ffffffc3
ffffff00
ffffff20
000000f1
00000026
ffffff7e
ffffffe0
fffffdc8
fffffe7d
fffffe3f
ffffff94
00000074
fffffe8d
ffffff51
fffffe25
fffffd2c
ffffffbe
00000026
fffffe57
ffffffc9
00000108
ffffff2a
fffffefe
fffffe52
00000040
00000134
000000f5
ffffffce
0000012b
ffffff7d
ffffff59
0000013a
fffffdfc
ffffff7e
ffffffcc
00000064
ffffff53
ffffff3a
000002e4
ffffff82
00000003
fffffe6c
00000003
000000e6
0000009e
ffffff0e
ffffffa7
000000fe
ffffffe5
fffffed4
0000015b
000000b8
fffffee7
0000016f
0000006c
ffffffab
ffffff9d
fffffe32
00000021
000001ec
0000013d
ffffffec
ffffff03
00000032
ffffff1b
ffffff0e
fffffea4
00000051
0000001d
ffffffdc
fffffff5
fffffdb4
fffffe1b
fffffe3a
ffffff69
0000006b
fffffdac
fffffeea
fffffe31
fffffd96
0000000d
ffffffb4
ffffff4a
ffffff54
0000010f
fffffee1
fffffee0
fffffe43
ffffffa7
00000170
000000d9
0000001a
00000149
ffffffb5
ffffff38
0000015d
fffffdfe
ffffff9f
ffffffcc
ffffffcd
ffffff82
ffffff64
000002f3
ffffffb4
ffffff83
fffffe39
00000028
000000ff
00000060
ffffff24
00000051
00000127
fffffff1
ffffff1a
00000177
00000008
ffffff16
0000016c
00000038
0000003d
ffffff84
ffffff14
ffffffad
000001d2
000000f5
00000058
fffffee6
0000006a
ffffffc1
ffffff20
fffffebc
000000c3
00000006
ffffffe1
ffffffa9
fffffdf8
fffffdbb
fffffea5
ffffff5b
00000042
fffffde1
ffffff51
fffffe09
fffffde7
00000021
ffffff88
ffffff29
ffffffb1
00000096
fffffec3
fffffec8
fffffdf9
ffffffd1
0000017a
000000d4
ffffffad
00000148
ffffff7f
ffffffbf
00000125
fffffe74
ffffffbf
ffffffd7
0000000e
ffffff80
ffffff30
00000292
ffffffe7
ffffff31
fffffe85
0000000e
00000103
00000074
ffffff26
0000005b
00000125
0000001c
ffffff80
0000010c
00000076
fffffef4
0000015c
ffffffd9
00000048
ffffff30
fffffed3
ffffffb6
000001f0
0000010d
00000090
fffffe6d
0000002a
fffffff4
ffffff24
fffffe66
00000137
0000006d
ffffff6b
ffffffc6
fffffdb2
fffffdaf
fffffe85
ffffff7e
00000050
fffffe2c
ffffffbc
fffffe58
fffffd55
ffffffe9
ffffffde
fffffe85
ffffff88
00000182
ffffff23
ffffff07
fffffe3e
ffffffe8
00000105
00000100
ffffff97
000000cc
ffffff68
ffffff87
00000136
fffffe5e
ffffffb0
ffffffcc
0000008d
ffffffb4
fffffeca
000002e5
ffffffbb
0000000a
fffffe50
0000005d
000000c5
000000b4
ffffff64
ffffffc9
000000bb
0000001e
fffffece
0000014b
00000055
ffffff20
000001e9
0000006e
ffffffff
ffffff46
fffffeb8
ffffffd8
0000019b
00000136
0000000d
ffffff1b
00000028
ffffff39
ffffff33
fffffed2
000000b3
ffffffba
ffffffd6
ffffff5d
fffffd9d
fffffe14
fffffe03
ffffff8a
00000038
fffffe08
ffffff6a
fffffdc0
fffffd2e
fffffff5
fffffffb
ffffff5f
ffffff54
00000141
ffffff45
fffffef4
fffffdc5
00000007
0000012e
000000ef
ffffffbd
00000135
ffffff80
ffffff6f
00000142
fffffe4a
ffffff5d
ffffffd9
0000002a
ffffffbc
ffffff12
000002b4
ffffff9c
ffffffd5
fffffe8a
00000035
000000f7
000000e9
ffffff11
0000004b
00000171
fffffffc
ffffff3f
0000015a
0000004e
ffffff45
00000164
00000036
ffffffe9
fffffedb
ffffff51
ffffff8c
00000201
00000106
0000003b
fffffeaf
00000080
ffffffaf
ffffff08
fffffe76
000000ce
fffffffd
fffffff1
0000003a
fffffda5
fffffcf7
fffffeb4
ffffff4d
00000020
fffffe27
ffffff7b
fffffe70
fffffd31
ffffffdf
ffffffc4
fffffec2
ffffffe1
000000d8
ffffff24
ffffff8f
fffffe60
0000003b
000000fd
000000d5
00000050
000000f2
ffffff34
fffffeff
000000db
fffffe40
ffffff97
ffffffee
0000003f
ffffff7f
fffffef9
000002a3
ffffffe8
ffffffb5
fffffee3
0000001d
0000009e
0000004c
ffffff72
0000002f
0000012b
0000001d
ffffff15
0000014d
0000005c
ffffff01
00000155
0000003e
fffffffa
ffffffa7
fffffe34
ffffffda
000001ef
000000e5
00000045
ffffff0e
0000001e
ffffff79
ffffff9f
fffffe62
00000054
ffffffcc
ffffff71
ffffffde
fffffdc5
fffffe32
fffffe1c
ffffff1e
00000058
fffffdc7
ffffff4b
fffffe5f
fffffd8d
00000000
ffffff6e
ffffff7b
ffffff0d
000000ae
fffffef5
fffffe72
fffffe03
ffffff38
0000016b
000000ef
ffffffe6
0000015e
ffffffad
ffffff0a
0000013d
fffffe37
ffffff69
ffffffb4
ffffffde
ffffff41
ffffff04
000002d2
ffffffac
fffffffd
fffffe15
0000005f
000000cd
00000009
ffffff3a
00000064
00000140
ffffffba
fffffec3
00000151
00000026
ffffff19
0000016e
0000005b
0000001e
ffffff94
fffffed9
ffffffb6
000001f5
000000d8
00000013
fffffed2
0000003d
0000005a
ffffff18
fffffe7c
000000a1
0000004f
ffffffe5
ffffffb2
fffffe08
fffffe8a
ffffff06
ffffffc0
0000005f
fffffe2e
ffffff4d
fffffe9b
fffffd87
0000001d
ffffffad
ffffff51
fffffef9
000000e2
fffffec5
ffffff50
fffffe07
00000005
0000012a
000000e3
0000001b
00000148
ffffffb0
ffffff3f
0000014c
fffffe38
ffffff71
ffffffe6
00000070
ffffff62
ffffff0f
000002aa
ffffff91
ffffffe0
fffffe92
00000045
000000e8
00000077
ffffff77
0000005f
00000133
ffffffbf
fffffeec
00000157
0000002c
ffffff1f
000001c6
0000003a
ffffffd0
ffffff7a
fffffe3e
ffffff78
000001b4
00000114
0000001c
ffffff07
00000056
fffffff6
ffffff3c
fffffe6f
0000009f
ffffffde
fffffffa
0000001d
fffffe0e
fffffdba
fffffe7e
ffffff71
000000a4
fffffe0f
ffffff0f
fffffe56
fffffd6b
0000000c
ffffff6e
fffffeb2
ffffffb0
00000144
ffffff0b
ffffff5d
fffffe0f
ffffffb9
00000169
000000e5
ffffffe2
00000104
ffffff84
ffffff6f
000000d8
fffffe5f
ffffffc6
ffffffe1
00000035
ffffff74
fffffefa
000002df
ffffffd9
ffffffcf
fffffe8e
0000009d
00000118
00000077
ffffff19
fffffff5
000000e4
00000027
fffffebc
000001b4
00000032
fffffeb2
000001b3
0000004a
0000005c
fffffed5
fffffefa
ffffff7e
000001ce
000000db
fffffff1
fffffeb9
000000a2
ffffff78
fffffeda
fffffe41
00000024
ffffffae
ffffff93
ffffff7b
fffffd95
fffffdd5
fffffedb
ffffffbe
0000005d
fffffe7e
ffffff38
fffffe2c
fffffd6f
fffffffc
ffffffea
fffffe79
ffffffa5
00000169
ffffff66
ffffff33
fffffe4a
ffffffce
0000014c
000000bc
0000003d
000000b0
ffffffa1
ffffff90
000000c7
fffffe1c
ffffffa2
ffffff76
00000064
ffffffdc
fffffee2
00000296
ffffff7f
ffffffb1
fffffe74
00000045
000000e7
000000a3
ffffff78
0000004a
00000118
ffffffe2
ffffff18
0000015a
00000088
ffffff48
00000179
0000007d
ffffffb0
ffffff38
fffffe8f
ffffffc6
000001dd
0000011f
0000001d
fffffeb6
0000005d
ffffff6a
ffffff07
fffffea7
00000099
ffffffdf
ffffff9c
ffffffe3
fffffdf7
fffffdc3
fffffe1a
ffffffd4
00000070
fffffeb7
fffffecb
fffffe46
fffffd11
ffffffb8
0000002e
fffffea0
ffffffd8
0000014d
ffffff43
fffffefa
fffffe64
00000042
00000151
000000f3
ffffffd4
00000100
ffffff74
ffffff3c
00000124
fffffdf4
ffffff66
ffffffca
00000013
ffffff9f
ffffff60
000002c6
ffffff70
ffffffd2
fffffe58
00000032
000000bf
00000105
ffffff21
ffffffc6
00000137
ffffffb0
fffffef1
00000124
0000007d
fffffec4
000001ab
000000ae
ffffffba
ffffff41
fffffe69
ffffff78
000001ed
00000110
fffffffe
fffffef3
0000003b
fffffefb
ffffff43
fffffe8d
0000003e
ffffffdb
fffffffe
00000034
fffffe24
fffffd9d
fffffe24
ffffffa8
00000065
fffffdf8
ffffff09
fffffde3
fffffdf0
ffffffde
ffffff76
ffffff16
ffffffe3
0000011f
ffffff11
ffffff37
fffffe1b
ffffff6c
00000182
000000e7
ffffffc5
00000165
ffffff59
ffffffa5
00000107
fffffe57
ffffffed
ffffffe3
00000014
ffffff3e
fffffeef
00000303
0000000f
ffffff88
fffffe94
0000002a
00000112
00000054
ffffff10
00000038
00000139
00000031
fffffee3
0000012b
00000048
fffffef5
000001aa
00000055
0000006f
ffffff36
fffffefe
ffffff95
000001ec
00000111
00000052
fffffedc
00000038
ffffffef
ffffff1d
fffffe4e
000000f8
00000019
ffffff5e
ffffff6d
fffffdb5
fffffdd6
fffffe76
ffffff97
fffffe67
ffffffb1
0000009d
fffffecc
ffffff11
ffffffcb
fffffd2c
00000035
ffffff57
00000003
ffffffb7
00000070
ffffff5b
fffffe21
00000219
fffffd6f
0000016c
000001a5
00000145
fffffec9
000001f4
fffffbbf
fffffddc
00000060
fffffe43
ffffff86
00000044
00000100
fffffd27
0000001b
ffffff7c
ffffff21
000002ba
000002cb
00000006
000002cb
0000018d
fffffdbb
000000e8
00000099
000001df
ffffff24
00000073
ffffff88
fffffda5
ffffff3a
fffffcf2
fffffe0a
fffffcf7
00000160
ffffff7a
ffffffbb
fffffd57
ffffffb6
00000195
000000c2
ffffff16
000001fa
000002eb
00000070
00000133
fffffcfe
fffffd0d
0000001a
fffffeea
ffffffc3
00000040
fffffe9c
ffffff04
ffffff89
fffffc8c
00000078
ffffffc9
ffffff52
ffffff06
00000065
ffffff5f
fffffdc9
00000265
fffffd2c
00000146
000001b4
000001dd
fffffeb6
000001c0
fffffb74
fffffdab
000000c5
fffffd98
ffffff08
0000004f
000001b3
fffffda7
0000002f
ffffff8e
ffffff83
000002c6
00000284
fffffff6
000002ca
000001c0
fffffdb9
00000129
00000045
00000213
fffffe8c
0000004e
0000000d
fffffdbd
ffffffb2
fffffc6d
fffffe64
fffffd4d
00000181
ffffffc2
ffffffc0
fffffcdd
ffffffad
0000015e
000000f0
ffffff6d
000001fc
00000263
0000007b
00000135
fffffd1b
fffffd14
fffffff8
ffffff02
ffffffb8
00000040
fffffe87
ffffff11
ffffff3f
fffffc4a
0000004b
ffffff71
ffffffa7
ffffff73
ffffffe6
ffffff9f
fffffe5a
0000020d
fffffd6c
00000159
000001b9
000001cf
ffffff4d
000001e2
fffffb64
fffffd84
0000009f
fffffdc3
ffffff50
000000c5
000001f7
fffffd3e
0000005f
ffffff67
fffffeef
000002bf
00000300
00000030
0000027c
00000189
fffffd81
00000127
0000000b
00000226
fffffd9f
0000002e
00000026
fffffd33
ffffff98
fffffcc7
fffffe98
fffffd3d
00000131
ffffff4e
ffffff6f
fffffd2c
ffffff5d
000001c6
0000006a
ffffff56
000001f9
0000030f
000000d9
00000137
fffffd82
fffffc84
ffffff84
fffffed3
00000051
ffffffb3
fffffef4
ffffff53
ffffff2f
fffffd18
ffffffaa
ffffffcb
ffffff99
00000037
00000078
ffffff86
fffffeff
000001ef
fffffd8c
00000192
000001ad
0000017e
fffffef8
000001df
fffffc50
fffffe19
00000068
fffffdce
ffffff91
000000b1
00000188
fffffd88
00000022
ffffff63
ffffff2e
0000028f
0000033d
fffffff3
0000023e
000001b5
fffffdaf
0000011a
fffffffc
00000212
fffffe1d
00000058
0000002e
fffffd6d
ffffff4f
fffffca7
fffffe1d
fffffd7c
00000197
ffffff3b
0000000a
fffffd5c
ffffff12
0000017a
0000007c
fffffedd
00000185
000002b8
00000132
00000111
fffffd1b
fffffd1f
ffffff64
fffffe9b
0000002b
00000015
fffffeeb
ffffff79
ffffff69
fffffc9b
000000c2
fffffff3
ffffff30
ffffffc8
0000007f
ffffff76
fffffebb
00000236
fffffd19
000001b8
00000151
00000182
fffffec8
0000019d
fffffbbc
fffffdfb
0000009e
fffffd69
ffffff3c
0000012c
000001b7
fffffd47
ffffffb5
ffffff97
fffffed4
0000029a
000002e4
ffffffff
0000029a
00000190
fffffd5e
00000177
0000000e
000001a2
fffffe29
00000079
00000037
fffffd9e
ffffffa3
fffffcb2
fffffe29
fffffd1c
000000ed
ffffff6e
ffffffee
fffffd68
ffffff5e
000001f0
0000007a
fffffec3
000001ed
00000310
000000dd
00000142
fffffcca
fffffcbc
ffffffe3
fffffe8b
0000002a
00000045
fffffecc
ffffff09
ffffff6b
fffffcc3
fffffff6
ffffffc2
ffffffb8
ffffffb2
000000b0
ffffffd3
fffffe04
000001f5
fffffd0c
00000183
000000fe
00000184
fffffeeb
00000180
fffffb5d
fffffdd7
00000031
fffffda2
ffffff91
00000071
000001a3
fffffcc7
00000003
ffffff7f
ffffff04
000002c2
000002a5
00000001
0000029b
000001e7
fffffd69
00000187
ffffffad
000001e5
ffffff10
00000066
0000006d
fffffd22
ffffffa0
fffffce1
fffffe7d
fffffc9d
00000149
ffffff29
00000037
fffffd45
ffffff77
00000187
00000093
ffffff62
000001d9
000002ee
000000ae
0000014d
fffffd0d
fffffc62
ffffffee
fffffdf5
00000036
00000033
fffffef6
ffffff33
ffffff92
fffffd3e
ffffffe0
ffffff92
ffffffcd
ffffffdd
00000081
fffffff4
fffffe41
0000020e
fffffd17
0000017a
000000ac
00000234
ffffff33
000001b4
fffffbd5
fffffdbf
00000039
fffffde1
ffffffbc
0000009c
00000185
fffffd28
00000058
ffffff57
ffffff26
0000029c
000002cc
00000016
0000027b
00000186
fffffdb2
00000175
00000003
00000202
fffffe20
00000049
00000062
fffffd96
ffffff45
fffffd07
fffffe16
fffffd2a
00000108
0000002e
ffffffa8
fffffd3c
ffffff98
0000019d
000000ff
fffffeef
00000228
000002ad
000000ce
0000014b
fffffd5e
fffffc53
fffffff0
fffffe73
ffffffb9
ffffffd6
fffffeae
ffffff54
ffffff43
fffffd29
ffffffaa
ffffffab
ffffff53
ffffffbd
00000090
ffffffed
fffffe3a
00000224
fffffcd0
0000015c
0000010d
00000212
fffffefc
00000187
fffffbc5
fffffd6c
00000032
fffffd7f
ffffff1a
000000aa
000001aa
fffffc7a
fffffff8
ffffff64
ffffff17
000002b1
00000308
00000041
000002cc
00000152
fffffd4e
00000141
ffffffda
0000021b
fffffe4d
00000008
0000000c
fffffd70
ffffffdb
fffffcf8
fffffe63
fffffc6b
0000013f
ffffff2f
ffffffd3
fffffd53
ffffff5a
000001b1
00000088
ffffff04
000001c9
000002db
000000c6
00000193
fffffd89
fffffce6
ffffffbe
fffffed4
00000029
ffffff94
fffffef5
ffffff36
ffffff34
fffffced
ffffff8d
ffffff8d
ffffffc0
ffffffd9
0000003e
ffffff6b
fffffdfe
0000024a
fffffdd1
00000177
0000019c
0000021e
ffffff24
000001bf
fffffb45
fffffe34
00000060
fffffd9c
fffffef5
000000fb
0000015c
fffffd1b
0000007d
ffffff75
fffffea0
000002e9
0000029c
ffffff9e
00000271
00000115
fffffd5a
000000f8
00000023
000001c4
fffffe84
00000046
00000001
fffffdbb
ffffffbe
fffffc7a
fffffe8f
fffffd03
00000109
ffffff98
ffffffad
fffffd6a
ffffffa2
00000200
00000034
fffffed8
00000236
000002b2
00000093
000000db
fffffdc7
fffffd63
ffffffe8
fffffed6
00000057
0000001e
ffffff77
ffffff38
fffffef4
fffffcb9
00000021
ffffffd5
ffffffc0
00000004
0000008f
00000033
fffffe48
000001f2
fffffcdc
000001a1
00000148
000001c8
fffffe32
0000016f
fffffbd9
fffffdb5
00000032
fffffd9e
ffffff50
000000ba
000001a2
fffffd54
ffffffd7
ffffff64
fffffedf
00000271
00000337
00000005
00000243
000001a0
fffffd69
00000156
ffffffa3
00000203
fffffedd
0000006a
000000c8
fffffd21
ffffff97
fffffc08
fffffe87
fffffcdc
00000197
ffffff15
0000008c
fffffd49
ffffff0d
00000195
00000103
fffffe72
0000022c
00000326
00000103
00000107
fffffd96
fffffcb1
ffffff53
fffffec6
0000001f
00000000
fffffecc
ffffff8b
ffffff05
fffffdc8
ffffffae
ffffffb2
fffffff9
ffffffe0
000000e3
ffffff5e
fffffe91
00000229
fffffe29
00000173
000000ff
00000275
ffffff65
00000164
fffffbb6
fffffda7
0000000c
fffffe31
ffffff0c
000000b4
00000132
fffffcd0
0000004f
ffffffce
fffffedd
0000026a
0000031f
ffffff50
00000284
0000010c
fffffd73
00000161
00000018
00000218
fffffea0
00000011
0000002f
fffffd6b
ffffffcd
fffffccb
fffffdfc
fffffcd2
0000019e
ffffff5f
ffffffce
fffffd43
ffffff0a
00000186
000000d2
ffffff69
000001be
000002bb
00000123
00000137
fffffd75
fffffcf1
00000023
ffffff21
0000000c
00000010
ffffff01
fffffef1
ffffff23
fffffcda
ffffffb9
ffffff59
ffffffed
ffffff93
0000004f
ffffff2f
fffffe34
00000262
fffffd9d
0000017d
00000189
000001f1
fffffebd
000001ea
fffffba2
fffffdde
00000098
fffffded
ffffffaf
0000009a
000001cd
fffffd54
0000001d
ffffff05
ffffff26
0000029b
000002b0
ffffffd8
00000278
00000157
fffffd6f
0000009c
00000011
000001b4
fffffe5d
00000016
ffffffbd
fffffd60
ffffff98
fffffbf7
fffffe6e
fffffd5c
00000154
ffffffeb
ffffff83
fffffd64
ffffff24
00000191
00000081
ffffff06
000001ec
000002cd
000000ee
000000ba
fffffd5e
fffffd01
ffffffd8
fffffe7a
ffffffa3
ffffffcc
fffffec4
ffffff59
ffffff39
fffffcb0
ffffffc6
ffffffb3
ffffff75
ffffffd2
00000066
ffffffd4
fffffe3c
00000207
fffffdf2
00000149
000001f6
0000020d
ffffff4d
00000159
fffffbfd
fffffe3e
00000036
fffffd76
ffffff59
000000a3
000001fd
fffffcc2
00000043
ffffffb2
fffffed5
00000281
000002ce
ffffffe4
000002b7
0000013a
fffffdb7
0000016d
0000000f
000001ae
fffffdf6
00000018
fffffff6
fffffdc3
ffffff52
fffffcf9
fffffe38
fffffc54
00000125
ffffff4c
ffffffeb
fffffe1e
0000002b
0000018a
00000076
ffffff5e
0000025a
000002c4
00000062
00000119
fffffde5
fffffcda
00000008
ffffff02
ffffffe1
ffffffd6
fffffeac
ffffff79
ffffff3b
fffffc5e
0000000c
ffffff7e
ffffff7e
fffffedf
0000007f
ffffffe0
fffffe08
0000029b
fffffcb7
0000018e
00000143
0000015a
fffffe9c
00000230
fffffbdc
fffffd6c
00000086
fffffd77
fffffefd
0000008e
000001ab
fffffdc9
0000004a
ffffff68
ffffffbf
000002e0
000002b9
ffffffda
0000029e
0000019a
fffffdb9
000000ec
0000002c
00000219
fffffe1c
00000037
00000076
fffffd8f
ffffff62
fffffd3c
fffffe0c
fffffd5d
0000015a
ffffff57
ffffffed
fffffdd9
00000040
000001a6
0000009f
fffffe8c
000001c5
000002f8
0000010c
000000e7
fffffd43
fffffcd2
ffffff6d
fffffebc
00000004
ffffffbe
ffffff1a
ffffff5b
fffffef0
fffffc65
0000000a
ffffff98
ffffff8b
ffffff5e
0000003d
ffffff7f
fffffe1e
0000023e
fffffd02
00000181
00000193
000001e7
ffffff14
000001dd
fffffb97
fffffdcf
000000e9
fffffd82
ffffff81
000000a5
000001db
fffffd72
ffffffc1
ffffff7a
ffffff31
000002ab
00000298
ffffffc3
0000030b
000001ac
fffffda6
00000135
fffffff7
000001ef
fffffe43
00000034
fffffff6
fffffda5
ffffff78
fffffca8
fffffe0c
fffffd7e
00000147
ffffffdc
fffffff7
fffffd9b
00000018
0000017e
00000141
ffffff12
0000024f
00000297
00000129
0000013b
fffffdab
fffffc43
ffffff7a
fffffe94
00000085
fffffff5
fffffefb
ffffff49
ffffff2a
fffffcd2
ffffff8d
fffffff2
ffffff94
ffffffce
00000056
ffffffc8
fffffea3
00000235
fffffd5a
00000175
00000184
000001da
fffffee9
000001c4
fffffbcf
fffffe09
00000076
fffffd7b
ffffff8c
000000e0
000001c5
fffffd44
ffffffee
ffffff48
fffffeec
000002a9
00000326
ffffffe0
00000282
000001bd
fffffd7a
0000016f
ffffffe9
00000235
fffffe46
0000006b
0000000c
fffffd66
ffffffa6
fffffc9e
fffffeb2
fffffd12
00000153
ffffff39
ffffffdf
fffffd05
fffffec1
00000188
0000012b
ffffff2d
00000209
000002ac
000000d0
0000017c
fffffdd1
fffffcad
ffffffa8
fffffe8d
fffffff7
00000037
ffffff30
fffffed5
ffffff22
fffffd01
ffffffb1
ffffffb5
ffffffa2
ffffffcb
000000b9
ffffff83
fffffe71
000001d8
fffffd21
0000017c
00000131
000001bd
ffffff3c
000001ca
fffffba3
fffffd93
00000079
fffffdd5
ffffff63
000000b0
000001e0
fffffd4a
00000012
ffffff6c
fffffef9
00000293
000002ea
ffffffa3
0000029a
0000018c
fffffd52
000000c5
ffffffef
000001a6
fffffdef
00000064
0000000c
fffffcd5
ffffffcf
fffffce4
fffffdd3
fffffd2a
00000192
ffffff57
00000056
fffffe3a
ffffff33
000001d8
0000009f
ffffff30
000001ba
00000310
00000129
0000014a
fffffced
fffffc90
ffffffae
fffffeb8
00000042
ffffffe5
ffffff1a
ffffff9f
fffffefd
fffffc4c
ffffff0b
ffffffb5
ffffff59
ffffff98
00000071
ffffffde
fffffe11
0000026f
fffffd5b
00000166
000001b7
000001f8
fffffefa
000001bb
fffffbdc
fffffe1d
0000000b
fffffd3c
ffffff45
00000116
0000020b
fffffce4
00000040
ffffff71
fffffeba
0000032f
000002bd
ffffffb0
0000029a
0000015b
fffffd50
00000110
fffffff0
0000022e
fffffea4
00000060
0000000c
fffffdad
ffffffbb
fffffc96
fffffe83
fffffccf
000000fd
fffffecd
ffffffc5
fffffd7e
ffffff81
000001a2
000000b0
fffffebc
0000020d
000002ba
00000040
00000133
fffffdd7
fffffd64
ffffffc1
fffffef2
00000071
0000000a
fffffee2
ffffff96
ffffff38
fffffcfe
0000009e
ffffffcd
ffffff50
00000006
00000093
ffffffb4
fffffe48
00000262
fffffcff
00000193
00000170
0000019c
fffffe7d
000001d3
fffffbe2
fffffdaf
00000097
fffffdab
ffffffcb
000000ed
00000153
fffffda3
00000060
ffffff57
ffffff3d
00000283
00000333
00000004
00000295
000001e2
fffffd3f
00000140
ffffffb0
0000022f
fffffe4b
00000025
0000008a
fffffd87
ffffff84
fffffc61
fffffe58
fffffcf7
000001c9
fffffff5
fffffff2
fffffd2f
ffffff75
000001c3
00000148
fffffee9
00000231
00000301
00000102
00000103
fffffdd9
fffffbec
ffffff78
fffffe9e
000000a7
ffffffb2
ffffffbd
ffffff5c
ffffff40
fffffcb1
00000023
00000006
fffffefd
ffffffc9
0000007b
0000004a
fffffe20
0000020c
fffffce7
00000195
000001b2
0000015b
fffffe9e
000001a1
fffffaf7
fffffd95
000000c2
fffffd2c
ffffffc2
00000150
000001ab
fffffd9d
ffffffdc
ffffff82
fffffed1
0000028c
000002e6
0000000f
00000285
0000019d
fffffd53
0000014d
ffffffc1
00000203
fffffe39
00000021
0000008f
fffffe0e
ffffffa4
fffffbaa
fffffe76
fffffcee
0000016b
ffffffab
ffffffe9
fffffdb0
ffffff59
000001f9
0000005e
ffffff0d
000002b2
00000307
000000ab
000000f6
fffffd04
fffffc5d
ffffff98
00000019
00000173
ffffffad
0000011a
ffffff67
fffffed8
ffffffe6
fffffd59
ffffff6f
ffffff8d
00000111
ffffff1f
ffffff79
ffffffed
fffffffe
0000016d
fffffe6f
00000045
000000b4
000000ea
000001fe
fffffdbf
fffffe23
0000017e
000000db
fffffea1
fffffee1
000003e8
ffffff3e
00000128
ffffff45
fffffe88
ffffff44
00000237
fffffffc
ffffffd7
fffffeb6
fffffff0
fffffd88
0000007a
fffffdd2
ffffff8c
000001f2
0000009b
fffffedd
ffffffd1
fffffb84
fffffeb1
fffffe7b
00000098
fffffe76
00000276
fffffe79
fffffedc
ffffff60
fffffff9
000001bb
ffffff04
00000135
ffffffe8
ffffff89
00000028
fffffc4e
00000125
ffffffd1
000000d4
0000007c
000000be
ffffff3d
fffffee6
0000001c
fffffd81
ffffff57
ffffffbf
0000013c
ffffff72
fffffee0
ffffffd5
0000004c
0000019b
fffffe79
0000007b
0000005c
000000a7
000001f2
fffffdd3
fffffe0a
00000185
0000012e
fffffe4f
fffffecd
000003c7
ffffff07
00000121
ffffff9a
fffffec9
ffffff71
0000025a
ffffffd3
fffffff3
fffffe9b
ffffffe7
fffffd73
000000a8
fffffda6
fffffefd
000001ab
00000026
fffffed5
ffffff68
fffffaea
fffffe41
fffffe93
000000dd
fffffef6
0000024f
fffffe24
ffffff2e
fffffeea
ffffff5c
000001ec
ffffff70
00000171
00000062
ffffff4f
ffffff78
fffffc21
0000012f
00000036
0000009d
00000065
00000085
ffffff21
fffffee1
ffffffaf
fffffe78
ffffff6e
ffffffb4
00000130
ffffff5f
ffffff07
00000049
00000010
0000014d
fffffe33
000000be
00000011
00000066
0000021e
fffffd1f
ffffff07
0000023f
00000117
fffffe22
fffffe43
000003d4
ffffff48
0000016a
00000033
ffffff1c
ffffff1b
00000231
ffffffa8
00000036
ffffff14
000000b3
fffffd69
0000015f
fffffd97
ffffff59
00000263
00000015
fffffe8b
fffffef4
fffffbae
fffffe9d
fffffec2
00000118
ffffff2d
00000224
fffffebd
ffffffa6
ffffff25
0000000f
00000200
fffffe6d
0000012a
00000042
fffffecc
ffffff3b
fffffc79
00000110
ffffffb9
0000013f
00000032
000000ff
ffffff1f
ffffff13
00000015
fffffeb6
ffffffa0
ffffff48
000000d7
ffffff76
ffffffa7
ffffffaf
00000020
000001a9
fffffe68
000000d2
ffffffe7
0000005d
00000274
fffffd1f
fffffe3a
000001cd
0000014d
fffffefe
fffffeb1
00000391
ffffff8e
000000f5
ffffffad
ffffff35
ffffff36
0000025d
00000046
ffffff95
ffffff16
00000075
fffffd13
000000c2
fffffd7c
ffffff73
000001db
000000f3
ffffff4d
ffffff17
fffffb3a
fffffe8b
fffffdd7
000000ad
fffffef5
00000259
fffffe66
ffffff46
fffffe88
00000005
0000023a
ffffff4e
00000152
ffffffd3
ffffff61
fffffff2
fffffccd
00000103
ffffffe7
0000013c
0000008d
000000b9
ffffff46
fffffed4
fffffff9
fffffe08
ffffffd2
ffffff6f
000000fa
ffffff9f
ffffff0d
fffffff8
0000000f
000001c9
fffffedf
00000097
00000087
0000004e
00000208
fffffdb3
fffffeab
000001e0
000000f1
fffffe89
fffffefc
00000402
ffffff77
000000e8
ffffffe7
ffffff01
ffffff6e
00000248
0000001b
00000018
ffffff0f
0000009d
fffffd69
00000133
fffffd4e
ffffffde
000001f8
0000003f
fffffede
ffffff46
fffffc10
fffffe23
fffffe03
00000064
ffffff2b
0000023c
fffffe1d
ffffff8f
ffffff2d
00000015
0000020a
fffffeec
000001b6
ffffffd8
ffffff6e
ffffff8a
fffffcde
00000135
ffffffdf
000000d7
0000009b
00000154
ffffff52
fffffef1
ffffff95
fffffe62
ffffff45
ffffff24
00000120
ffffff06
ffffff18
00000011
00000025
000001a3
fffffe63
000000d5
00000064
00000014
00000283
fffffd62
fffffe9d
000001d6
00000129
fffffe82
ffffff1a
000003bd
fffffff4
00000178
ffffff75
ffffff50
ffffff66
00000265
ffffffc1
ffffffed
ffffff5e
0000008f
fffffd59
000000e5
fffffd63
ffffffa0
000001f4
0000004b
fffffee7
ffffff70
fffffba0
fffffe59
fffffe24
000000a5
fffffee0
0000027c
fffffdf2
ffffff2e
ffffff1d
ffffffee
0000019b
ffffff37
00000189
00000034
ffffffce
ffffffde
fffffd38
000000b0
ffffff7d
000000c3
00000079
0000010b
ffffffcb
ffffff4f
00000020
fffffeb9
00000001
ffffff02
00000139
ffffff8c
fffffef7
ffffffa8
0000003a
00000153
fffffe2b
000000a0
00000029
00000071
000001ab
fffffd95
fffffde1
000001bf
000000f6
fffffe80
ffffff28
0000035b
00000016
0000010e
ffffffc4
ffffff2e
fffffef2
00000201
ffffffa9
00000066
ffffff17
00000025
fffffd46
0000011a
fffffd6c
ffffff9a
00000144
0000003b
fffffedc
ffffff61
fffffbe7
fffffdfb
fffffe0c
000000c2
ffffff73
00000254
fffffe56
ffffffbc
fffffef2
ffffffaf
000001f8
ffffff71
0000015f
fffffffd
0000002b
fffffeb8
fffffcdc
00000189
0000002b
000000d4
000000c0
000000a6
ffffffb3
ffffff16
00000012
fffffef0
ffffff93
ffffff60
00000117
ffffff49
fffffece
00000021
00000048
00000188
fffffec6
0000007f
0000009c
0000003a
00000271
fffffd72
fffffec6
0000022c
00000148
fffffee8
fffffeca
000002de
ffffff8e
0000016b
ffffffbf
ffffff43
ffffff36
0000026c
ffffffd3
00000029
fffffefc
000000d9
fffffd95
00000136
fffffd8c
ffffff67
000001d0
0000004d
fffffeda
ffffff1a
fffffc9a
fffffe3d
fffffe31
000000cb
ffffff12
0000026d
fffffdf5
ffffff34
fffffed9
0000005a
000001cb
ffffff00
000001c9
00000017
ffffff78
ffffff47
fffffcef
00000102
fffffffc
00000139
0000005f
00000107
ffffff62
fffffee0
0000001e
fffffd1c
ffffff5f
ffffff77
00000114
ffffff34
ffffff5d
fffffff6
0000000e
000001e0
fffffeb7
0000005b
000000cc
000000ae
0000020f
fffffdc5
fffffe72
0000010e
000000f5
fffffe9e
fffffef8
000003d3
ffffffab
00000113
ffffff29
fffffed3
ffffff68
00000229
00000003
ffffffbe
fffffeb9
000000a3
fffffd34
0000009e
fffffd99
fffffee8
000001d4
00000059
fffffebd
ffffff44
fffffb8e
fffffec0
fffffe32
00000097
fffffec9
00000275
fffffe5b
fffffec3
fffffee5
fffffff5
00000167
fffffe81
000001c3
00000036
ffffffdc
0000004c
fffffcca
000000ea
ffffff73
000000ea
00000093
00000110
ffffffac
ffffff7b
0000009d
fffffd3b
ffffffc2
ffffff42
00000116
ffffff61
ffffff63
ffffff80
ffffffce
000001d1
fffffec7
0000007e
00000050
00000113
000001c3
fffffe25
fffffe1c
00000187
000000fa
fffffedf
ffffff37
000003aa
ffffff99
000000de
ffffff71
ffffff0f
fffffefc
000001c8
00000022
ffffffea
fffffeea
00000065
fffffd78
000000d0
fffffd61
ffffff0e
000001eb
000000b5
ffffff84
ffffff4f
fffffafe
fffffe96
fffffe66
0000008a
ffffff3c
00000254
fffffe73
ffffff56
ffffff56
ffffffe5
00000231
fffffec6
00000156
ffffff95
ffffff6e
ffffff83
fffffc36
00000162
0000002f
00000192
ffffffd7
000000bf
ffffff83
fffffed2
ffffff93
fffffdff
ffffff6d
ffffff3b
000000e4
ffffff66
ffffffdd
00000014
00000032
000001ab
fffffe9c
0000009c
ffffffe2
0000011d
0000022f
fffffcd9
fffffe10
000001c9
000000ee
fffffeab
fffffeaa
00000479
ffffff5b
00000136
ffffff61
ffffff00
ffffff46
000001fe
00000068
ffffff6f
fffffed0
00000023
fffffd32
000000f4
fffffdaf
ffffff40
000001bd
000000d5
ffffff05
fffffff9
fffffacd
fffffee0
fffffe21
000000cf
fffffe7d
00000306
fffffda3
ffffff13
ffffff34
ffffffc8
00000221
fffffeb0
0000012c
ffffff97
ffffff57
00000004
fffffc67
000000e6
0000001c
00000119
00000056
000000e1
ffffffd4
ffffff20
0000003c
fffffd99
ffffffc0
ffffff92
000000ec
fffffefb
ffffffc1
ffffff88
00000011
000001ac
fffffe04
000000cc
0000001b
0000008e
0000025d
fffffd75
fffffe6f
000001c2
0000013b
fffffeb8
fffffefc
000003e3
ffffff3a
0000012b
ffffffa0
ffffff25
ffffff4a
00000252
ffffffde
ffffffd1
ffffff51
0000004c
fffffd4d
00000078
fffffdde
ffffff4b
000001bb
000000f0
ffffff52
ffffff22
fffffb5a
fffffe66
fffffe42
000000fe
fffffed3
00000229
fffffdef
ffffff0e
fffffec0
00000010
00000230
0000000d
00000149
0000002e
ffffff67
ffffffae
fffffc2c
000000dd
0000000e
0000012a
ffffffdc
000000f2
ffffff86
fffffee0
ffffffc5
fffffe95
ffffff23
ffffffa6
0000013e
ffffff5c
ffffff56
fffffff6
ffffffde
0000013a
fffffe44
000000ae
fffffff1
0000009d
00000218
fffffd6e
fffffe9d
000001e5
00000125
fffffed7
fffffe7b
000003c9
ffffff84
000000e1
ffffffd7
fffffefa
ffffff78
0000027a
00000016
ffffff6b
ffffff33
0000005a
fffffd89
00000135
fffffe00
00000002
0000023f
00000087
fffffeb7
ffffff33
fffffc1d
fffffe77
fffffea8
00000118
fffffeac
00000276
fffffe56
ffffff19
ffffff0b
ffffffde
000001ff
ffffff44
0000014f
ffffff7e
ffffff07
ffffff50
fffffd0c
00000149
ffffffe0
0000014a
00000055
0000010f
ffffff36
ffffff0e
ffffffc7
fffffde8
ffffff68
ffffff45
000000bd
ffffff11
ffffff9a
00000083
ffffffdf
000001d1
fffffed4
00000092
00000072
00000073
00000248
fffffdfa
fffffe2b
0000012e
0000011f
fffffec4
fffffef4
000003a0
ffffffc6
0000014e
ffffff98
ffffff22
ffffffee
000001f7
00000024
00000035
fffffecf
00000071
fffffd5a
000000ea
fffffd7e
ffffff3d
000001e8
00000040
fffffeae
ffffff5e
fffffbaf
ffffff11
fffffddb
0000006d
fffffeac
0000025d
fffffe6a
ffffff25
ffffff1d
00000001
000001f9
fffffed2
000001a2
00000084
ffffffc5
ffffffc5
fffffd1d
000000f2
ffffffea
000000e6
0000008c
000000ba
ffffff5f
fffffef5
ffffff8f
fffffe37
ffffff19
ffffff64
000000fa
ffffff97
ffffff09
ffffff12
fffffff3
0000011b
fffffe6b
fffffff0
000000cc
000000e9
000001fc
fffffd23
fffffe3a
00000188
00000100
fffffe13
fffffeae
0000042d
ffffff4b
00000143
ffffff98
ffffff19
ffffffb1
000001b7
00000044
0000000c
fffffec0
0000005e
fffffd01
0000010d
fffffd3a
ffffff56
00000215
fffffffe
fffffebf
ffffff74
fffffbfa
fffffe48
fffffe6d
0000006b
ffffff0e
0000025a
fffffe9f
ffffffda
ffffff48
ffffff5a
000001cc
fffffea6
00000190
ffffffb9
ffffff62
ffffffe4
fffffd1b
000001a8
fffffff7
0000010a
000000de
00000079
ffffff58
fffffecb
0000005c
fffffe72
ffffff71
ffffff0d
00000124
ffffff92
ffffff0e
ffffffa2
00000036
00000171
fffffee6
000000cd
00000013
00000097
0000019f
fffffdf5
fffffe30
000001c4
00000113
fffffeaf
fffffeac
0000038c
ffffff45
000000f2
ffffffc2
ffffff1f
ffffff28
00000209
ffffffe3
ffffffc6
ffffff90
0000004e
fffffd02
000000d4
fffffd2f
ffffffdc
000001ef
00000021
fffffed7
ffffff5f
fffffb1f
fffffe7d
fffffdfc
00000145
ffffff2a
0000029c
fffffe6b
ffffff79
ffffff1d
00000003
00000282
ffffff3c
0000015a
ffffffe0
ffffff91
ffffff35
fffffd65
000000b7
ffffffb6
0000013a
0000005d
00000167
ffffffa4
fffffeb2
ffffff4d
fffffd53
ffffff8d
ffffff14
00000134
ffffff52
ffffff15
ffffff7a
0000001d
00000182
fffffe2f
000000ba
0000005c
000000c0
0000021d
fffffdb2
fffffe5b
000001be
00000122
fffffe4f
fffffeb1
00000461
ffffff76
00000160
ffffff94
fffffed7
ffffff94
00000221
ffffffdb
0000003e
fffffe91
00000069
fffffd4a
00000097
fffffd4e
ffffff5a
000001a6
00000015
ffffff0b
ffffff4a
fffffb36
fffffee4
fffffe0f
0000009e
fffffe5e
0000025a
fffffdf1
ffffff25
fffffee0
ffffffb9
00000235
ffffff77
00000108
ffffffa2
ffffff90
00000069
fffffc6e
00000183
ffffffcb
000000b2
000000b3
000000fe
ffffff5d
fffffee7
00000039
fffffda1
ffffff77
ffffff6b
00000115
ffffff3a
ffffff52
ffffffa2
ffffffc2
00000166
fffffde2
000000a2
00000072
000000a9
00000295
fffffdf9
fffffe2d
0000012c
0000016a
fffffe78
ffffff0e
0000038b
ffffff8f
00000177
ffffffc6
ffffff0e
ffffff91
0000022c
ffffffee
fffffffc
ffffff4e
00000078
fffffd70
000000c6
fffffd33
ffffff04
000001e8
00000088
fffffef2
ffffff08
fffffb2a
fffffe1e
fffffe40
000000bd
ffffff2f
00000272
fffffe76
ffffff94
ffffff23
ffffffa9
000001e4
ffffff74
00000143
0000007c
ffffffcc
fffffedb
fffffc45
0000015d
ffffffd6
0000010b
00000023
000000a2
ffffffc9
ffffff1d
00000057
fffffe8e
ffffff97
ffffff62
000000f0
ffffff70
fffffee7
00000062
fffffff9
00000164
fffffe9c
00000057
000000b7
000000b2
0000024f
fffffda9
fffffe0e
000001c0
00000124
fffffeb8
ffffff05
0000036c
ffffffc4
0000010f
ffffff76
ffffff06
fffffed6
000002b1
00000007
ffffffca
fffffed6
00000015
fffffd8f
000000f7
fffffdb0
ffffff7b
00000217
000000d9
fffffebb
ffffff35
fffffb5a
fffffe7f
fffffe4c
0000006d
fffffef3
0000023b
fffffe7e
ffffff43
ffffff39
ffffffe5
000001d8
fffffee2
0000016d
00000009
ffffff25
ffffff89
fffffc71
00000158
00000000
00000107
00000075
000000c6
fffffeeb
ffffff2d
0000001c
fffffe4e
ffffff19
ffffff60
000000ea
ffffff72
ffffff37
0000005a
fffffffd
00000194
fffffead
0000006b
000000ae
0000006a
00000253
fffffd34
fffffe2e
000001ae
00000171
fffffea5
fffffeaf
0000036e
ffffffaa
00000156
ffffff5a
fffffefe
ffffff44
0000022b
ffffffe7
0000000d
fffffea8
00000042
fffffd0c
00000139
fffffdba
ffffff91
000001ea
0000002c
fffffeab
ffffff85
fffffb5c
fffffe84
fffffee3
0000008e
ffffff6b
00000239
fffffe39
ffffff4f
ffffff10
ffffffcb
0000016a
ffffff0e
0000018d
00000052
ffffff69
ffffffda
fffffd44
00000130
