// w1 image: 16 words per input, 4 int8 per word
// (12544,) -> 12544 values, 8 hex digits
04fbfb00
06faf802
08fefb03
fbfa0606
04030208
fc01fe00
0005f8fd
04040704
fb04fc05
00000005
f8fe0006
00050008
fef90101
0800f903
05fb02fd
050103fa
f803fc04
0207fc00
ff06fdf8
02030806
fc0005f9
f9fff800
ff00f805
02faf807
00f80800
0403ff02
ffff02fb
fef80703
fdfcfc01
fd0301f9
fafb0405
05fcf905
00f8fef9
fbfe06fe
07fd05f8
070707f9
0100f8ff
0304f805
00f8fa03
0003fdf9
06fefd04
f8ff07fa
f901fbfe
fdfefb02
01f80307
04f907fa
f9f900fc
02fc0005
fefbf8fa
fdf9fb02
fdf80306
fbfdfe01
07fa07fa
080605fc
fc03fd00
fcfbfdfd
fffffc05
fc0802fc
fbfa0302
0103ff08
06fefffd
000702f8
08f8f8fc
05f9fcfb
050600fd
01ff07fc
fdf9fff8
fa05fdfb
04fd08fb
020501f9
05030208
f807fffe
fc0701fe
fc07f9fe
03030101
08f9fd06
f906fe05
f905fc07
04030803
fd0204fa
03fc0102
f804fc08
04fdf904
03f907fb
01fe0806
03fc0408
000301fe
f9fafdf8
07f905fa
02fcff03
fd05fefa
fc040407
fe030705
0200f9fa
fdf80501
fc0302fd
03fd0000
00f80107
fb08fb06
fbfdfcf9
07fcfdfe
0701f904
fc03fe02
0708fbf9
02fb0700
03f8fdfe
fc00fd00
0407fd05
010103fa
08050305
fef8fe08
fdf80707
05fe0307
02ff0104
fd040506
030601fd
fdfd0504
fffd0002
fe0403fc
040407f9
01000403
fbfcfdf9
fffa05ff
06fcff00
fff90808
06050604
fa01fffe
07fc06f8
fe0408ff
080300fd
0007fc03
05fffb07
0701fdfd
0002f9fe
fd04f800
faff0300
fcf8fbf8
f808fbfd
08fdf9f9
020705fb
fe03feff
fef90504
ff040100
02f9f8fe
fffb0202
fefd05f8
0104fa01
0604fe05
08080100
07f804fc
f9030803
040807ff
ff0100fb
08ff05fc
04f90407
fff900fa
06080502
03020107
0200fcff
0802fcf9
0701fdfd
080107fb
0000fb04
01fbfdfa
f8fd07fc
fd07fbff
fcfbfcf8
07fc04fd
fc000704
fc04fffe
01070601
060100f8
fd020300
00070805
fa05ffff
ff03fcf8
f903fdfe
01fdfb08
fffafd05
080305fe
03f90207
f805fb07
fcfcfd06
0200fdfb
fc0304fa
fdf90803
06fafeff
f8f805ff
0805fb06
fafd0407
06fef8fb
04fb0303
f403fdf5
f7f604f6
09fbf805
00010307
fbff08f9
fbfbfcfc
0508ff0a
f80701f5
f4060006
fa0a00fc
fb00fb03
070109fe
f8fef3fd
0af90203
04f80110
08fcfcf4
0405fcf8
050302f6
0f0000ff
06030300
fa040301
fdf9fd08
0406fb02
fa0af6fc
000a01f9
f90afdfe
fbfef200
03ff0dfc
f5f7f6f9
05fa00fb
01f90210
060600f4
1bf4f402
170c0904
f8f60802
f910f8e8
06fdf814
0c11fae8
f3fc0ef6
09f504fd
00f9ff0f
12f1feff
02f9e4f2
fc00ec06
0208020a
ff0301fe
e9e9fffb
09f7000d
0d03fc03
0009ff05
02040dff
fb07f9f1
080806fe
0b0c01fc
010303f7
09f10808
fdff02fe
02f1f600
000101f8
f701f101
020c0806
fb050404
000204f9
01fe04fb
07030403
fb0302f8
02fef805
020601fd
fe06f8ff
07080605
f8fe0403
f902fefb
f8040601
07030606
fd03fbff
f9ffff04
fefcf8ff
fe00fc07
fffd0505
f90807fd
fffffc05
04fb06f8
05fffcfa
0500fa05
01030102
00fb0800
fafdfff8
f806fffb
07070200
fef806fa
060506fd
fefdfd00
f8fb06fd
02fa05f8
fff80504
06fb07fd
f9f907fa
fb04f900
070203fe
04fdfc02
fd05ff08
05fafe00
04fdfdfc
02fd06fa
00050503
00fbfdfa
04f805fe
0203f8fd
01fa0406
fe040008
0006f804
01fafaf8
fc03fafc
06f9f8fd
ff0705fb
050604fc
f9fbfe00
f9f80203
050701fa
fc0208f9
fdff0501
f9fdfefd
0808ff06
08fefc00
04fdfd04
fcfbfc03
080405fe
fffffafc
08050003
fc08f806
fefffd00
000004fa
00f8f8f9
01fffcfe
00fa0307
0300fa08
08060407
f8020304
f807fe04
fff80201
fefc04fa
08fbfafe
fcff0701
0202fffc
feff0807
fd040202
fd040307
03f9f800
0208fbfa
0500f801
04030505
04fff803
fb02fdfe
0407ff07
f9fefcfc
000405fe
ff03fc03
f9030602
0501f905
f90501fd
fc0408fe
fefffef9
fefafb02
06fafa07
fd04fb01
0507fe07
fa0000f8
02fff804
06040307
f9fefa00
fc030005
00010503
08fdfc03
fbf802fc
fc0105fd
f806ff02
0403fb06
08f9fdf8
fcf8fb07
fa0502fd
04fb0107
f8fc0602
05fe05f9
07f80101
fdfafffe
f803faff
00020102
0402f8f9
fb080400
0100fd00
fe05fefe
02fafafb
01fd01ff
fd000806
feff0506
fe04f9ff
f9fa03f8
07f903fa
02f9fcfc
fafbfdff
fe0406f9
07000604
02fbfafc
f8fb0108
04000007
fe060600
f9fafd00
f908fd08
f9ff0101
fe03feff
0504fffa
05fcfc03
fb02f8fa
000000f8
fb05fe07
07060404
fa000606
0107fefc
0504fd05
f8000401
fc060004
060701f9
05fa05fb
01020207
0708fc08
05fbfbfc
0305fa08
fe06fbf9
fa05fdf9
0101f904
fc03f806
fc08fcf9
fefa0502
07fcfdfe
f9070308
06fefa08
f8fe0807
05f9f9fb
0007fd02
fafe04fd
0500fdf8
faff0103
fc030000
0704fafd
0007f8f9
0002fcf8
0405fa05
07ff06fc
fefdf902
ff07ff08
fbfd0006
040102f9
0107fcfe
04fc08fc
fb0001fe
07faffff
07f902fb
00f8fbfe
05060707
0404fc01
05010601
00fd0207
fd07f902
f907fbfd
00fe0803
08ff03f8
05fe0807
fc05f9f9
f9ff01ff
fff90502
f9ff04fd
00fd0306
04fffafe
faf8fe04
01fb0202
fc0006fc
0505f805
fbf908fa
f9f9fafa
04fb01fd
fbfdf805
fc0200fe
ff08fdfc
fd07fafa
f8fcfdfd
0204f9fe
0607ff04
00fe07fd
fd0401fd
f8ff0402
0002feff
0704f807
0703fff9
07f800f8
fc0503ff
0707f902
fd000104
0401fcfb
f9ff0100
0201fefc
04fb0702
0303fdf9
07f8fa02
fbfafdfb
fdfd0407
fe0702fc
0307fe07
fdfe06ff
0803ffff
0308fb07
0302fb07
0705fdfd
07fafc03
f9070000
f9fafc07
fc08ff00
0504fb02
f907fa06
fc0200fd
03fcf8ff
04fcfdfa
00fffaf9
fbfbfbfa
05f9fb04
f9fcfb02
f9fd04fe
04fef7fd
fe030806
07070001
01ff07ff
08fafb06
080803fc
000302fe
fefe0703
050302fc
fbfffa01
fe0708fc
0a030903
00070300
060203fa
fdfa0705
f7fc01f8
02faf804
03ff03ff
f7010b00
0800fbf9
fd04f203
0c040405
010bfd03
fbf9fefb
0200fc00
08fdfa04
050200fd
091609f6
0cfcfd03
010903f4
f4021509
fe00fcff
f30fe71f
f5edeef3
0bfef112
0df7fdfa
fb02f11d
0b0707f9
f90aff05
06fe0bf7
e2f60711
0d0501f9
fdfb06f9
121400f7
0e0af707
00060df9
eff81706
fcf4f9f1
ff0df219
f5f0eff6
0f03fb11
02f1f9fa
edf7f81c
10fe02ff
010efb00
12f30403
d6fc0d10
0f06f5f0
02fc0ff7
0b0c0aff
0909fd04
fa0bffef
fef10b03
faf606fd
000bfd02
f2f402fb
0b040601
0bf6f600
f8f6f70a
08ff02fa
fc03f400
09010f00
fdf80a0e
02fdff01
13f507fd
0b040df9
000dfd0c
ef1103f0
eef1fe03
00f40ffa
ee07fe05
fdeff9fb
090109fc
08f9fbf7
faf9f10d
14f80ff3
fe0ef3f6
0fff0ef8
fbf20b0f
01f3f2f9
1ffc1afb
0c0c0609
f506f9ef
011201f3
d0f834ff
edf7f80a
e2101111
e9f2f2f0
03160f01
1604fcf3
ebf0e107
1efd1aec
f514eee5
35fd18ef
1706182f
19f5f5e9
17f82703
fcf9070d
0c010e0c
f30dfc01
d1ea3124
0805e703
fb1107f7
e4ffec00
f8f900ff
22f7f8fd
0e131700
1ef01bf5
0ef5e603
f516160e
f90a130e
0901030a
14f116fd
06f310ff
2406fe18
e8131dfa
d3da0b2d
1000ecfd
f614f202
e5fdd8ed
110401fc
24eef7ec
f5051512
2fe510ee
0506e3ff
fefb02e8
f3052520
200e020a
0cf80cfd
10fe17ff
140ffc11
ea101d03
d9e81116
0af9f5fa
fb11f704
df00deec
061c0701
19eceef5
ef0b0311
15ea1cf1
0804dff1
09f90efc
f0082027
12f7050c
efff06fc
f8e00300
fcf302f8
fdfc030f
fcf70bfd
f705f711
0505f809
f11008f8
f7180dfe
fe020d04
ff040c09
fff402ff
0cf7fff3
190ae211
100a2c02
f913f013
0de90113
09f60dee
1afa00ef
f721fdf8
def30832
08f9f3f0
ff05e2ec
f8fdefe5
1efc0605
0cf6eef5
f7020803
11fc0208
0a11f0f2
14f9eed8
f0f63904
0320f9f7
29d9041f
fc170af8
240ef603
e519fdec
dfe40e28
1eede7e5
f110dedf
f4eedddd
25fbf708
1ae4d7e2
edf6f6f3
12d4ffff
20fee9f9
f2f802e8
e6fd30f2
1a1406ea
17e1131e
030e0ff8
2223f4fe
f2231ef8
e3e20d20
11d7ebe3
ef0ee6e7
e9e8dcdb
2517090d
18f0e3cf
e7f3ee10
27e017fe
1703e8f4
ffe70ada
dd0c1e02
220800ec
f01217f9
f3e603ed
201de4f6
f51a2605
e0fa0d0d
eff2fd18
f70af729
eb10e2ef
f2230eff
051f18dc
f2e5ee21
19fa19f3
effdf1ed
28f5f6e7
21e61b1c
120be4e4
f50408fb
f5f406eb
2918e706
f81723fd
ece9100d
efe8fb0b
f70efa1e
d3f6e7f1
062107f3
0f1a12df
fcebdd28
282a1bf9
e907d5ef
15ecf5f3
02ef0e1a
1805f2e6
17f808f4
121014f1
291bdf19
f5161ff0
dee40412
eee9f9f3
e406ed16
e7f3eee6
091d0dfd
0f0a09e9
ecebf21e
1f290dea
e215eaee
1af807e4
fbe20415
10fdfaec
fb0c0ff2
fcf102f7
1318e317
02121401
f6ec0df6
e7ed040f
0102f015
eb02eae5
fb0e10f0
fc0f0feb
efecfb0f
1e1114f5
f1f6e3fd
24effaf1
03f31117
110af2df
f80406fa
03fc01f3
1012ed0e
061a0801
eee713f6
eff01103
fc04f712
f3fff3f1
060c09f1
041015ea
eaf0ee10
130408f2
f600f6fd
19f300e8
f9f01f10
1709eef1
08ff0b06
100d07f4
1210e710
01080ef3
e0f9110d
e6f309ea
eb0aed1c
f5fdf0ea
01170406
0f0a03f1
f1e7e518
0d030bf3
f607eaff
28f210f6
f6f6121a
0a06f1e9
fe000103
fbfcfafc
fe01fcfc
fd0005fa
fef803fa
fbfcfc01
fafefa08
0000fc01
faf90800
fefe06ff
010804f8
fcfd01fd
fa010801
08fd02f8
fafef902
03fefe01
01f9fd01
0204fbfe
03ff0106
00fbf900
03fd0008
fefa03f9
fb0602fe
03050107
02fdfbfd
f901fcf9
fb00f900
fbfdfefc
f800fb00
06f90801
0602f804
fb00ff01
fcfafd06
06080702
fe060405
fa06faf9
fafff8f9
060206fb
fe06f802
03fafefb
00f9fd00
0000ff01
04ff07fa
fcf8f902
fbfd0707
01f8fbfe
fb01fb00
02fe0400
f90802fb
01fffbf8
06fbfc04
fd06fb02
06fefafc
f808f8fb
07fb0506
080305f9
fcf9fefd
fa0106f9
fe07f801
fe01f9fc
02f9fa03
fcfe0301
080606ff
faf90303
fa06fe02
06010606
f8080407
03fcfefa
01fbfdff
050601fe
08010802
02ff02fa
0102faf8
ff040205
ff08fbfa
04ff02fd
fb06f901
fc05fa04
07fafb08
fcf90807
ff0505fa
fb07fd06
f80002fa
feff0405
f901fa08
fbfb0200
06fa00ff
fe02fafd
00fd07fa
fe08f9fc
fbfefc03
0200f904
fcfa06f9
020303ff
03000407
fe02fe02
06fe13f3
10110efc
1211fd03
fe0c16f9
fdf7fe0d
f0f4fbf3
f70c0112
f6f6f5fb
0400f807
0c04f6f0
f3effa0c
070210fb
f215f601
03f80cfc
fdf20308
0f05f9fe
31e10b1c
f818140b
1e290518
e61b27fc
e2e40a1f
1edae0e0
eb16e0e7
e3e5e2d2
1be5e313
12e5e1dc
dde5e9ea
25e628f5
14eadf01
df0114cf
da191be2
24041e09
0df419fe
f80b04e5
1a12f612
ff1d1af0
f0f0111c
00ecfcfd
e416f309
def8e9e4
0f0df706
00ff03e2
efeff410
15fb1ff4
f3f9dffe
06effeed
ef0119fc
140b0efe
11ff12f6
1a1427f2
110ee606
022e24ef
d4fcef14
ffe3f5fc
e2130d28
f6e7edd7
fb371211
2917f1da
e6ec001f
19062bdd
dd20eafc
2eed17fa
eeea1f1b
2af5e3e9
06fc07f7
1b2000f8
0701fc0a
fc0b04fc
ecf30a02
fcf900fa
f20c0a0e
fde5fae5
01080f08
0cfef8f5
f6fdfc04
050507f2
f31af901
28f9080a
effe0e25
12fceddf
04fa0bfd
131a0ded
06fef211
f81502f0
e6f90712
02f00204
f50c0010
f1e5efe3
0a08080b
0b02fcf5
f0fdf20b
071908ea
fb19f300
12f400fd
e9000520
1308f6e9
f4f90a03
1d1012f9
f6090110
e81300f4
f6e8fb05
f3ed2603
d61cfb1e
07def9f8
12fd15fc
1c15eaf9
f4efdbf5
1af417ec
f71a010f
21fb12fa
e8fc022b
1df3efdd
09fa01fc
1c202700
e602f1fb
ef1ef6f7
edda07f6
fafe0f07
cf150a19
01e5f6e2
fffc1506
220ee7f3
ebe9f5f2
06f303e8
ec161102
1ffd1606
f10af716
1ef1f7f9
04ea0000
0f101605
f4fef0fa
012fffe2
e5f304ff
f5070804
dc0e150f
f2f5f5ee
131012fb
090a03eb
e6d5fbfc
14130ff8
ec28070d
30f81fe6
0fe70324
0cf104f0
1ce5fc06
1e0f220d
07f8f7f5
f02f0bd8
c5f31103
ff031f00
dc28151b
fdfae7da
0f1619ff
0705ffe0
e7e80d0c
200c05e5
f42bfd05
37ec29ce
eaf01b28
1802ffed
2aeefd08
03070c15
1bf6e90b
ff070acf
fdd107f5
0a11170d
fa1efc17
de04edca
f70b1d07
0dfee7f3
dcf7f507
1fee03cd
010c0708
1306fa00
f70df02a
02dbfcfa
2ae509db
fbeffa1f
1ee9cb11
f30808e9
f9d71616
ee17ee0d
09fc090b
cc05cecf
f203002b
fee91fe9
d7d6e51e
edcfefd1
070acd04
13f8cb19
21f1082a
f5d91202
09e80fdf
25e71f21
f2ebc8f4
e41df60d
e0e922ea
e71ce70b
e8f01235
e5fbc8d4
0207091c
17ea07eb
d2d6e004
ddcaeff0
0a16e112
4901ce0c
0e0b0c06
04e5f919
0df8fee6
13e10406
f1e500db
0031e90d
e0e9f6f0
ec13e312
e8eb2733
f007ebf2
1602ff16
1af811fa
e1e8fb0e
edc9f7f6
f133fff8
52dfc603
15f031f1
e3fcda0d
20f609eb
f1f9f7fd
17ea07e0
081afb00
c909f71b
df14daf9
02f41114
f61fedf3
1c0cf00b
05ef1405
e0e7f622
08c3ed0b
f212edf2
17d9ba01
27e74be8
e216f104
fa14fee4
081d0b09
f6f703f5
1722edee
e91b0e15
d21cd0ff
0ce81307
ee060f06
16f90510
0afa0a11
ece1f41c
14d3e01e
ea1713f2
07f9d9f3
22ea30e5
f910e60b
082a01ff
1d2c2311
0b01da15
1231ecdb
f91c1806
f414eb07
fc0303f9
11eb1211
23ee1911
07f1fafd
f9ddd9fd
15fb1a15
ee2316f2
1afcffd2
0cf7f7e2
0c00e514
20fb0702
0d171f0f
011be705
121ffee5
dd06fa08
f5fef6f8
df08150c
06f2dee1
11fd130b
1303f9f6
00dae4ff
1a0c1e00
ec16fe01
1cfcfdd2
10ea01f7
180af007
1cf817fc
18132403
0322df02
01250dd4
fb02fa1f
f4e6def4
c5f91e19
fae2e9d3
1cf90804
24101cea
eac8e202
160f10fe
da27f702
1feefdc6
0ad50101
2bf9fc08
15f61df2
110411fe
0323e4fa
f12019f0
fa090418
f4e5ebee
d5ed1d1c
efe4e5e0
051413ff
1a151beb
eccbdf0d
101315f6
df25fdfb
1cf9fcd9
21dcfc04
290afb13
0dee17fa
03ff09ec
0912ebe9
fb152305
ed07ff0c
eee9ecfc
ecea1810
edf1e9ea
f52518f5
1d200ce8
01ebe316
0c0f15fc
f2fff10f
0af4e9f6
21f00806
1b0aed19
1bf810fa
18091efc
0a13f2fc
f81618f2
f5def915
0308f1f2
dffa1e0f
f0f5e9f9
1607f8fd
040df8e0
e4eeee14
16fd1cf9
e5190c09
1e0216ea
09e92718
2103ffe1
0eef0dfb
19091605
fc05f9fa
f106fafb
05ea0304
fd01fd00
f6f414fc
08ef0316
09fbf907
030501fe
faf7eff7
06f70608
fc10040c
10070af7
00eb0c07
0102fefa
09e5fb0a
0c130e04
f405fff4
f708fcf9
06fd0209
0bfff9f3
f8f90ff7
00f8fb1c
fdf8f207
02fdf808
fbfcfff3
00f7f606
050e060f
f8fd12f9
f5fff7ff
06070a0b
0803ff06
04030605
03fbff01
080502fd
f9fbff02
08fafbfd
f9f80202
f906fe03
0108fd06
020507f8
fc01fdf9
02fefbfa
fc0201fe
080605fc
fb0803f9
fdfbfc05
0702fcf8
0402f904
f80705fe
0603fdf9
050705f8
f8030007
08050406
07020604
fffefeff
faf9fffd
01050503
fe070805
fa030706
ff03fe08
fefc03f8
0603f905
08faff02
fc0407fc
ff05ff07
fd020700
fefe00fa
ff0704f9
f8f90400
fc0003fb
0003ff05
0708ff06
080306fa
fcfc0004
01fefa03
fbf9fd05
0807fafa
fafe0300
fdfb02ff
03010506
feff0101
03060105
f801f8fb
06010802
0801fc00
f80805fb
0102fbf8
07f9fe05
f806fdfa
010204fc
05fdfa06
05fe0301
fbf80803
fa0000fc
07e51208
03ebea26
f2f023e1
2205f4f4
121a1722
e618e4d6
1cf10af2
dd1c121c
0eeee61c
02e21bfc
f60925ed
0918051c
f128e50c
efeee70e
1bd71915
ed1b1702
22d90402
0f140608
16330fff
0c1619e2
ddedf732
2109e0db
f71ee601
e8fccff5
29e4eb04
15feedd3
dbf3160f
231c2903
00fbdd15
e3f10ace
f30627e6
222c1405
f3f3d7ea
0022000c
392be01c
07f8fd05
e2ea02f3
00f503fe
1422daf6
0907ebed
f5f300fd
f7f4faea
0d09e325
431ded07
17ede402
dc0d0ef3
ea162dde
fbff17e4
f7e013f0
1f0cf914
fd08fa18
1af907fe
f1d11eff
081a2613
0b22e60f
ebfbf903
11f00ef3
f90f0d02
01f5f312
120b030a
f7fb1322
effaffe0
edede417
0bfffb15
f8e70e04
3324fe1a
0510fa11
0d090be6
f8d51706
06121af7
0123f213
ece9e6f2
0de7fef1
080603ea
e4f3e203
25171f11
e4171420
36f2faea
e0dbdf23
23fae5e2
eefb0e15
2611f411
0b170301
15081ee5
f1d41af5
f61b0918
011f0805
f8eedf0e
0ce406f0
ee0713e2
e9eceff8
061c260b
cf161c25
35fcece0
ebd6e212
2d0beded
e5e4f90d
0a07111f
0af6ed26
ee27fedb
d2ce11e4
f20c2815
e2f10ffb
effdd2f1
28e20c08
f90314ee
dfced10e
070e1f24
c916080b
29da0fe7
f3d4c914
3bfbc6f1
0aede7e7
04060a2d
11f0f018
f841dfe7
d1fafddf
07fa17e6
ee00ff0b
f207ec07
1207faf9
f3f8f4df
edf6e518
ff0d0e13
e20408fb
34fb3219
eae9dbe4
32f1c5e7
ffefc8d4
f9020332
18f60303
ec27f600
e5faf8e9
f42416e5
05f71e20
f923f6f7
f60510fd
e90411f8
faeb0d0c
0d120d0f
c3060403
33061dea
eee5e6e8
15fbccf4
f2f4e1ec
0f120a13
15eb1f00
fd1f06f3
fee5e1ec
e41403e5
e617271a
f2080fee
04150af2
f4d8fe04
fff606eb
200d0cee
c90b0e05
270b18eb
d1fbe3e7
1d04cff6
14fdf9ea
13030a1f
18db020e
090bf3d9
04ef0cfa
d31efff9
fa171a07
e71012d8
0bf80b18
f1d4f7f9
c9a3dbf3
14ec07fb
ba1ef3ff
06ff14fc
e7fef60e
290ec5e4
35e90dda
06f01310
fbd9def6
f0120bf6
f4f01907
df2ceae6
fe06ff21
edf3dadd
1b02051c
06dfffcf
a2aed400
11c305fb
e906ce11
0904e8f3
000f1b12
3debd0e7
240c07bd
fdf9081f
f7e4d50e
120211f9
d6d9140a
e508f0f6
f20df81e
e70fb7c8
fd110afe
0300fbe5
c2d3ff0c
04d101fc
faf8cd0a
f41bc8f2
0a070bfe
29e7f225
1606f7c6
f6f1f51d
e8c702fa
13fdf5ec
edf30a09
ee0b0106
e8f708f8
0713f7d9
120213f8
fe01fd0f
daf60309
0cc8eb12
f7fd02f5
031dcfe5
fcfefee5
1bfceb1f
14e9f0e6
08ef0d1a
05dcf1f6
0b07f80a
f40efd24
f11afff3
e8021001
0307f8ec
2d02fc0f
050904f9
e3e3f806
fcc5fcf7
0d0503f7
fa0ecec8
0aec0ff1
0408f125
050cedec
0e020e08
110cfbfe
12f9ff19
00f7050d
dd0df107
0d09fd01
ff070ee9
05f60914
fe12f203
15ece808
13c6ecfb
f7f909f8
dbf9cde3
16ed1303
f403e610
0d25f2df
06f615fe
1227d807
191ced01
f8ea0ce8
cb10ecfb
1810f1d4
0bf434f0
0aeb0b1b
f818f402
0fe9e618
18f0f7ef
d90504e3
c701fdff
1bf725f9
f0f6f9ff
f1f2f3da
0efe0f0d
090dd2ff
130afefd
030af203
d11616e8
0b0afbf1
fa0516eb
19070f1d
fe2e0efb
0adeeefe
2821f6ec
dd1808fc
fb0c11db
1de42505
05140501
e2f204e8
130b0319
10ffde0e
0fe31303
e301dffb
d61919ed
1715f0fb
e41218e0
fd1cfbfe
fa0b21f5
1fe9dcf0
360fe400
1be5f701
d1ff12cf
08fa10f1
fb250c10
f50510f2
13160d03
0afbeff2
fb0cf4ee
fe06dae4
d8ffee13
07fb11ea
0ad823c6
ff2c0a05
07fc16f4
22fdd305
29edf4ff
0c0a07e7
f4e716f5
140920db
03e40a1a
1e030eed
1202f4f1
fc12fde7
fb19fafd
0902e4ef
12eccc06
00ed13da
24c40ed9
fe29fdfc
03f2fcf0
00fbe206
08012af9
f9f90cff
25ed0e0b
100520ea
ebfcf10e
1be20af5
09050df4
1d13d5ed
fc301a01
161e0112
10e2e10b
fee81be7
13d5f0f2
16370c06
150b15d1
ecd8fb10
2ce62d04
dc0def05
29c8f2d9
f30e1be9
01fbe709
0de8e600
131a010b
0a04e701
f02c11f6
051c0107
14db0609
f2fd0808
11d9ebf8
1c130601
12110cec
0edee906
10fa1615
e911fef8
08e5f2e8
fd0a0608
0cfff5fc
f314f302
1602e31e
0bf8e00d
f2fde8fb
f40a06f6
12f80eef
0b1f04fd
19f72309
02e4eaff
e4e2f016
05f3f0f8
faf3f604
f8041301
00122824
df160dfa
e9f71ef6
0705e8ea
141d0222
031dfe08
f2150bf5
ecf8f609
0ce002e5
f10f0d0d
ebee00dd
f40c07f4
f008f8fb
09eae712
1efd0af5
e40c2ffb
06141602
0afb260d
f2f411d6
fcfc0405
0504fe06
05fb0205
fd0506fc
02fbfeff
0007fb07
06fcf807
010302f9
fcff04fd
0607fe08
0607f9fd
0505f9f8
f9fefcfe
fc0403f8
fa0206fd
06f80005
06f8f9fb
fbfffcff
fb02f8fb
fc07fbfe
f9f90402
00010001
03fc01f9
06fef805
f9fdf801
0204fef8
fcf800ff
fb030602
0100fe02
fcf9fbf8
0102f900
f8f9f8fa
09060208
faf8f6fe
f7070301
02f808ff
ff0402fa
040b0cff
ff09fdf8
f2130308
02f903f5
051113fe
fb0b0105
030501ff
01000300
04fc0304
fef9f70f
0604fe0a
01d40ffb
ffdbe724
f6fc26e2
31f6f9f5
0a12121e
e52fe5e9
1fe5f9ef
e1210828
0bfae125
f0ec1f12
ec172205
f02bec15
f81ee518
f7f7e508
25dc2017
e42d11ff
f0f1f3ed
01e8ee0a
0b0c0cf9
1ef40617
f5fc0df9
fe14f8ff
140cec07
f611ff1a
f1fcfef1
f4051407
0a0a1418
0c190603
0efef60b
e608f1fa
04f70d05
e9211c06
f8f70cf3
f0e200f3
051616fe
06f81404
f602f402
fb1e0216
0d010518
e8110411
fbfe0701
001611e9
eef70808
0212160d
fa04e31f
18ebeff6
fbf71432
0ffbe2f7
eef41101
02f8fb14
071a160e
1706fde2
f210e506
e803fe13
ff0d1617
eff5f814
10d7f4fc
ff030dd4
faed0d05
1307f817
de24df1a
1deefbf3
ede5121f
2ffaf1d2
0cf10d0c
110af630
f31d0800
1e07e3f5
0bfcf7f7
dc01fd0f
f30f190d
fff3fd0b
0bd003eb
f2fbe1d6
f3f20ffa
100c0118
df1402f5
1ef1f0ef
f8ee0715
2de012d4
04f81316
f8d9ef2c
05041414
0710d309
11f6f9f7
04070f05
f4f11def
0ffb01ff
30e413f9
01ecf0fa
ffe205e3
fefae42e
e8f5f6f7
13f4f8d4
f712e10d
27ff1cfc
eac72225
fce3fc1b
e2fef716
fd21d00e
0efadc15
0fff10f6
d5f329fa
fafff319
3bfff3f0
19000af0
f1d7fffc
0807f420
dffee608
15f10bcd
03f0ef17
2ceeff04
f9db000b
ecf10a1d
e1e1e503
f020c306
09eeea19
0afe0bf8
dd0d2d15
f3fce207
1b1701f1
0af7fef4
f9ddee0d
14f91219
e6f1eafe
181106fe
0202f108
1bd2c8fe
f9d2f3ff
f80e0f14
eee6e701
fd1eebfc
0efe0417
0c011bec
ca111e25
fcf9df16
1a0ffbfc
02f80100
eaeff602
2af4fe1b
cf14e411
fe1906ca
0201eb01
11e8a9fb
f2def817
f60e0418
08e1eefe
03feff14
04ef02fc
0d031500
e0100d09
08010807
0e090a0f
efcb06f3
02f6e6f3
1ee8e020
e70eee19
0bf7fcd2
e306fc09
09e6cb0e
12de2016
f9ef0611
fad90e10
fdfdf418
0ff7e9f5
01280306
e8010e0c
13fb0f0a
fcfd110c
f7d00bfc
02e8d3fe
09cced26
eb17e50d
1105f4fd
e8ff0804
f9eae1f5
fed20c0f
fce4fa0b
02e6261a
12f80116
f6eccf09
fe2e08e9
02f005ff
040aef0e
0001130a
02ff11ea
fce3d303
f6c9ff0e
f202e40b
121beafc
06f304ee
070bfafd
10f502ef
f9f60a08
ffeefffb
07fdf510
e8f0fb0a
ef1701f9
fbf20af2
0302d6f8
f5081903
08f90af7
f1d8f603
f1d90905
f708ecfd
0d13f20e
050102ea
0b1ce3fc
1bedf5ed
ef05fe0b
f9f30cff
0e00fcfb
fcf40307
e91c1105
0efffcde
0503efef
05f31804
f7f70c04
0eea0c0f
03ebfc13
0e02edf8
d20df2f5
ebf90ed4
100401ff
14e406d4
f8f1030a
04f5f4fb
fafefb11
e711ea1e
fc0c0d0e
080501d5
fa07edf0
f8f310fc
ff000bfa
02f61304
f91f0307
06f8eef7
dc00f7eb
f5f901fe
0aef070e
19f410d4
08fefa0f
ea010000
f4fefa0e
f90d0309
fef6f811
f912f2f6
ffff07dc
fae4060a
0d08f0fb
0302f902
e70d0b13
0df8eef2
ef03fcf9
fd05f5f6
fdffeb1c
18e108f0
0007fe09
f8f50809
00f8ec09
f91b0708
f5edfc0d
1413ece8
fa030fe9
f0de0110
fa04f905
090bff03
07f00b23
f9fa08e7
d011ff1c
ff0103ff
ee22e21d
03da0af7
091306f0
110dfffd
fdee0c11
fb21060e
d3e9fc11
fffffcef
fa00f2d0
e90b0e08
001d0afe
09f31400
02f70c0b
fcfd00da
eb06e6fb
0a03fc07
0119f220
e2ef05e6
040e11f4
0af6efef
f5f503fe
f31ce608
d6fdf309
11eb01f2
00f9dee2
f31cf80a
ff1bff0d
08f2fd04
0ffef902
f1f7fede
eb02feee
02fe0701
fd0ad514
c901fafa
fcfa0601
fe05ff06
0df41aee
1109f3f0
d3dfea14
1bf8fdeb
ec01e9fc
dc1e02fc
eb18fb05
21fa0429
24f3e8ee
e5e607e2
db0109d3
150719fc
f105e20c
01fa11eb
04f00004
fbff0407
02f2110c
1dfdf0f4
0adcf20c
26f903e2
f0f2ee0a
e12611f4
ef05fef8
0dedee24
0a01dfed
f4d201f3
f903ebcf
0d0d1017
ddeae120
09faf5f3
f3efda1d
0e05ebf0
fef4091a
00eaffe1
1bd30314
3d0504f4
09e2ff12
da170804
dce9f4f0
14f2e411
f50bdd03
fad407fc
04030107
091d17e8
d9d2dafa
dffddbf9
1b01dd1b
11fede0e
edf3e507
e9f319d7
14db2d2e
2501e301
38cb1b30
d00926f9
d7e20625
4600d511
fceae411
12d627ef
f3ee071e
ed41ecd9
ccd6ffe1
ea00ef09
26f6f311
fe06e5e6
f00ce224
fb061ce5
04e52f09
12f9f5fc
28d10d1d
fafe0905
dde9010b
1ce3d304
fde5f814
f9fe0af8
19f9091b
f023eafe
dce10506
ec14e30d
1afcf318
140cf80d
f309f614
eefa0df9
f9e10510
f308fcf6
02ee0e0b
f8f10908
eef4fffe
15f6eafb
f8fb08ff
000201f8
e3042409
e90c0efc
ebf605f4
f4da11fc
1d1c1aef
001e14ee
f815140a
edf7f51c
f7deedf9
ea051a12
f308f8e6
ee161801
f616e6f4
f3eb0208
0f071bf8
e0130f0a
1510f2dc
19f50a1f
0a0bfaf7
04fe0508
f9fbfdfd
0203fc04
fffbff07
00fb0501
03f902fa
01fbf904
fbfe0207
00040300
02050102
03fdfa07
04fdfbfa
fdf80104
04f90202
00ff00f8
fa01fa01
0804f805
03010301
07fd0302
f9fc0103
00fef901
0108fafd
fd0006fb
fefb02fb
fd00ff04
fefc0100
06fe0204
08000607
ff060503
f9fa0104
04fffa03
010007fe
0ae606f6
1cf20713
021919e6
141314f0
ecef0d18
ec19f4ec
f40e12ff
e50df517
2200d714
12f612eb
eef22014
121e060d
f228e925
09f6f0e6
04de1a21
022df6dd
dffce214
1000ff13
2410fb06
0d01f01d
f1e6e6f1
f806f2ff
050cecf3
080f000c
02f5f1fb
fbfb0712
08030b08
08170607
25070510
d3130408
fe0e08e9
e411df05
f9f50a1e
0cfeff18
f7fd06fd
280aecdc
06f3ec14
0c0d040b
eff9220b
f9fef91e
20eaeef4
02fc02f9
e5dff0d7
f9182a07
fd1b0327
fbf015e5
e8ddef1d
04eecfde
fc270303
20f1eb2d
fd2609f6
2fe7fc0a
150803e6
030f0be9
00fd270e
e50eff29
1bc6ddd9
00ff26e0
de0018fd
060ffa01
f50cf511
24f014eb
e5d1252c
19e7ecce
17241b0b
faf1e60d
fd121df0
16f0dc17
23f608db
df130d05
01ff3c08
e70fea25
27c7f5dc
fcfa0fe3
d7f2f6ed
080a0c08
f3fbf517
f4e9f4dc
e5f1f314
23fbdde3
21f30501
03e6fa07
f5fd13fe
eff0e214
12f5fbef
000c1c03
f50017fb
fd01eb0f
27e802e3
080605fd
e6e0e5e8
100bfbff
03f1e60f
07fa13dc
0107d321
2af9f90a
0a011803
06fdf803
c5f2f7f6
eceef109
0ff801e7
0d0408ec
ff0a1c14
ed08ea06
f8fafcd9
fa07fbed
f4da040a
18e70df3
fdf606fe
1fee1ece
0c05f707
04e20e06
f8131903
030af5fe
e7e5f4fe
0af6eaf4
ffe502f0
080706f7
090c0522
f60bdf01
ef1bfbed
ea04fce9
04f30712
0feb03f8
f7ea0208
0f0305d8
effe0116
dfd4ecef
f7080df5
050a0215
f3d60de6
fa0af3f3
fcf5f912
ef0608f0
f7180b08
0906e204
0422fb18
e5e5e6f7
03eff6fa
07ddf51c
0607edfc
0615fceb
df0bfd04
ebbac2ec
feeb0109
04fcfd09
e0c306fd
020aedee
fcfbfef1
0007f5ff
fa06f1fb
17031703
0715fd07
f2e4f9f7
f6f8f2fb
01c0fa1d
0400e106
0b0c0209
ef04f9fd
d6bae6ea
f9ed010c
0b020109
f3b8f20b
05080de8
0c06fbf7
0203040f
f9f7fefc
160b1507
0014fffd
fd0a12ec
f6f0d3ff
f4af0911
fffee207
11060613
f30c00ff
e8d00af8
0ef7eb12
ff07f808
fcdbf612
0a0afbee
f6e8f3f4
120e1afc
0cfffbff
0607f609
0ff7f7eb
fafa1beb
ffe1d5f2
f0c6140d
06f3f606
f1030b0f
09fc05e9
f5f90a02
1415f00e
fcfa0204
07e9000c
0b0ffff6
eaf4fd07
010f1400
0d0bfdf8
fafde8fb
09fa11ee
0cfc16e2
eadb01f5
00d207fc
f9faedff
ef0a060f
110e09de
f31d0ded
21f7f503
09f10404
f5ed18f8
0b0200f6
e8faed1b
021b10fb
fb04f204
fdeecf04
07f60108
01fd07f3
f2f20405
05edf9fe
fbfde916
dc0302f4
150709d9
0326f2f4
14fd00fb
0109070e
04ecf1fd
0504f703
eafd0107
f61e0b06
fe10fef2
fdefebfd
0ceb080a
fb0afb00
f7fc0e0c
05f7fa0b
f502f804
fbf3fcf4
0008fef0
0a09f903
1107f2e0
f300050f
02e2f10f
fd14fc11
ee05fafd
fcf9fb0b
fc0cfff5
11f9ecf7
05f51217
0519f8fb
07060413
feedfc06
080a02f4
08f2f60a
011211eb
0ff2f814
0df4ece4
faf3ff0c
f9fa0417
fe15ff07
01feff04
fc050b06
ea0c14e2
0a0be4e5
0fe70f13
0614f406
03040012
0af0f707
f1f80bf6
090cf7f6
e30f07ef
05f4ed0b
0feaf5e5
e5e60408
08090312
f819ff10
fb140814
04f60902
fd0804df
fe04edd4
010e111e
020ef301
f2faf310
15ec0113
eef105cf
fe08f6ff
f00e0309
fa0bdd24
07f0f9dd
ebf0f301
030bfef8
f51bf30f
fb090310
eb032507
10fc10fe
fdfbfbd8
0afb092e
f30108fc
f3f3ee0f
f6f9fd05
f0f007c9
f1fbf308
f70dfb07
ef07db09
f6dbeee0
ecf00808
0bf0faf1
f20affe0
210cfd1a
d8f51404
19fc0de5
f8fbf6d4
fd02f02e
f306030c
08ea0411
fff6e6ff
f9f6f0c6
0115200e
0609f9ed
eb09eff8
f3ecdbd0
02dd0105
0ae515f4
e90e04ec
1e020b17
f6f8ff04
2b0f0fd5
fdfcfdd9
0c15fc2f
f0f4f300
08f9e51b
0512cef4
e8eee8d1
ed0b0408
0a170efe
e9e125f8
f2f8ece1
02e6031f
f20215eb
fb0f1f02
0ae7ff15
0aef0300
21f707fd
ff06efff
0a22ff05
ec160100
ffecd818
ef08dc16
e2eef4e6
ef1605fc
1306111b
fcd2fcfc
f6f5e5fe
1cf804f9
ff0ef7ec
e30a0dfd
fd051bfa
2ecd020d
1deef8fa
17f7f214
06252201
f707170e
25e9d618
f004c814
e7ee0f04
e5f00eec
000d02f2
e5e0f6fc
e615ea0b
19ee0625
00e6f908
fa0ee703
ef121ef0
32d30c22
0c0afbf3
25cf15f2
07100cfa
eef00c0d
3000ecf8
f2dcfc1b
ee031003
0105260a
082916ff
d5f638f3
f40de302
181c1d10
271ff01e
04251400
e30318f9
0ae4fcf8
e71014ee
fee500ee
080e0b07
00100701
24e5e604
04110e13
e329fdf1
09240fe5
0e0219ff
dafe2be5
f1ebf7ff
1b1b11fb
ff1b07fa
fe1714fe
df08f815
f7e7f9ff
df0d1705
ebfff9e8
e2181100
f820e603
fae2f9fe
0f100ff2
d60e1002
0514f4e3
11f60323
03f618f5
fe02f9f8
0506fa01
050203f9
faf800fd
fdfe04f9
07f8ff03
0205fdfa
010401fb
000300fe
faf9fd04
07070503
0802ff02
06fbfd04
0605fb00
0503fb07
f9070807
18eaebef
1b1a0a1b
0ff4e60e
0bf81be9
f6ed0d12
f6121717
f81210ef
ef18e80e
1819fb00
ef140ffd
f1ee15f3
14eef0fc
e91af50b
ec071ae8
17eaed0d
f4f212fa
08122a13
0e0dffe3
05e50404
06e2f81e
0be71be9
1903effc
faf4f2f4
fd1ff90a
03d4fde4
0b161a05
0c120c08
23070bf7
16ed17fe
06f61af6
fcf90105
14e80d19
fc0a1a25
0a2b0413
04ff00f4
fa03ff03
08fefa09
2110f9e7
f30715f9
fdfd021c
0edde3f2
19f60c1e
000618dd
030b0af0
19171a1a
0d0618f6
00ebd7fb
ebfb1c09
f8f91530
0a210823
fbfdf5f3
24f3fbe6
0afcf9fc
0d070200
e30a1ffd
f906f808
12d7fef3
090ef812
14fbf2e5
0a0810f5
040a1a0d
e6f414e0
08ecdc03
e1ea31d2
0b2e0ef0
0b0ae404
f40ef8f3
11d2022a
0715fad4
d70c0505
ff1d23e9
e300fef6
05d212d3
e11f14e7
0a05fa02
270eefe8
fdfbdded
05ff02dd
07fff508
f8effbdb
280c1aee
0c18eb05
ef2417dd
0be2d920
07fe01f1
d5040206
ed0f20e8
e5eff1fe
25c0ece6
eaf6fbf4
e6effae6
080aeb09
08f5f60d
edf40cd0
fdfaf80b
09f8f9e5
03110f0a
1610f700
05030fee
05fff410
fef4f1f6
ddf31505
f7fcf3ee
f1efe7fc
1ce607f6
03f50afe
fbebfef0
f71301f8
07edf701
f7f308e1
f6f9fb10
faf2faf6
ea0c1804
f70eff04
03f600f6
0efd0716
edf3f5ee
f5f6170a
0501eaf7
09f8e6fe
0d0f03f1
fdf8efff
03f60b00
040ef101
ffee0af9
11f909c0
ee170209
d3fb0be8
ed07050a
0b03000a
f8e40700
fffefafb
f9fb01e7
00fc0e17
040ff1ff
0f14e706
0818fef0
eb1003ff
faf91309
f5f4faf3
edfc0d0f
10f316ca
c2fcfb10
d6e2ece9
0706fd14
18e1f901
0ce20ff3
070605ee
fdf206e7
000104f6
0efbf6f7
0d1002ff
1009e602
efe9fdf9
01fff3fe
e2d0fa0e
11fef8fb
03ff13f4
c6f907f5
c8ceecf2
03e7fb12
09eaf703
f6cbfaf7
160c04ee
fcfd10f7
0c0f0cf6
0dfbf004
1200090b
fc08e406
f7dc06f2
0e0cd7f6
f1e00613
100dfd07
01080802
ecfefcf8
e1cc02f4
06f8fb18
fefdf504
f7b4f2f8
040711e6
15f70ffc
07f31500
1901f30b
0cfffc13
f40cef05
02e00407
0a05d0ff
f5dc0d07
020803fe
000afd0b
f4faf9f8
ecee1502
0c050118
0605fc08
03e3e905
121b15ee
05ec0e01
1508fdef
240ff0f9
05feec0e
f4f0f1fa
04f705fe
02fbd8f9
fdc20815
fbef020c
eb020bff
07f7f903
f7140df3
08120625
01f6090b
fbef0601
082408ed
f6fc1104
0b0efcf5
01fff1ef
06f6f3fc
f3ebf90d
06f60c01
02feec11
fbe50afd
01ff05f9
e7f904fb
200b04f9
f71713f0
050ff71e
02ed04fe
f7ee0000
0019f7ee
ebff1704
070cfefd
0202edf4
10e8f0f7
0ddc0a0a
080100f4
eefc080f
01ec020b
fd030304
f1f404fc
181308e4
0a0106f9
0d07fd10
0eff0d0f
f2fbfb0c
051af8fb
ddf215f5
0c13f3fc
13fbf207
0cf9eb03
0bd21404
0b06faf9
f4110f16
03f5f518
05fd09fc
fceefa02
071c00f4
14fefef2
0e0002f7
ffef0b01
f50804f8
0d12eefb
e700fff4
1922f7ff
0606fc0b
0601f9f3
01e6f809
090a0004
000d1018
f90cea0c
fc040603
f9f7f301
ef1307f9
18ff06fd
1a0df2e5
f5e1fb13
fd050402
fa15ec02
f503fff6
2815eff4
f70511ed
09fe02e6
0bf4f918
0709fd06
eb120417
0308e5fd
fa0006f8
fefc02fc
d10909fc
22f8100d
0a13f5da
02e7f910
0c00fd05
0209f4fb
0ffa01f4
fc0707fa
01090aed
010811ea
f1020611
f50afd01
f6001112
0af2f8fd
05e913d3
06fe0606
ef0f0a04
02ff0b1e
f9090dd8
04e1e509
100cfe0d
00fde1fd
07151805
e7fd07f6
08010be4
01040be9
faf11015
f0fff7ff
fb04f91e
fb0dfbfe
08d50abf
0bfaf814
ec01fd15
f8f7ff19
fe1012fe
f2e7ef0e
f9030e0e
02edfa01
16f2f611
ecfc1fff
fff9fa19
ef0cedf9
f1eb0800
fdff0101
f70c0218
f5f7f1e4
ffe20ed8
0310040e
f306f2fc
10ed110f
0219e6f8
f1e20c0b
f0fe0a0b
00ef040b
1dfc0711
d9e7fe09
18fe12f7
02fb03e7
09fc0e06
fee6ef01
f9f4e104
e803d3fa
09e4f4d5
ee080900
fb18f0ff
f7f10002
e622f9f3
f7f70cfc
04f0f20d
e810ff21
1b080915
f2c40117
32f608ee
0dfbf7ec
1a031703
f9f4ff09
f80bd614
e63df60c
eee4cecf
0ef6ec0f
041eef13
00ebf50b
e41bf7e4
0ffffd0d
0711020c
00061a14
f10123f8
0dcf0dfe
2304f5fb
fb14f8fd
120816fc
e910faf2
0dedd40a
f3ffd018
defbf8ed
fafb09fe
0e0710ea
dede0203
f223e901
110e132a
0df3f20a
f607020c
fd241cee
1ce20702
23010dd7
1ee60803
19fff809
00131300
30ecea10
04f4e410
e51be3fa
f6fb2105
092935eb
f30010fb
0610e5fc
06f60325
0e17010b
03100f08
fefcfaf5
08ea0d16
0a09140e
01e5fbf0
0a070d07
ec0c05f5
0ef5f800
02291308
e90c00fb
e2f9fcfd
12ff141c
e5f703d7
1cf7fe01
0ee61cff
ec1b14ee
e01b1bff
1209fd12
1be6f5f2
f4f51314
e3ebe4f3
0b150a04
0d1816f7
00e611fe
0b1304fb
f325f30a
09e1edde
13040414
0df902f6
fc0805fc
0303fcfd
f9f905f2
04f5fb0b
09020407
01f906fb
04fa0204
fff606fc
f2fcfa02
09fc01fd
030b0c00
050102f7
06fc06f7
fd06fbfd
080204fc
fdfbfe04
24edf3f8
292d1b03
1fdae619
00eb2608
1deafefa
f91f120a
f0170fe2
e92af81f
1fe9e0ea
f42027fd
efdb0dfb
1ae4f9df
ec23f80b
05f624e3
06e10615
fde13308
fc0d361a
2b1bf6e1
0ee30002
fed9fc25
10e11ad1
23e0ffe9
fef2e607
0122050c
fcdd08e2
100e0c09
1a0826fc
31d623dc
22f51efd
1d0f26fb
f10ef5ef
11e120fb
fd222326
1c22fa02
08f006ff
fde71219
0908f7f0
27f509da
050711ed
e715f819
07ccebe7
12081930
191d20e2
000815dc
16073320
1c0817e6
f9f7eb04
f6e03409
08fb181c
13121210
fceeefe7
11ed0be1
0afdee0d
0413190a
ee0e21f8
04e9f20a
1cd5ebf1
0efd011b
12ef08e8
ff2b10f9
f908f71f
fef8fcd9
faf0cce7
e6f313ff
0003f3fc
1700fb09
d8eefff7
03d8de09
fd10f0ec
c3030d07
051f1cf0
f0e20005
1aee18f9
eb1f0502
f7e72c05
0f2f0afe
00e9e7e9
0c0104e0
ee03f6d7
e3e4eaf5
15ff0b03
0d0bfc06
e4eb07e7
04e8e41a
05f2f2f9
dfff030b
fd0708ef
09f4f80d
16caf7ef
f8fe0306
fdfb07ed
f10bfefa
0cfd0bff
f8f107df
f1f1f806
f5df10fe
f60a1204
091f0804
09fff3e5
06fb160b
f5f702f8
daf709fc
f9faeaee
0bfef21a
1dea0c02
060f0307
e9e31af8
060cf9ff
feecfcec
0ef104c2
05f70b03
fffe1607
dcf4040c
fe1f0111
e3d9f2db
f5060908
fafbfce0
fafb072c
f5faecef
1800f30d
08110208
f40bfc05
f7f101f9
f311f3ff
eef107f5
11ee00bf
e712f8ef
e8020cee
f913f713
18050afc
02c2faf7
fcef1009
170515f2
fdfcff00
02feee05
0b0bff08
0b18f7f2
f608fffc
f9fc0300
fe0cfefb
0be9f6f1
0efbf9d3
c3020ef1
dff910ef
0afbe805
18eef5fb
0ec6f4fe
00fbf711
fa0410f0
0402fffe
18fbf3fe
000f0900
f71cebff
00f3fffc
05010613
10d30b00
fe05f2e4
010609f3
ccf20cfd
dfe21100
06f6ff15
14eef80e
03e2fdff
040a1303
f9030602
04fff9ea
0a1105ff
07f8f707
fb0df506
f3e7f1fd
0b0ce4f9
ffe71415
051008ff
fe09f717
f7ea0815
f6e8ff09
0302080d
13e9f407
04f6e8f5
001509f5
fefc0b08
0cf506eb
2203f9f8
0efaf913
07fff60b
fcef0011
0b07dafb
f9d00b16
03fe15fe
00fdf61d
faea0f0b
fa10f5f8
fa120925
08e2010b
0302eff9
022006ee
11f30412
0304fbf4
0e10ef04
0bf90eff
0ef0ff10
fce3fa03
010ccfff
fee1090e
01fc0f01
eefd080e
110501fb
f809eff7
fa100f23
06e6f90e
04160200
0e180cef
f900070a
fc16f9f7
0f13edfe
0803fbff
03e2081a
00f701fd
f60cfa08
06ebf706
fa010b10
edf4f8f9
24031102
e813f2f3
0511fb19
02d40806
0219f20f
f61ef6eb
f30113f7
090c0104
1700e3f6
11f90f04
10d5011e
0af303ee
01020213
05e9fcfb
ff01fd0b
fceffbf3
001907ea
0314f3f3
080ceb15
00ddff14
f3120414
0108f2e5
db0419f5
150efafc
1d08f102
02f00c0b
1bd60315
00feefed
f80b1c07
0807ebfd
0af4000c
09fff9f8
031509e8
0612fff7
150afcfb
0ae2fc0b
fb1a0804
00faef07
f0080ef2
1411fbf4
1206fd07
fb02fff8
f6f606f0
0215f401
00091114
f40cf0ff
04f60608
0d08f9ff
ec0b1205
05fc00fe
200609f0
08db0103
0311f807
eafff108
0a0711ff
2514f8f2
f60cffe7
f00d09f2
0d0ef707
fd0d0001
fc080602
f60febfb
0fef04f7
010f08fd
d516130a
15f30a13
1200fde3
16d7f210
0309fc09
00ffea07
12030b02
0405fffa
040c01f9
f01309e4
fa030000
fe08f907
0c090903
03fdf3fb
19e30bd1
1307ff12
e01a1c0d
0af4051e
0a0af7dc
0fe0e002
0b19fb07
0ef3f5fd
080907f6
e20a09eb
070bfcfa
f5fffff9
fff9110d
f807ff02
ff0afe06
f407ecfc
0ee405c6
f305080c
fc031c10
06f8e61e
080a03eb
04e9f80a
f510f7f9
fdf70005
06faf9f4
e20c0cf5
00f900f8
f3fbf800
fe03000e
08f1f6fe
08f8f7f9
e506faf4
1bf605cc
07fb100a
fa050405
0feefb12
0e24fdf2
fdec0602
0002f1ff
eef6011a
1806f7fe
f0f71201
fffe03f0
000a04da
0404140a
fff1f1f3
0cf4d9f4
ea1de0fb
0eecf2c7
03011b0c
000905fc
f5eaf51e
f420efce
efe3fff8
15f10008
e6e8032d
23fafe04
f2e40b08
350ef5f7
ec05fddb
071312ff
fffafaf0
f616e0f6
ea25e9f4
07c0ccd2
02031220
f61b1902
e7e00a17
f410fee3
0f2103fa
05f314f8
08e3091a
03fa05e9
0be318ed
1a04eb12
ecfdf3ef
fa04ffea
f9030f0c
1001e4f0
08fcfbe8
05e8fce4
fdf5eb0e
f3f71e11
f8e5ff1c
fb0e0904
153e073e
f4f30a10
05fdfafd
0b17fcf2
19e30eea
eff30013
0ed50404
ee03f6fd
00fd040f
21fef00e
eff6fffa
fe2601f9
e8fef017
ff0723ec
fbf6f1ff
0d01f906
121d1718
1ff1f122
f7071500
1307eef1
f0d01b18
07110d02
0ced0efa
142513ff
f51f12e1
f9dffa05
ee2423fa
de24e505
f9fe2f0a
1b0b1201
0cf6e0c2
1310e40a
0de60e04
041a12ed
f21e0df0
0a140318
0be603ef
f8fd0d05
e7f6f7f3
1019060c
091b0e00
15de0d01
0d1c0204
ea1eed0c
05eff6f0
1403fc0e
fe0622ef
2dd72629
113613e6
25e80510
f0f42e2a
dfd5e336
ebc8bed9
e61f21e9
ec21d7d9
f525edff
29e1e8ce
eadf2be2
30df23f3
32ead8f8
e62a25fb
2f30fcef
d7161818
320d1425
214614f5
12ebd4fc
ed07f70f
31e301f3
1c1dd9df
03000ce7
03120610
13d4d5e8
17ef1821
ffce04fc
1ed9fed9
11201c06
0bfb3bf3
f0d40b01
1fee3000
f00b1307
0602e6e7
f8f503fa
fde3002d
f50c02e4
07e31efe
0404fe08
f20c0807
edf511cd
051c0ff0
19152c0d
13ef2be3
0bfe2300
250e0e06
f113efe8
0bea0b01
ef150308
070e13ec
09eaf40b
11ee1d05
190a06fa
15ec1100
001911f8
0611e918
00dc050e
10030f1e
f01910f2
ee0705f3
06f6f403
0cfae7d7
e910def6
f7ed0027
f1fb0411
030a170f
15f2d50e
faf108f0
ea12f41c
ec121411
f1291cfa
0800f31b
1ce50f07
1222fd02
fdea15ef
011e18fd
ed0bf116
f904f4d8
ff00d6ed
f6ef0313
f1fef8f6
210008fc
ecf4d606
eceee70e
0510e913
d8f90304
00090bfe
f901ef1b
0de102fc
fe1808f4
f0ef2b0c
012402f3
f3f1eff5
1cf2f6fa
ecfff605
ecfa00f3
ee0a0806
f91708f0
ecfddcf5
f706ee13
f30003ff
edfff7f9
eefcf4f6
02f0020d
11d30204
08020c09
fbedfb06
00070500
04fd00e3
0df61110
09fc0506
f91608fd
f61a0a14
100c0cf3
f3e2e3ed
fa040f0c
ff0b09fa
ff00fe07
faf5eefe
11080406
0afd07eb
0e0417fa
eae8190a
f7fef105
f6f707ea
1fdeffe6
0e0208f7
f70119fb
021e0c17
08fb0c03
e6c2f4fa
030bf719
1afff7fc
0af6fd01
00f7e20c
10f4060d
ef05f7f2
fcf50fef
fe0f0305
05010f0b
fef50be7
07f900c6
f1fffaf2
f7f40107
0014f50a
05f214f5
f6d6ed09
fb05e407
0efe0cf3
11f6f3ff
f9f6ff0a
08f80a07
f81af8fb
fb0efb05
fb0a1702
15000f09
08f402ee
fa03fdd6
ca0afef0
08edfc06
07f7f918
18fb0af7
ffdef60e
ff00e414
fff7fff7
100206f1
03fb0913
08010107
ee07e4fc
13ef09ff
08090701
10cbfa19
0c2007fb
11f70801
cef70eff
0cec09e8
09ff0303
16fd05f0
07020001
ff0cf0fc
00f104fa
0ded0ae9
17050eff
0001f904
f516fa01
02edf6fd
1207ee01
f9ab0308
11010ff0
f8fe002e
f4fe100f
07daff02
07030d08
0be0f801
0ffdf0f9
020c08fb
08f50f0e
f6f5fff4
2019fa01
ef01f704
0a0ff8f9
fdf4f5fd
f405d601
0eb2fffd
0b020efc
ee06002f
02f4120f
03f609f9
ff0f0911
12e10afa
0614f7fd
fd1200fc
03010c17
fc03fc03
100af00b
fdf6010b
0efdfa0a
06eb0dfd
f6fad6f5
0bd8f507
01fafb0d
f0f81324
1c06090a
ffe9f9f9
02020919
13ea050f
1816f200
0b0e11ec
fc030d1e
0001fa08
0412e205
ed03f80b
04d4ecfb
0ae80202
0108fcf5
f5d6fbff
07f1ff1c
eff60afc
23fb08f3
fd09f8f5
04040817
03f7f50e
0504fd17
0cfff2ef
eefc15f6
0313f80d
0107ddfa
f7ff0c14
ffdaf701
0bfa0bfb
ff1118f8
f3f4faf4
0ff0ef1d
f7050cef
160210e3
fd0e04f0
0b03f105
0fe5f60b
01110d0d
0ffef4fe
e6fd16fe
110efc00
ff02f8ed
e8080405
06f80104
0e0bfcfd
03111df4
ed0803f9
0ceef91d
fa1012f3
f71008ee
fe0206f5
1f12e50d
13ed05ff
fe160109
f9f8fd03
efff1708
120fe4ef
05f302f6
f60507f9
0c03faf8
ff0af9f3
000215e3
ee0bfdef
13fdfb0b
fe050c00
ed180ef4
fdfe05d9
170e0408
06e8f301
fa07fc06
04e6f010
0af61100
1415f2f7
fa0303ff
fb0903e7
faedfcf3
f30a0efb
0f0e02e0
fcfd03f7
18f6fdef
fdfe1509
ee171816
05eb0ef7
201001f9
02e6f9ff
edfb00f8
01fdedf0
02f6fcff
131cfef4
faf9fc0d
f7fb02eb
14f4eff7
f4010104
fe0307d6
f40312f7
0bf606d5
08fe1202
01061509
14e7f70f
2005ece4
040d0503
fff5eeff
02f6e60f
f910fe02
fa0a04f2
020df9f1
fc060df9
1c04fcf7
01f5fd00
03fae5d2
f206fc0b
11f405c5
f1fa0f04
01121907
11f6f517
0a1601db
fbffef03
0d11eb0d
09020c04
ef02f2f8
f6f90dfb
ff0bfa06
efff03f3
030e0ef9
fafaf4fc
0fe9e9e3
0005f5f2
09f9ffbf
fbfd1a02
f8fb170f
fff30113
1615f4f7
04f8eefb
0dfcf101
03eff004
0d0603ee
060710eb
0b1af2ee
010e0cf2
100705ff
edf0fcfd
f1f0d2e1
f212e1fd
18f8febc
03081b0a
fefb1707
f0edf522
0708eed5
0a12fdf9
08de07fd
ece7d11b
0ce2e1ed
eeda1105
151df904
08fe06e2
0d06f91e
f6eef2e7
e4e1efdb
fd14e5d8
0fe2eccd
01081d1e
051b20ef
f0e10d1a
ed1defe0
f41c03f5
03eb0117
07f2de0c
07e204d2
e9d21a04
1e0ae10e
fef813dc
01ee0b04
f7e5e90e
1509e6e5
ef0debe6
23ccf5ea
f5000e35
01191ee4
07d014fc
e20cf7f6
0518f709
f1e60c21
22f7f72e
0b0ffee0
04e81d1c
25f70009
01ee1add
fb2129dc
f5eff90f
1825d7fa
e01518f4
17f6feea
eb18fa21
0b2a04e4
11f50405
06fc02fd
07f80b09
07e3fb23
ef0414fe
11190bff
07fc3412
07f9fb03
07e60aec
092e1501
060a1001
fd06ecfd
f02509f4
0208f704
df031a0e
0b140001
00f4ffd9
f700fc01
f8fefb01
25feed04
050af1fb
f30309f1
fa091306
0605fbea
00ff0bf7
0f010611
00fbfbfd
04fdfa01
052906fe
0008f8f9
0a060f12
fa05fae8
03ffffff
08100713
0a0504fd
07fef801
05f80b11
10fe0702
fd06ebf1
0bfafc06
fd0a0b13
f6f4f8f1
1606030f
fbf403fd
16fdf7f4
09050e00
06080dee
f6f40a0a
fcfe05f7
0a1d0804
0e0c0003
13f6eb08
07f41d14
1bf10dea
110be8ea
0d05f907
f717f80b
e9e9ebf7
01041b10
0107ff0a
1dec04fc
fdfb1504
11fa20f1
e0ec0704
e7f93f07
f6fae5f7
f0eff70d
08f7060e
0bf3feee
f9020aeb
02f9f619
0a270dff
000aee0b
fffe0dff
f60dfff1
f6fd3311
00f116f9
f8fbf5e5
f9ff0104
f2140704
11fde903
ece4f60a
0c192306
f2f3fd18
fffae007
06f7fd13
24030604
10151b00
0e08f417
21d9f21a
14e80a13
e6f508fa
f100fe00
fb1e0000
000e00d3
c700e709
16f7f322
f9e119ee
06ff0afb
02f7ebf4
f9e10215
ede915f8
09051306
0a170200
ec0de732
05def2ed
161e05e7
fae73318
0c2605da
0005fcfc
1c0005d9
d1ef0f11
f4e70af0
dbeb18ff
0f1416f2
f4e3d3f7
f0fdeb1e
fefbfd03
13f709ff
f7f3ea08
0ff9ec1c
13b9f30c
07fb02fd
01ec10eb
030e1007
0ef9020e
05ea0c0d
e1ebd10c
e41a01fd
e9fb0df5
03f707fc
e8e8c8ff
0503dd08
f400020e
1cfdf4fe
01f5dde8
0a00fe0f
16d7f300
09fd1407
f7f70601
06f90b14
01ec0ef6
fae50306
0af4f605
fa201209
0011fdfa
07f10505
e7d0d800
040c0406
f8ef09ff
16f4ee0f
f600def0
030c0412
1100faf6
02f708f8
fe000d05
05fff614
f5f4f5ef
04e904eb
17fb08fa
ed0d1400
fc12fafd
12010507
f2d1f107
0917ed10
fcf10f02
18fff201
f4f0e1fa
0a01ff00
f90c0103
fbf80a05
00181904
07010027
05f903ea
ffef08c4
ecfb0bf6
05160302
f30ff904
05f20ff9
07e4faf9
0605e610
fff915fc
09f1e703
04f5f809
fdec07f7
f707ed0b
05fbf3fe
f7050af7
0ffb0811
16ff08f3
0201fad4
d1fd04fd
060917f6
f2f40c0b
05f6f6eb
fff8fdf9
fb0bd806
f3f40cf6
0af7e5f3
1ffe0103
fbf8f3f7
fe03dd02
08dafc01
03fe12f3
f5f20909
060afef9
020708ef
d5001609
021813f6
eceffffd
060400ee
f6f2f503
f30ee3ea
050208e8
fbe8f802
22f0060c
f8f507f1
f726010d
03eff80d
1509ed04
10c301fe
fcfe0502
f8070527
e9fc151f
0eeb07f4
04fdff07
100bfdf0
f7fb0009
f902f1f3
fde502f9
f1ef10fd
1af90101
f1f7fe11
0720ecfe
fcee0a17
fb02ef0a
16c6f6e5
fa001810
e7121334
f7070728
07ec19f4
f41a18fe
f0effee2
ff0df106
fffd04f8
08010726
ede315f5
0d00ec0f
eff0f403
14f5eaff
ffe00c03
ec01edf6
0ef506ef
08f0041d
e6062333
10080704
09f611ff
05070400
f007fdee
1113f5fa
04f814e6
f3fe0d1c
f8fc11fb
0013d005
f00bf30f
09cff2e9
07e30d09
000ff2ed
01e4f6f6
fdf6072a
e906271b
16f401e7
ff040d03
0bfdebfe
f9f2eef6
0a1f10f4
fffdffde
f1f8030a
000bf805
fffddf07
ebff0617
f8dafde7
05ff0208
0e1611f8
e30bf3f1
fffdf72b
f20a1808
06faf9de
0d1afff5
0a02ebfd
fc0802fe
110b0afc
01f4ece8
eafdff02
081209fe
03f6ffe5
fb090b03
050404f8
0b08fafa
071f1dd1
ee2505ff
0dffe816
090715f9
ec04d2f9
fd13f8d4
0c0cfb12
09f8f5f6
ff0ffcfb
03ed06fa
0cfb01fc
0d180203
1ef507e9
fc110cf9
02fafaef
06170f03
121013c9
df0c0cf5
1af6fa06
fe0e1311
f5f8db0a
ede409cc
1015fa0d
fcf0fb02
f407fbe4
0ae80106
14090603
1017f901
07f20afa
fe0b0ff1
01fbeaea
f6060f1a
0513f3bb
ee040d02
18fb01e2
03150d08
0701f60b
f9df19de
1c200805
eaf806ff
f4fde7fe
ff030404
0bf1fa0d
0f1ff801
0301fc00
f907fdeb
000500f3
00000908
f6faf9af
ed0215ff
0cf404c9
0609f7ea
0316fd10
ffed0417
1e0310de
e90d08f7
f6f2ef09
0105f61c
f806f10c
1a1bf50d
00f901f7
f60605fa
090a0ae3
01f4fe09
fb05e3ab
f4ee02ff
17ff0acf
08040bf5
0e1af51b
f4eb0532
0b080de0
f509fef2
06f7e90a
05f6020b
ff0ff3f8
04ee0afe
fef50201
fc0110fe
fc1110fa
f2ec0303
ffffefca
efe9fffc
04faf4ba
0cf9fefe
0d0bfb15
fdfe1028
170b02dd
0e00ec08
02ff010b
04e7cffd
09edf8d9
f6fa1c04
0506fc07
0f0b1904
09f9f614
f1e305f7
fcffecd2
fa0cdff9
ff040cd0
07050d16
faf4fb16
1509151d
12edfcca
f801fb0d
11e60d15
08eeeb10
03d5d3e7
f4dd0f07
1f04d415
011416fb
0d02f61a
fec1f1f4
e7f30cdc
1103fcea
0ae401e8
0300170f
fd05f707
1df51a15
eeffdef1
de05eef8
28e5fb32
05f2df1a
00f6fbf4
e5c712ff
18250104
0bf128d9
0c0a0d15
ffb8e4f4
1006cee7
fc10edf6
26eed803
e2031940
0e200ac8
25dc21f6
011ce8f4
e007fd00
18f2dd3d
1ff9f110
f1d820ed
fcfe220d
2316faf1
07f333cb
170d0712
ebe6f2f5
1200daf5
081c05f9
27e1e002
df06191e
fa23fedb
15e019f0
051ff806
1d15fef6
08d3e708
f2f6ece5
17f5f0e2
0d113bff
23e6f403
11ef1b0a
03e1ecfe
0afc1105
041aeafe
011eecec
26fef1fd
dded0015
eefaf303
eedae2bc
0732f413
3021d916
e00313d8
2bd003f6
15e61de2
13f8f0cd
12fcf020
dd1ef21e
d5cfcbd9
ede6182c
040c1d07
0addedf2
23ca2803
d7fb34eb
fad21419
d9d837e1
021c090c
041306fe
fcfef2ff
0afa0a05
04050706
050ff2ff
0b00ed00
0102090c
f0eefdfe
0705040a
f7010103
18ef00fb
0a090fff
110b10f7
f2f80b0a
fcf40af3
00070cfb
0bfcfdf4
fef505fd
02f60c13
09071006
0009fcfc
08fff8f8
0107fd09
e6f8f3fd
09050703
050206fe
0a04f9f2
06fafffe
0ffe04f6
fff61010
ef061d02
0609031e
011af402
2205dd10
f4e3030c
09e4fdf5
1901f6ed
0526fcf2
f11afdf5
02ddfefa
0d131af2
06f2230e
120906f7
190815e1
fbfc02f9
d1f8050e
f2f0f3ee
f7e9f115
fc140a18
f7df08ff
10f1ee10
dfd216fd
16160710
20140de7
fd05d723
1ceff701
ea0a0724
f3e917f8
e7090eef
f6f40519
f2160bd9
d9fff820
06fa0d21
d4ea1aea
0ae2effe
fdedfee8
0601f604
fb030df0
17f8fa17
05fbfef4
11120018
18eb0e08
0e0800d3
feed1e22
062303e7
09f5ffeb
0aee16da
ddedfb10
06fe02e4
dcfa1b1a
0f0d0807
d0e1e7ef
f60adf0a
fdf1fe0a
18f7ecfc
fee9f80d
16fdfa03
13aceffd
03f1faff
11f4fee1
f9202411
2bf62404
0a04170c
eeeeea05
f1f90006
ef030307
031919fe
e2cade05
fc13c4f4
f7fb05fa
24fde5f7
00f4dbfa
15f9090e
18dde600
12ec0f07
fbeb1aec
fef60bfe
1bf61202
ffe81a19
05f2ed00
f50313fe
f3f5f5fe
0e0700ee
f3e1f1f3
020cd910
f5fcfff3
1ee6d202
fcfbe3ed
1207fc07
0303f701
02e6f6fd
0efa19fe
fdedfd25
0ff607ec
07fc03fb
14060e00
fc130c06
f715f8fb
0e0b0802
e0fafdef
fe09b611
fe0310f3
06ecdf03
0beef500
12f90aeb
fd04f2fe
fbf5fd03
040613fa
ffeefd16
0bf5fcf3
01041dc1
e8040207
010c0905
f110f1f7
ed0c0de6
edfbfcf9
fb08e01e
03f210eb
f9eadc05
0ff6fcf7
fdf00adc
f815fffe
02e6eb05
07f02201
1def0004
03e907eb
000501d5
e701090f
04f514fb
ecfd00f7
0101f3ea
00f5f70c
fef9dc17
07fc06ef
eff0e401
2ef8f4f0
ffff0df2
03fced02
f6e3f2fa
12ff0ffc
13f20206
03f3fe07
fb061cf7
dcf9090a
080b17f4
f500fbf3
ee0506fb
f3f404fe
f9fbfe07
04f201f4
e1ecfc03
20f2f901
f2df0af0
fb1eec05
06f7ff07
1608fefd
14fef902
0b01080c
0c12fa18
e3030510
11dc1af6
fdfff9e6
d50909f7
070c0700
03f2f310
fc00ff02
dbe513fe
2307f501
f9edfffa
040ee70f
f8eb0007
f3fbeefc
0ef3f2ff
07f40014
ed07fe35
f3fe01ef
0a0223f8
f91f05f3
c303f1f0
0b1af602
0ce519f0
f6f00209
f1ee26ce
1900df04
f710f513
0fece4f9
05f212fc
dff8effc
16ddd8fd
ffe50a1a
df020f28
23e9fde6
fd051509
010b02f6
dc0afde8
0e0dfa00
020610e6
eff5f91e
f6fa11d3
0f00d704
0f06fa17
18d5efed
1afa0ffb
e302f2e4
0702dd02
0af6f21b
e3fd0619
11e7d4c0
0814f607
ff0cd7e5
fc14f1f0
0c150df0
08faf5d6
eb01ea06
f40fffe5
17f9e100
f80b0520
08eaf7ea
0e0efd0e
f90d18ec
fd19eefa
fcf9011c
f10c1421
0af7d6e2
fb10f7f0
08f6df07
fc16f1ef
11060ffb
fd0307f2
fefdf501
091f02dc
21f9f3e2
f31105ff
06e6f6fb
0c0d0906
01101ce0
021f05fc
f5ff011d
0f03110b
e7f0d5ff
de0dfece
04e90608
fe04f704
01fe0e00
04ed100c
0bfaff06
1f2808f5
15f211e5
f41003f3
fbfcfcfb
ff1a070f
0d1d04da
0c0b0702
0ef20408
1015fe02
faefc314
d2e50dd8
0c100d1a
f90005fe
00faeff7
ff0e0b11
17fcf204
161b0ffa
0cf008ea
fd0907e6
03f0f8fc
f70417fd
0c19f0d7
02090708
14f704da
0a04fbf8
01faaf15
eed513ef
05130a0c
e7fd09f8
f603e7f4
0a030106
fa03eff1
0b230efb
0af7fffb
0e1409f5
fc0205f8
f60b0e0b
0003f0da
0312010a
00f109bf
050703ec
000dcc10
f4e50521
220908f0
eef106f8
f2f0e813
04fe0704
fc0106dc
151ff808
fff1f8f7
fd130c0a
f7f801ef
f5e10cfe
f100d7d8
0aedf4fa
06ecfec1
f6fd03e8
fc03d01a
f6d91f2d
110b0bee
f50706fa
f1edda00
f6faf909
10f1e1f2
06e0f9f6
fbf5f001
0df71510
fef2ef0a
fcc20707
0206dce6
070002f9
0207ffd6
0bfff010
01fad914
f70a1c1c
1b1412d6
fffdee06
1deff417
09dff316
0de5e0dd
f7caeb0c
11fee3f2
082317fd
00fcfa14
f1ba15fc
fb0ce8dc
0306f4f5
20f9fbe4
1906fa05
01f8ca16
1817131a
19e607ee
e9fdf8f9
2be3f715
0ee6dc02
01f1ccf1
eed6dc13
1904d9f0
02030308
13060b14
f8ceecfd
eef6d5e4
0928fdea
0802eef4
1109f413
01fdc010
27080821
fa10d8ed
f01beffb
2bf20335
05eae801
0704c8f5
c2d9d9fb
1721f207
06ea18c4
050f150a
f1d3bfde
ebf4ebef
102f04fb
160dd9ff
ef0a1c2b
0921e3e0
1ce519fb
eb3cd205
1c0df505
1a13f30b
20f5e4ef
dfbdfde0
f918eceb
301dee0a
ebfb32ee
efda0408
effdf106
09effb03
22440101
fcf7fd0f
c2001629
f7f0faf4
e7d7f9c7
f71cde06
2827ff1f
08e600f2
19e2e4d8
fcdefcee
0321f6ea
090d0111
f704221d
f5d6eaff
fffb061b
0909ea00
05efe5fe
0c0ff305
dc031b25
f1ea2dda
d6eff1d4
190d100b
1dfb03f6
d6f41cee
01e6f112
28ff0ff6
1a1af2d5
07fc0514
e70ef228
ece5d0de
0dfe1c20
01181ffa
f7e6efeb
25df2013
f7ec02dd
ebdc0c20
e9011b07
fd070309
0608f7fd
fef5f0fe
0cf50efe
fd030101
f6fffbfe
0a07fdff
ff050006
f3f2f500
0c06020c
f5fe0c06
00fafe00
030205f8
06ff06f8
f9f7fe00
f8010d05
2de2231f
222d0dfb
07ea1403
fcee2a18
02ed042e
fee8f0e4
e40c14db
db1ee30b
eb1ef5fa
1900f9e3
eae119f6
05f811ff
20f2ea05
063022f5
21100af7
cf052414
071714fd
f815e2eb
060ff1f6
0cdee31d
1200fdda
15f5fded
13fef901
e904fd07
eaf4efe9
f80f1c02
fd040fff
221e00e6
18d905f6
22eb04fc
d5fb0103
090211da
01fdfd0c
e20df7e4
faf0ebee
ea081710
faf819f9
2d050aed
1c08ffeb
040bf308
13d4e700
f10b1f0f
dcf613df
0c0efaf4
08e61122
f50116d4
dbfddb08
03ec0fec
d1ed08f4
08f7f60f
01f5dced
f507f5fc
fe1719e9
1606e00f
19f507ed
21fe0f03
1dd2f115
f90207e5
e4e43401
102cfaf2
0dfb1ff7
14e21df6
cfeafd10
160a0afd
cde50313
ed090214
facce8f2
0114cd0a
10051302
10fde314
10ecf3ed
190619fd
1abce702
0cf006fb
17eb10eb
ee1d0df8
1ff71ffa
01ff23fb
f5e9f712
f2f009f5
ece2000a
f8030bef
f5def3f9
f605c10b
f5fa0ffd
11deda02
11eeefe9
0af005ec
11f9f1f1
08faf505
09f30efd
03fd13ef
28f11100
fc00200e
09f2fc07
00d809f9
f7f2fa05
ea050ae9
fe02fbfe
0a0bd20a
0bf9f1f8
0adbc30f
09eefa04
0e0303df
0c090402
00ede2fb
12f90efd
f6d81106
1eeffff7
fcf009f5
0d07ff05
fae5ff0b
fa10fbf1
fa0afbe2
dff9fbf6
0808d809
f70a07f2
04dde305
f9e302fe
0bee0dcf
080b08f9
fa01ec03
fffe2004
00cf16fb
0aeefff8
f80604ad
fb0ef60e
02e6f512
01f900f6
c7f90fe1
e6ee02f9
fe02f71c
0601f8dc
08d7f113
0edef7fb
0bed0cd5
010a00fb
04fcfaf2
0d041c08
0de71400
faef0c0b
020204c6
f3f9fa06
17ee190b
f701fff4
caf2fbfa
ecfb0a05
06f8021f
fc06eae0
f8fce810
27f1f812
03e70ef3
e705faf3
faf101ea
12050a10
12dd15fd
faebf60c
1504fbff
f4ecf8eb
08071307
fb0108ea
c9fc06f8
fc1201fe
0aea0821
0c01edee
e8fefe08
23fef305
04e21112
ef16ebfb
04ff0507
0d0cf50f
1be2eb0a
06f0ff19
11f9fb0e
edf7ede4
0fe81eff
e9fe06e6
a9fefbf3
f6090f00
04e81efd
05ffe5ed
f9eb16f2
20ffff11
06f00503
eb1cf9f6
031011f3
07fadd10
08e6d81a
e9de1117
fa00e714
0ef5f5b9
11f20908
eb080cfa
cc07fcf4
0b18f91b
16011fe1
f0f9ef07
00eb12cd
0b06fbfd
0e11f6fc
00f80d0c
07040e01
e9faedfe
05f8cd19
fcebf20b
d1f1e60a
13f5e1c2
fe09f500
ee03e0f4
e516fcf6
0b070d23
201606d2
edffde0f
08fd0bc9
18faf402
1610e517
0edffa0d
0d0d1bfe
edfb0b00
0113e40f
0800f711
f0ebe1f9
eff8dee6
0c14eaf7
fd07c002
f716fdf4
03060b10
0016f4cf
e100e4fd
031104de
1cf6e108
0508f0ff
07eff00b
0e1514f7
f5160d12
0b270cff
f0f9fa07
f6f5f802
ebf1e803
db0cfef0
f801e105
f417ebf0
03011f13
0b0ceff6
02f8ec0a
0d17f6ec
17e90209
f2efede9
f6eaf40b
fe12eefe
0918100d
141b2107
f1fe14f7
10fbfb0c
f0f9ea1d
cf09f2e5
ecef0917
fdfcea06
0cf3160c
030d0b1d
14eaeb03
162901f2
26f1fdf8
fd06e3e8
e8f3fdfe
ee09fcf5
0914f410
09f70b0a
fffa13ec
090dfbfa
f2f1de1d
dfe80ee0
efec071e
f3f4f307
11090a0b
ff14001d
fde1fa0a
073004ec
23fa06f5
050e00f2
04fc0304
00fb0dfb
0809e80d
090e050f
030709ec
080ef6e8
edf9d316
f6da11f5
04f10b20
ecf802fb
eefefce9
00060502
fd01ecf6
0210fcf6
fdf70afb
0f0df605
fa09f603
04f6040a
0f03f102
0203fbee
0e090aed
050bf5e5
fffeb10f
f5f50316
07e50d0d
f3fa04f8
f2ffdb01
070102fc
01eef5f9
280df3f4
f6e3f00b
0609020d
f9e4e90a
f7d2170f
0cfde802
09e90df3
00f7fee5
fbee0aed
f2efb81b
03051013
07f013f2
fa060df2
fdeedbfd
fafc01f7
0bf8dffb
18d3ef03
0ce6eafa
03ef09ef
fd0403fd
00ce0900
fe11d1fd
f6fb07ff
08fafde5
0df7fa12
ebfed10c
0d160113
1501ffe7
040df406
1ef8defe
0e0000fb
06ed05e7
14c2cafc
19e8e9e9
0415140f
09fb04ed
f5c913ff
0718ea03
10f7f9ea
1003ffe2
0005fc1a
f1fbc012
161c130d
190400f0
001de708
21e4e70a
1903e4ea
fb0bedfc
dae3affe
23eee7ed
01ec090d
170d0eea
ebd1f7f2
fa03ddf3
031916d3
051901ef
0df8071c
ecf7b606
0c17210e
fc11fa0c
f512f100
2ee30114
1b05d1f1
fbe3dcff
d1f3ccff
2ffef4f0
17e71ed8
180515f9
ede0c4eb
f5f3d7eb
1a3717ee
1223ede3
fc06f229
e924bedd
18ea4117
0e0bf608
140313d4
0fd8e7ff
0b32c4e5
d8e8f715
030df108
11ef07ff
1ef32cef
2bec1534
ebe4eb01
eadfffde
ea210df7
fe33f9fb
1803093d
e429e111
11ea1afa
fafccefe
eef60fe6
19dee90d
fa1ae1f6
000a0408
071a0114
0c0f06e6
1bff2bf4
2f01ff22
0df0080b
faf7d5e3
01f2e507
1822e6fc
06ff201d
ea19f6dd
03f222ed
ecfcf4f4
03fcf202
fa0f0bf0
15010203
f3090d09
f60af704
0c02f801
ef0ef10a
ff0004f6
eb0012f8
00f60810
010c03f1
fbfeef0e
0100fafb
0efe15fb
f8180af7
03020305
f8fc07f7
0100fbfe
fff6fb03
06fd0202
02fcf903
fc04ff05
f90afc03
000700ff
fffa0a00
05fffe00
0c0406fc
fd04fc02
08030800
01f70a0c
00ff03ff
fdfefe09
0601faf4
fdfdff05
09ef150f
05070a04
fafefdfe
0600fd08
01010200
fe0502f7
fb09fd02
01ff09fc
02fffdf9
0101fd02
06fc03fc
f9f907fe
000315fb
041c0107
f403ecdf
011802f3
16f7f008
fce2eee6
07f4f5fa
05f2f905
f40101fe
f6e7f9fc
010a12fb
0110180d
1d1402ec
02e90b01
0ff0f7e8
ebfffcff
1700f8ea
f4fe0c11
e109f6e9
f0e9fcf4
f1131501
11ff04ee
0903fcee
2002fbf7
1b021704
0be4ea15
f2fe0ff7
f10606eb
080e020c
15f92e00
0afbf4e9
fb09e7f5
fdf106e0
d6d7f806
db04e714
16e4e2fb
fb1df5f2
f8091100
26fbdc05
260af1e3
19fc1c0a
1eddff0e
fbe014ee
04f01bf8
0f370bed
22e818f5
14f50608
d3f5f020
27f80714
e7d8f809
c8fee5fe
14c4f106
fe10e60b
120b0cf6
0ee8ee1d
14f8e7ec
0cfb1bfd
1fd3f3f7
0dfe05f0
11f4e8ed
000bfffe
22dd180c
0bfc0cfc
f6fff60e
03e101fb
00d8fcfb
bbfa05f1
f7f413f7
0f13e009
fcfd0bfa
00d5ee09
09fb0900
efe308e3
15f8f602
000feefe
16fee8fc
05f32ef9
1bf40902
f2f5f3eb
fdfef913
13e1f809
fb04fffe
c3fc01fd
0919fdf7
1ef4fd05
0e0d0201
fee2e7f9
16e90107
f1ea09dc
fe03fbfa
05fbf9f0
fe000e0a
14d50afc
0ef10800
f8e90fd7
fefefcf5
f1dc19f9
01140df4
b0fafbfb
fb0303e7
0aff0308
0f1204f7
fbeff9ff
09e0f809
f6f112e1
ff070405
feea00f0
19fb0415
02a712f2
0bf50f0a
fafefccc
1aeffffa
f6d20ef7
0afffaf9
81fe0bf3
09fd07fb
04f70315
050ef0f9
f6f40c03
17fafb09
f2dd07f4
e903ff07
03f1f6f8
11050602
07e322fb
09ecfa15
f516f7d7
00f903ea
00e71000
0d0902eb
aafaf900
050311fa
0ee31929
ef03efea
0206010f
19fe041c
fbf60ef8
ec0505fd
effc02fc
0f05fe07
06d0f310
fff9fa16
100be2ee
f9eefcf9
0be727f9
fe150de4
d50e09f1
042101ee
fbe72b1f
ff00f6e9
f1f8f603
030f020a
03f00102
d3210f07
f70206e9
09f9e30e
07e5cc1c
0ffaf3fe
0803e108
faec04dc
ffea1307
fef607e1
e21a0402
f80814f4
feec2af5
060deaf9
f7ec0406
051b0906
f718fa0e
ec201700
ff0a0ff3
fdfae8ff
fdf8cd15
03eff701
fdfae014
18fceedd
ef0503fe
f5f9fee1
f309fbf2
0e091712
190517d5
02050302
f6f31fff
0211fcf7
0916f308
091227fc
0919170b
f1f809fa
f716df1a
f6fcec11
e6e5c20d
1406e8f3
d10bccec
f700d0f3
f72407f0
180bfd1d
051efacb
e907f904
00f712f1
1003f304
020de70e
15ed1219
090a23fc
ede9060e
fc2cf30d
ec0cfb12
eed2d2fb
faf6f216
d70fbfec
eb13d503
fd12faf5
0cff1221
1009f4e2
edf8faf8
fa08fdf6
2ae5ea19
000ee20f
fef80df7
110d14ff
eb1b1715
fc1df9f1
f4f90909
06e0dc02
e8fcf72a
d9fee1de
f0fd00fe
0311fdf5
fff80e18
0907f307
05f3eefb
010c00f4
14d9f915
fc04df04
e6f2fff8
180712f7
f40d1518
011009ff
edfd1604
17e3f103
eeedff1e
feff01e0
faea120f
fb010100
08001a1a
fb00f10e
0af8f10a
0916f8ee
15ec0704
050ae2f7
f104f901
15ef09f9
ff09fffe
01020e01
f1fa0bfc
06fef807
d7f0f01a
12d90ff5
f0e614fe
010de907
f9fc2304
f6f7f71b
0bf80bf4
0415fb04
2bfff809
0c1be405
f008f708
0fef0d02
0812eb0e
1402f7fc
ff0d0ff8
0800f6fd
e5fbf916
19d90ffa
0adffb0e
0317fa0f
f9f705ed
e40605fe
0501fbf2
0005f1fe
0cf2ed08
0dfadd08
e9f5f50a
0edd0b10
1601fb03
f4eafff3
170305f8
fcf1faf5
f5fdd80a
18f3f111
06dff80a
0102040f
f7fcdbf4
fcf6fffa
f9fefe0f
1bdfe415
f9f0f804
06f4f3f1
eff807f1
04e00210
1107fd0a
ecc102e9
09fbfbf2
f0e4fb0b
f5f1c80c
101bf819
09e81706
0402fb08
e3f9e8eb
06fefcf4
06f1efff
11d0f111
07e9010e
0eede7ec
fffc1ae4
0ae30eee
0c180313
0bdd09fb
0f06f708
0ceef916
ebffc800
1720f101
11d115f3
0d250f01
0801f3f3
ff0313f9
100df0fb
07cad3f8
e9df00f3
01f2ef0b
0e080cd1
19efeef1
0d160d03
15eb08db
080d07ff
0c01f410
ffe5c910
211df206
f305f4f6
f1f10007
0bf1f501
20161aeb
d9061911
f9d8c204
efd8f6ed
ffdff1fd
0a1418d8
f8dde5dd
0508fe0c
160829e0
050400f5
f7f5ee12
ddfcc70c
2c1d1f11
000716f9
e2f70c00
fabafff4
080ad1fe
080be913
cdf4cd2d
fcd607dc
1de302f1
1e3509e9
edfbcde7
f0f60600
1f2e12c4
0c13f205
0f0bf403
d619c306
02ff2e1d
0818e6da
0ffa20d5
f1ddfbfc
2dfddce0
f412e406
f2eef51a
e9e60edf
1a111f1e
1d08031d
d4ebe719
dff014e1
f80700db
fb1bf105
12010d0c
f7f2e610
dee62607
dc0fdee1
f602faee
12f5ee04
1cfbecf4
f1fff3e7
eb020c1b
0e00f7e7
0eff21ea
1601010a
e2eadb12
09f7cdf4
10f5d706
f702efe2
f9f9100e
f509f8e3
e5f437dc
f0f8f5ff
f8f902fa
0501f5fc
120afbf7
05040005
0009fa05
0801f1ea
08fa0d0b
0f09030e
12fa140b
f607fa00
0804f6f7
fafef2fb
09f6f8ef
07fc06e7
120f0103
fff9fffd
00fa0707
ffff08fa
060300fa
ff10f50c
f600f704
05f70306
fff104fc
ff04f604
03fe06f9
04020606
f1080002
f505fffc
f605f9fd
09f2fd05
f70d000b
fa05fb09
07f9fdfb
05f703ff
f9fef90c
03010002
0306f906
07fafe0b
fe03f508
02fcfcfd
07070407
fafb0303
fbf9f704
0df6fafb
05ff0cff
fcfe0603
f4fafd09
fe0f0c0c
080600e2
06010800
0c050701
03ebfd03
ffeeff06
fffb0500
f90c09f7
f4f1eefe
04fa0e00
f9fefb03
01f9fcf2
0f000c09
000105de
edfa15fe
fb020201
e9f1f5f9
df19faf9
f3f405f4
e7081304
1c10f7f7
fff1edf6
1e12f0f3
1a02170b
03e9ef17
f7f712fd
f908f9f5
fc080808
0a092af3
1601fa03
0c06f3f2
faf4fcdb
f0f50cdf
b1f2da12
2efdf0f7
0600ff0a
f0000ef7
0de1d4fb
2d17eaf3
e1061800
00e6fcf6
f2ec16fd
190ffaf3
fc1f22f7
28d818ee
16fbe0ff
d611f21d
09f8f81a
fce1f9fb
b009dc1f
1ed7ea14
1003e80a
ed0af9e6
04def90a
13faf6f0
fa122bfb
04eb13ff
fb03fbf7
1bfefb0f
f5fa0bff
19e336eb
0efef1fd
f6fbf718
fcf9fdfa
0bdd0af0
aaedeaf0
050519fa
13fa0a00
080f01ff
f4e51009
04070c0f
d8f00800
0cf8fb0b
eb19f3ef
edfdedff
0ee72303
14e9ff13
0a02ddd7
fefd0afc
02e60407
0bf60c0a
a9f9e305
da1d11ec
14ec0c05
161707f5
ffff000b
1ef7f111
e3f8f9de
fdfcfe13
01feefef
0f0df8fe
0ed80d01
1bef0b0e
fe07ebf7
0006fdfb
00f306fe
14e910f8
a503fb03
0110040a
17f70319
171b00f0
fc07f804
fbf4fffa
f5f507ec
f5fc1614
f9fff6e1
0a19fc09
f8ea10fe
0bf70bfc
fc03e9e0
fef500f7
03ed0efa
10ff17fa
c3f7fcfc
09f30efd
10001f0e
1c10fffb
f9fd0406
0f07fef5
f6f80d13
00041309
fcfff2ea
0517f306
faee19f9
fcfdec06
f905f0f7
0cfdfced
07e206fd
f60911fa
ec0fedfe
0c0611f9
fefa1f16
06fcf2e1
0901fe0e
09050e14
07f21b0f
e3fc2000
e505f5fb
1b02ef08
08eb050d
15ff0303
040dddf2
fffc00e3
01e20c00
f8fb10ef
0015ff00
04030bf0
0df71a12
f4fdfdef
0202f71e
03041708
0602f610
f61f1d08
ffff0eff
0f04e7f5
f9f7c012
08f6f900
04eff2f6
0219ffdc
fe000efc
fafbf1f9
0b25f4f7
0a0e0200
09fa0cf5
e5f6f9e3
07e90b28
f41106fd
fd060612
f80f2bfc
02f40802
0b0ef4f1
ff14c612
0c05f002
efece112
1e19f6f0
d805e2ef
01f8d1e8
0d0a11f2
010a021b
1014efd5
f1fb0ef8
f8ee141e
f2070803
01f7fa02
05012bff
0a1012fd
ef02f1ff
e913de16
f20800fd
e0d9e707
0304ecfc
ecfbb6f4
ff03ccef
ff0609fd
01080021
1e14f4bf
f5071205
030a090b
1104f70b
fe06ef06
18f61504
110712f4
e6fc0e06
f817f808
f307fc08
e4d7f0fe
f7faf41b
f207bdf4
f917e706
02fe06ff
f302171a
1107eccd
0001fa03
06060d0c
0feefd24
00fdfdfa
fd0b20f6
14111cf6
f8130210
fe0d02f6
f2030302
f7e4e413
faf90714
02f8d4e3
010f0305
020d0bf3
f8fc1804
0802ffec
fcf8f305
010b100e
fcd50920
0cfbf3fb
f4f90cfc
12031af2
f7110e0d
000903f8
e3f80607
03e4ea15
0ceb0618
0ef900e1
f2f80507
fe00eef3
fdf1170d
f5f0fb11
0a0401e8
0905ff09
0af00ffb
011502f7
e9fffcfd
0bf30a06
091a0007
fa0bfcfd
fbf8ff07
00eff30e
fc000511
0ebc06f0
f3e8f907
060bf3fe
f30320fe
fbec0219
fc100ef7
0a0e0609
f8060406
fe16e603
f0030c0e
0eea0a10
fa0809fb
11f6f700
0406fffb
fbf6faf0
fa0dfa14
0cedeff1
fbdefb09
fa0cf609
fefbf4fc
f9fe12e5
fdfc0009
07e80111
fdfa0200
05f8daf2
f4000afc
17ebf700
13fbfa06
01e70001
0702fcf9
fee6f5f3
020a0011
16f3e905
f8eef2f6
fdf90212
e9f5e2ee
fc000cf8
f70f0f10
0de7f30c
07f0f303
0befecfb
e80a0de5
10f70001
16031111
f5c5faf2
130403fe
f8d6e203
fffaf5ff
fe260906
f9e60c16
0603fa20
ea0cebf3
fffe1909
0008f704
17e1fa03
04f10b16
08fbe905
f4080cd6
1207f9fb
0d08240a
0dcc04fa
19030807
17f6f302
f2f3e819
1b14fd08
ffc60904
f5fe0412
fb07f808
030f17fb
fc16ec00
edeef700
f0e2fd10
03deec00
07060dbf
0beedee0
0c140506
19dd13ef
19fe000d
fd00effb
eef9e2ff
2410eb07
02d7faf1
f1040c02
fcd8f503
08ff07f5
f910f419
f2ddedf5
dcf81cf1
0acddff7
1b0f00db
1203d3d3
fbf2fd0f
2ff715f2
04f2ec04
fd06e20a
f8fcf90b
1de9f10a
0b0803ec
0e080916
e3c00cf2
2fe4da01
07ea0a04
e2ecc4fe
f1e80df0
0ad4fb28
18f6ead6
e8ebdb0b
03ea0a08
1ef011ef
110f1408
1323e6eb
deefe528
ebd82514
fb1ee7e7
140302f4
e7d8f9e5
1ce1dce4
2205e406
e5fde4e3
ee0004df
f7f5032b
05ffe608
e9f3fd11
fb061cef
13de0fe0
13fe0708
fb1af211
f6f3ea01
e2d22211
e6f4dbe5
060706fb
eae4fcf3
ff04e9ef
1e18baf8
effdec0f
f40022f7
23f12612
21f7e905
09f9f023
f1f6dfe5
eae6fa07
060506ff
fc010129
fe14e9ee
e4fe2cec
f7fcfc02
090d1004
fcfcfaf7
0613f1f1
0704fd0b
0203f0f6
fbffffed
08f70e0e
09fcff0a
0cfafe0a
f7f9e3fe
eef5f509
06020402
02050c09
faf4f8f8
08f80503
030802fb
ff00fa01
07f903f8
f80802fd
00fd08f8
fe060803
fbfd03f9
fafb0001
0407fbfc
04f808fd
f9030504
0007fc00
06000600
fa0400f9
03fa04ff
07fa0702
fe0103fc
01fffff6
03f6fb00
0003030f
0605f9fa
0106ff05
00010703
fb0506fd
faf90206
03030601
fbfcfaf7
03020202
01fd05f9
12030dfd
07000c09
f20406ff
fffa11fc
020105e9
0de6fa05
f6fd0604
05f907f9
fb02fcf6
f808f709
fbff01fd
fa04f4f9
0d060d04
f8f7fbf9
1401daf6
01ff00ff
110810fc
f7fc1600
f3f61a01
faf0f60c
db220b0a
1aee00f6
e0100af1
2813f70d
08f9faf9
f503fe10
19070412
06e4f404
fc011b10
fbf6e4f1
f80dfbed
f41d1a09
2106f8f2
11edf2f3
fcfe14dd
0adfedfc
bc02ed15
3af8eefa
01f3f102
fd00100a
00e6f7e9
1911ecec
e0370b17
f6f309ff
f402151b
16f0e1fd
fa0416d5
1ce21cfb
0c10d6e3
f9050e04
f9fffe00
1cedfffb
ba05e7fe
3005ec1c
fef1f71d
fb23050c
fde90102
030c08f6
ea0c11e7
020630f5
f316f2e9
1007f603
f5f91cea
07ea07de
1801a7d1
ff0efafc
e7fbfffd
18e00008
db07e00f
0900fb03
f9f3e002
0c28030f
f2f9e105
021410fa
ede6f9f4
0bf61710
ed09d8f3
050fe9fd
05e32cfd
0d0ffefb
0800b5cc
05040ef6
fef50909
1afc0b0b
e108f4ff
e51407e5
0dfefd12
0920fff2
fa10d70b
fc0f0905
eefbfaeb
fbff180e
eef7d703
040deb05
f9d71dfe
0f121401
060dd5ef
030a12fc
eef3f912
15e504f8
db06e1fd
f80912f1
2002100e
f2231200
fe03e01a
ff1b0306
e0fb07ff
02f02afc
e409f1fd
f8160704
01fd18f1
08fc04f6
0b02cbee
1707fffc
ef100207
00fd0cf7
090be8f5
0b0c0df9
26051f06
f80aff12
f8f3eb0e
00181105
eefa1a08
f8fb26f0
e802f9f3
0f07f90d
ff2722f5
02f1fdf5
0904d1ed
0c0bfaf2
fb0d070d
faf91a03
190bf4e4
090106eb
0b0d1818
eafc0407
05eee80d
0b151207
fbf41907
f70931fd
f802f6ed
0a01ea01
0801f302
0ff102f4
06f8eaf7
051d08ed
02dc1d02
0cf51505
0d0e05f3
0307fcfa
0e0b1506
e2fbfdf6
fcf7fb15
f11325fd
060609ff
f90b2af7
0a000af0
080bfbf4
090bcdfe
1208f1f7
0be7e8f2
0825feff
fa05fefa
0108f6ff
19110cee
f60b060d
15f711e7
f0ecfbe1
00e90a23
f60a1b0a
fefbff0f
f4011fee
07fb05f6
0613faee
fbf8dc07
060700fc
f0eeda07
0919ff03
eeffbcfa
0200d1ea
1d1112fb
0c05f41f
160af8e2
fd0f09f6
0de60727
02f7070f
05f40610
12ff140d
110416f1
f207fef6
e206e919
0715e204
efe8ff07
071aff19
fbfcb1f2
fe18d6fe
07000efd
0600080b
0e02ebdc
0f211910
0509131e
f6f80c16
fffb0b1c
1aff090b
0efb10f9
f00114f9
fc12ef08
0317f506
ecdf0603
fb0b0b12
fefce3f6
0310eafa
0601f600
e9040f02
0e00f4e5
04100602
02141018
fce70f30
0c010b11
060913fa
070310f9
e20d0e08
0104eef1
e9060c02
f6e5fc0d
fb000714
15eefafd
f80804f5
110501e9
f40624f9
fcfffff2
0507f907
ea101721
f1e31417
23f719f2
f1001205
08030dfc
fd120413
f61103ff
e6f80402
0beeef11
fcfe100f
15f9f9e9
ec021218
fb09eaef
fefe20f6
02eff407
0207fce5
02110107
0af50cfd
0e0d11f1
e90705fd
10fc050c
0920160c
071103f7
f8ed0b07
18f0fd00
f7110418
15c3f500
00f4fd11
f818fbef
f5031aee
fe07f301
f91407f9
07fc080d
09f4020d
fefb02f4
e8f7fff6
09ebf909
0d041bff
10f901ff
0d0b10fc
11dff4fb
00140907
1607e8fe
f7f309fe
05fdf604
fbf5fff4
0af7feff
160b0702
10ed0b0d
fafa150a
0b03fdf6
e9fafbe7
1201fd11
0efe20fb
03e207f1
1d0415ff
28d3fae8
f4fef713
0a11f70d
fcfa0cf1
fffaf50d
0b18deed
f30007ef
06f50610
18e1f7fb
0b140207
f9f1f002
f30609e6
f4fee813
1afd0c11
00dd1309
0cf6fff8
fae7e9ea
ebf90c0c
0f0b0dff
fdf10404
07fb0207
0620d300
f4091909
f5f5ecf7
06ea09f3
fcf4090a
0006e70d
0a0701d9
030dfdf7
03010a05
07f309f5
0ffb090d
ffedebf0
e5f2fa00
0a05fe07
fbe100eb
07160d1c
eb07f10c
070e1103
fe04eff8
ecf9ffed
f2ea060c
0beeed01
0f07f9d8
0010efea
11f7f20e
1afd09fc
01000b09
0710f2da
fff20901
fd17eb06
e4ea01e3
08210e10
e5d3f90d
03f701f5
0afd1af7
e8fef6ed
0b0dff08
fdfbf819
0bf8eae8
f706ede7
f2e20f09
28f80ef8
1cf60d11
0413f924
fef31c02
e50800ff
fff3f4f7
131e0d01
e1d20116
04fbddfb
f5f60424
de09ddfa
020302ea
ffe2ef13
2102ecde
faecd203
efebedf1
1ffe0af8
1ef302da
e622d81a
07fbf7f8
e4111b04
0203eef0
210d1ffc
e2e91cd9
d9fee7d8
f401cc1c
ef03efe8
daf01ef7
ff01f73c
33e9f205
f8f0fa13
f9ecfbe6
01061000
0f100205
ee0df601
07f701fe
07f60903
fbe200f9
13161dfe
e9f904e5
d20dea07
0521e10b
fa00f001
fce328e6
16f00e35
24e2ed05
10f0fc18
f2f7f0ea
de0aff1f
0a1b182d
f50c111a
09e6eef6
060817fd
07f4f50c
040dfe02
fdfbfbf6
00fc03fa
f6fdf307
0002ff01
f6f616f7
02f90915
03fa0405
ff00ff07
f5fdf3f8
eff3ff07
05080dfe
fafb0901
05f706ff
fff40003
fd04050a
05fd0105
fdf807fd
01f50b0f
04fbfcfb
05fbfefb
07f401fe
f603f504
fefef7fb
00080706
fd0b05fc
0207fdef
07fa000d
04f80601
02f10304
01fb0ffb
0005faf8
f8f501f7
fff900f5
020303fc
010401fb
0204fe03
040704fd
06fafffb
f50106fe
f8080001
fd09fb06
f504fd06
f7fb04f6
fb00f702
0905fc00
0007f504
f5d5fff5
e1fa03de
fbdd0f02
15e81624
0e26fb09
e3071510
fe120d05
ef0aebfe
f005feeb
000d07e7
f402f905
f118e7fe
f20edc01
2b16ee16
2bfee212
db0b0218
e6f6fd00
f31df616
e3d812e2
0cf0e304
1836e117
f0fcf7fd
d2ef2614
1cfeff34
f5fd0ddb
ff021927
04fde0f2
e40dfee8
f5301215
302bf208
2dfced11
d20c04f1
0616dd07
dfffe90c
1c042023
f4f4fff0
0515f00d
00f502e1
15fd07f8
fa150709
f6f432f3
e5f6f828
2001eff3
03010cd2
07fd0401
f012c906
fe15faf5
f0030203
20f9fbfb
eb05e8de
1c06022a
def9e502
f21ffc1d
03ea0102
0312fff4
010619ff
1a0b2af6
da0eee08
0707ddee
ffe618cb
0c110a00
fbf6bee2
f0070107
02f40f14
0d06ff0c
0c07f800
f60006fc
f0f8e7f5
fd1e0203
fefde3fb
fd0f11f0
fbfd08f9
00fb1c1b
e20bdf09
130af300
01dc19e7
fc1b11fb
01f5b9e5
f8ff0901
12e10a19
0f1810fc
0500efe7
fa0ceb06
f8fa050b
f5250bfc
fef6df15
0e1004e9
f104fa11
ff001b0c
e511f309
fe1301f6
fbfa1cd7
0c0a0ffc
0cfbcdee
1608fcf5
eef70b12
06070afe
f8fcecdb
0110f8f9
11ff1001
d1150d13
fb04e609
0d030ded
eee10a01
02061b06
f006fe0d
fc1105f8
fcf623e5
05fa0200
00ffd0f6
1818f5f7
fb0f0615
0cf10f01
1904f5da
fff014ec
25fb1005
d1080a29
10f9cf1e
030a180a
00e7160c
08030ffd
0bf5e902
0b0a05fb
f90027e0
09f0fbee
0105dde6
101ef8f2
fa0a060e
fcfd15f8
20040ef0
f20209f0
1701131d
dfed090d
11fbd017
f3f61909
01ed1206
f40c1e01
13faf7f2
12faed00
07ecfffb
18fd07f9
04fcdded
0631fbf5
fdec06f6
feffeefe
11fb1df0
f3fe09ec
1e050f10
efec1702
02fce319
f1031809
07041001
fb111509
0f040612
1a0dff02
00fcebf9
0b0c09fe
f4fc05f1
0428ff04
f51fe7f0
f509ea00
0d090bee
08040b09
1b001305
f9e618fb
fce3dd1d
f9000314
fe10030f
f9051511
120af90c
0b1502f8
f100f306
0b0ef901
e9050202
1811f600
fb0987f0
f00ce4f3
130f0fed
0f08f906
0c05f3f8
0f0f0bf9
07f3e019
fbf3000b
0df9ff06
17faf901
120412fb
f50205f4
de08ff1e
0026ea06
efef19fa
0118ee09
1303c1ef
f214d4ed
0b0c09fc
08f404f8
11fef7db
08241107
1000f22a
02f60919
09fafe16
18090007
17061c01
e2f405fd
fa05fa0b
f323020c
f9e50bf6
fd080212
0a06ecf4
0220eefd
0a0afdff
ecfd14f3
12f2f0d5
0c0b07ef
0805011b
fdf61819
06f2010d
f7fa17f6
0d030f0b
d8050c01
f107f5f0
e911130c
06f2f900
090a0715
06fbfafb
fb020905
fc06fef5
fb082703
060303f4
000604f8
ff140e17
fbf10602
13edfe00
feff0c06
07fd0406
ed190710
f00fe7f4
ed08f70a
0cf4f0fd
0a020e0a
02f9f1ff
f8ff1d15
0c21f9f9
fa0729fc
06ff100a
05fc04e9
01f50e06
fff90e06
090d1501
f4fb0af1
0e0afd0d
16100c0a
010cedfd
03031802
1cf500eb
100c1505
fac0f1f0
fe05030b
0322fcfa
011214fb
04fb0804
02fb0afe
fdf41601
09011011
f4010af3
e8fa00f7
05fff10e
1ff60e0a
08fbf4f2
1b040e05
17e9f5f1
ff09150b
ffedf1fd
f3fd16ef
0015fa0a
06f3fafa
0aff0409
14f2040a
fff500fd
f6f40ffa
fffeff06
e9fe02eb
fe12fb1c
11f107fd
07defaf2
0ef1200c
0adff2ec
f1fafb06
07f3f607
ecfa16f1
f801fa11
1708cef8
f60204f7
0bf50c1a
0ee510ea
f012faf4
f506f013
fbedf5ec
f307041d
02fe0c08
10e11407
faf21105
0ff9f1ed
e4f50710
fcfffd0d
f3090af7
02eff4fe
eb05f5e7
01e81af1
f0e80df6
03e515ed
eb081118
010fe717
0f0af4e8
f320fe09
f7031808
1cdd0703
04092c07
f30805f9
fdebf90f
0f0f000a
eff9fcf7
06f20df3
d9d70b0c
01f11513
eff1fd01
120813f4
ebf50922
fa00f30c
021000cf
fc140aed
fc171905
13011b03
0bec161d
0015fdfd
ff05ec0e
fe08ec10
e610ffde
16f10dfa
cee81d0f
02e6f7fd
02d320f3
f1180d00
000ffd12
e411eb10
0b14f3e7
fe0dfef3
f0020603
28ea0308
12e6fa14
f81f0c11
0005fe00
ecfce807
e8faeff3
1f200bfb
dbdf0712
e7f5d5e6
01e5141f
ed0bfcf7
0028f4ef
01f2e71b
27f1f6f2
efeae405
e2eaf2e7
1402f51e
21e9fdeb
da18f41f
fc0613d9
f10606f0
eaf2e5ff
ff11f902
eee217ea
e8ffe3f0
d507cb22
edfafb0e
f3f60e17
ede4f60e
27f61309
e9f5e0fd
04f7e111
10121819
ec10fcf5
05fceb22
0aff21f2
06f9ffe9
fbe2f5f3
f4f3fa0e
eae226df
04f0d30c
f4010400
f4f1001a
fbec2604
f80b0e36
13e30002
f70df11b
0d101507
d91c0c15
00fa1713
02251002
fd00e628
18fe3001
04f6fe11
221c0e09
fef608fe
0011e1ee
1707fe0d
0307fbf5
ecfc0c0b
0af9fc2a
14edf31a
08eeee12
03f1f5ee
efdee6fd
0e141308
ef191c0d
0efaf0ea
08012306
09ff1614
0cf803e7
f1ea0bea
f8e81517
12110005
0913e8ea
07e9e70a
f118f111
e2e2edf4
1b121b1a
021312fb
03f90de6
1601111d
1af51ffa
eaee011b
19fd1c05
f9f8f6f9
0708fa06
f9f8060a
09f00ef6
f5ff0202
020d0ef8
0803f9f9
0106f6ff
0ef20cfd
f50c0f01
fc030c00
05fbf2fd
f905030a
f8f50aed
fc0a0a0c
030d0204
18d9fb06
f80200fb
f1f4210a
01f20ff2
030c1a0b
131c1411
ed011114
fb00010a
20f900fc
17f00812
dded08fa
0e21eb00
ee03f115
14f0e3e9
02edf6fa
0f0d1019
ede7f2f9
001e010c
f0d416f7
fe03ea12
1948ea1e
ff0b12eb
e1042502
13fd0727
0c110ff9
fb010615
f9e5e908
fe09ebee
e12c0316
140cf2eb
13ff0c0e
c702f5f3
0bfd0516
180ffb0a
18102322
d7f709e6
f30fd319
24f00cd6
0a100f05
f712f41c
fef01ee9
f4f1ed16
23f5e0f4
100413e1
16130203
f712cefc
e8f3e500
0416e50d
080a0107
17efddf3
1307091c
d2f502f9
e527d40b
edf303ef
0404fefd
0709fc00
00ff18fd
d012e416
1b0202f7
04161ad5
041406f9
1107e2f5
12fef915
fefb0a10
05140f07
29ffe9e5
fe0af81b
c3f2e607
0022ff07
f2f5ef00
fa070beb
09f20a03
0f040e05
d4fced1f
1a0002f2
f60e14e7
fa1c1104
08fbf911
0a01f30e
06dff70f
12ff1202
0cfef7c5
ebfb0702
ddf3f507
e9100a0e
08ede107
f9041406
fef4e61c
0e060911
f206f226
090b0ff8
05081fd4
f309170b
16f7e405
1b05ef02
08fc0511
020508f8
f9f2ebd0
f9080ff9
e1ed000f
bafc0e04
faf3e710
0bfb16fc
f8ecff00
f9100605
09fdfd18
f81d1906
17ee1bd1
11ed19ee
040e0600
131308ed
ef0b0a14
13fc0ffe
14f20bc9
f4f001f5
f7f401fb
c9e2110d
09fcf015
f5fe2005
03e91d05
fc01fe09
16fa0f0b
f5f90b00
0ef319da
19f30e01
f50801f4
080407e8
f4f7fb02
0a0f15fc
19ee25d4
eef5f8f9
080305fe
f3d10a0c
fcf7eb0f
ebf91009
05ee0b05
fa04001d
1b000409
060102f5
01f8fbe3
09f9110b
ea01fbf7
0015fdef
ff03ecf1
07faf709
00fd2cd8
ee0204fe
15fe07f6
0ee6f412
fcfcd30c
e6f1ff14
05f707f3
0717ff21
23feee17
08fa0006
effcf7f0
05000e10
e7060204
0417fff0
051ca7ef
f7fee2fb
0ff519e5
070209f1
10fc04e5
16f51104
eff9b724
fbfe0705
0c1100f8
0b13050d
1e0df626
13090dfb
f4fff9ff
f812fb05
d90b1f09
040ef4f5
0306a7f8
f60bd3e9
0dfa05f9
07fdebe1
150404dd
fc080eed
08fbcf29
ff05f707
0309fe06
1907fa0e
0f0b1014
f10812fc
e4110305
f422fa01
ef091105
0908050a
fbfedf01
f706edf7
0503fdf4
07e20ced
0607fae8
02160201
06fde114
fbf40520
0e07f415
12f90b02
170d0607
d4f704fb
f1fd05fa
f3330e10
0bff10fe
08ff0911
10f50301
0a1e0bf8
0619eeed
f3f91005
07f6fffa
0b180aff
09f1da18
06fd100e
05feeb05
fe020cf0
12041113
e7100d15
dd08faea
fa1606f8
140a0b0d
12080b0e
fef3f7f2
f908100d
0015faf3
f9081b10
0500fbf8
0c06ff04
14f9fe0d
090a110f
0cf6ff03
fcfa11f8
11010a02
0c030d0b
d80df0ff
f8160a02
1e1004fb
10080cf3
00f2eef7
f7f81012
fd21f602
f9fc100f
fe020af7
10fefffa
07ee0c0b
fa110dff
05030506
04f717e5
020a001d
23fe0afd
e8f5ea02
081407f2
1a0604fe
0e0c0601
04c2f408
f8ed12f8
f813ff0d
0ef9fa05
fef714fb
0ce413fb
0af21d06
fbf412f9
0014f10e
fc0019e6
f413fa22
16f80a07
eef0e906
fd011702
0cf8fbf1
01f71019
fde0ea0c
e8fd1bf1
060bf419
06ebf502
fef20dfe
f2ed0705
fef71cf2
f90517fc
fb12ee03
f7080ee9
fa1e060e
100216fe
05e9fdf9
f6f71401
1afdf6f0
fff4fd11
e700f816
ebf80ef1
0513ec09
ff04f000
f3fbfbf4
e601f512
09f218ed
f50f0902
f309f309
f7fb09e4
fb00fc11
fd000808
15f91ffa
fbf016f8
0216edfe
fb0a04f9
e30af307
02defdfe
0816f002
bfed04fb
fcf1f309
eefa0902
090d0efe
f00c2102
0e1bf30d
1affe7f9
f30a031a
edf91bf6
1cf3070c
fd012606
f6270e0d
1cecedff
fe1a1a11
f5f60b0b
0b0ffcfd
d9e602fb
fff7f205
edef1bf9
020d1ff0
f018f911
ee060a18
17fce6f2
edfa0803
f2f50cff
21e30617
0df6120f
f90b0911
00f3fcff
f8000006
f2e50302
0dfe0ee6
dbda28f8
f302d8f2
f2dcf90c
fd0717f3
e40c0212
eae9020d
2bffefff
f1f6edf1
f1ef07fc
130df418
f5110c14
f20a0432
f803fee3
f010d9f0
f5e70cfd
1505fcf8
00ed1ef9
e0fbdcfe
00ed072a
f00c01ff
f629f404
f2ebde1f
23fdea08
f507e4ef
d8ec15f1
0422f321
0209f51e
f5fcecfa
eafc20d8
e426daf8
ecb7dcf7
00160808
f4e921dc
cb1bc8e4
ea06c02d
defcd409
cefc3e1e
09b4fcf8
290b0216
feedb4f8
04eadffb
e8172a11
ee2802fc
13091f20
18fd39e7
0915e9e6
f5c5e606
0c000c1c
f1e92ced
e403c5e7
ea2ae70a
f6f8de09
ed0a4d01
0beb154b
14d6ef1a
0cf5df17
f6fa0cef
b90e16f7
11031c20
dc32260e
0dfd10f3
280537fb
0af0fd0d
2b2b100d
fa040ffc
f513e9ee
090ff719
0d15dcff
e7ff0eed
07edf72e
18e3ee25
08d7cf0c
02f4e7e2
f5d2d8f8
311b1219
e11c210c
f9f9eed0
0af5201b
ff04f8f9
fdfffc02
ff040606
ff01ff01
07f9fcf9
f907f8fe
050405fd
04fe0804
fff900ff
fcfdfb02
fa03fe06
03ff0505
fffb08ff
07fafd03
0501fbf8
fbfd01f9
f5fdfeff
fe0af303
ff060208
0bfe0afa
fffcfb00
fe0cfefe
0cfcfcfc
fd08f5fc
fefb09fb
fc000203
f702fffe
fa07f9ff
04f9f8fd
f50809f3
fff40f09
fb0a0404
1eeafc20
f2fd00f7
ecf11d04
07e601e7
06fe0e17
1a1f1708
eefe0c03
05fa080c
23dcf7f8
20f7161c
d7eef4fc
fa04ecf6
fb01030d
09e4f1e1
f1e3e5fa
31f82416
edfbe2fa
fc08f316
f2e61d05
ea0c03fe
f3380d26
f4f31ee8
f4210600
22f6fef7
200d1d06
f0f4ed11
03d1ed03
2619e207
f22e0902
e7f1fbff
0feb260a
e80107f9
03f6fd0e
1107e902
1cfa131c
d3e01000
c421c61b
f8f721e4
0a1710fb
fc12f0f2
f20725fa
f8eef218
12ede0e4
060305ea
130d1404
1609fa0b
f6faec06
ea07ee16
0403f50e
17f8e0f6
0d05ff17
c5f6fb06
cb25e706
f0ef0ee7
0efdf4ef
06fff2f5
07ec0803
cf08ee17
0df0f3f7
0c0707f3
fe0e09eb
fefff80b
04ea050e
08f0ef0c
011d0002
2307f3f3
0608eb15
bafbf819
db21dff5
fcf607ef
0b050ce5
1300fcf4
fbfcf6fa
c304ed1b
170406f1
01fe04eb
121a09f2
0c03fa18
110201f7
f4f0ef04
0a1609f0
feedffef
ee0b0506
af00ff0c
cbf20007
12f7f70c
0c0507e1
fff5de08
100f06ff
fd1cff24
f50e1cfe
17f112dd
020d1704
fb08f4f5
040507ec
09f7f51b
140710fd
08fa04f0
dffb10f8
a30007f2
d5ebfb05
15ff0808
f4f123f3
0bf5ec13
020b0407
21fd091f
01140503
02f610ed
1807150f
f4100902
02fb11e0
f4f0e710
180e17f9
14010ae3
f1fa05ee
bbf20000
efc6f304
f2ff0001
f4e917f9
0afe1008
f1fe05fa
160d0c13
fa0dff06
fffb04df
1aee1400
f90bf900
010afee1
edfae0f7
0fff0c01
12e928de
fcfc0ff0
cd000408
0ec3ff12
f6feec03
e7f50a1a
07fb06ea
fe12fe0c
18f8fb09
fff9f807
ff04fecf
0cfa1707
ed14ee0a
f91701fb
04fad6e7
f706f904
020120d8
08e204e5
e1ff05f4
25ecf5ff
e507e11b
e3f9f616
0c0012de
0313f811
1bf8f916
fd0b0606
f9fcf3c0
f4000b12
e30af310
f915effb
0804c6ea
f1f4d0fb
05f613d6
12f306e4
e2fffae4
14020409
fa01dd08
ebecf6fd
031005ea
1418fa14
13f1f919
ef07f8fd
f40cf0d5
e8130507
d8181215
ee04e8f2
1909c703
e707eff1
0ef2ece2
fdfb0ae1
f3fdfad2
fe1a07fd
1408dd0d
fce8e804
0c0afcf6
120d0301
1e070c13
cd040df6
f30506ed
fd161910
020b1cf9
0702f5fe
0612ed0d
f80619ff
08fbefe2
fbf212f1
f40d03eb
fe22140d
0002dd0c
0aec031d
010efb0f
1207fc0f
10000812
dd040af6
f3fbfefe
0a21150b
1e0c1213
12f00505
05000601
fa1c17fd
0108e4de
fa0f0f03
0602f7fa
050e0b0a
05f4c805
16fb0b0d
02fa0108
05f70bff
fd090612
fe01010b
dcfdfd00
08091af0
200d0a15
11ff0f00
03f003f6
f7081f01
f71cf0f0
0c121312
faf30103
0406f708
08f3e9fd
f7080f0b
f5040607
fff818f1
03fe0606
12030300
dcfcf0fe
ff12f6ff
211003fc
0b0cedf3
01d0f905
e9f90bf6
0226f703
090df71f
03f90ff0
0af80ef1
0cfdf5fd
f718fbf3
f90df708
04020be4
fb050216
19fdf909
e3f0f0fe
ef0b01ff
1d0802f8
00010808
03c1e80c
efe61c05
fe0cfd05
09fef119
f6e90a0e
fef308fe
0706fc04
ed0002f3
fe19e307
f5fd18e2
f511f828
12fd090d
f7f80304
f0ff1007
1812010a
13f30a0a
eaf1f508
fcf11ff7
050cfe06
0bfde810
e6f91100
ebe6fc12
01ff18ea
060a03fb
f717e7fc
0d0c01f4
fb07fc13
fff80700
0cf20200
fd04050a
071009fb
17fc0808
ebf8fd0e
f6ec02e9
f712f705
f610e6fe
f7050200
f1fbfd0e
00f70bee
edfdfd05
0f0506f1
07feeef7
0d03f300
f7f91008
1be91b05
080dfdfc
fb13f005
0afc03ed
ef0a0301
f6e602e9
0313fcf6
c7f009e7
fe01fd15
0cfb101a
eeff1509
f01b200e
0c10f7f0
300ae6fe
fe1707f9
e7e90af9
13e6f403
01030905
fe11ff02
12fceff8
f0091107
01eb12fe
05faf3eb
d8efebdb
e6ee0417
fd041006
f20405fd
f123010b
eb04f20a
2416f309
020b03f3
05ff18f5
1aef0d08
01f3f506
0812ff24
0ff009e9
e923f600
ffe80200
0af8f6d4
fefbf6ee
f2f1ecfd
06e0f419
e6fe10f0
fd1ffc27
eff3f406
2b06f5f7
f808fcea
f5010d02
1aeef215
0209e6fb
f603e41d
fffb08e8
0121f8fc
01f60dfd
1703f4ec
0afd02e9
fdf5e508
0511f81e
fbfff4e8
0f0ef117
f0f7da07
360ffe0d
1113f6ec
dffd1807
0b10fdf3
18f3f200
09ffede5
efef09d5
000d0902
1af8fd06
1528ff28
0f0406e3
181ad217
11e8ef25
e30bd5c5
d3f92524
f5eaee08
fe0ee91c
19f9d1f3
08e406fb
f41318ee
f72a1308
1c223af4
18de1700
22170cdd
fa0af3f6
f9eaf915
0f0cf8fb
2be8e7f6
290618ec
ee1c04eb
05c815f8
f1050d24
f9db0107
fa1a05fb
0e121ff2
d8e815ea
28f70efd
fcfe2605
0beadef1
0b0a331f
22ef1525
07261a18
24191f16
f522f1e3
eafce336
3224d5f8
e418dfe2
f5d3edda
23e0db20
2cd0cff0
f20de1d1
1af8ed18
3a11e515
d11c2710
e527dfe8
090a3a2b
28190e25
09180a0a
1c09e511
0309ee08
fae319f3
291bdcee
0ae1f7ed
f7030c24
05ecde05
17e71a01
05fa09fa
12e0ece4
1a061a0c
06dc18de
dee90d08
23f316fa
f403f8f8
0803f404
f5050500
000209fb
fffa08ff
05040908
ff04fd02
fd070008
00f00af8
f50a0903
06f7ff03
06faf706
ff05f7ff
0105fcfc
04000309
01070500
0bff051e
f6f5f8f5
f9f50213
14e40a12
ffe717f9
21071110
01fcf6f1
f11b0a0d
0ceb00e6
07f83210
eb00fcfe
09edeb06
fcf7040b
f7e4fedc
e5e8ed0c
2b022114
fee6dc08
08f30012
f5de2f08
08fc1b03
011f0528
f20f2ee9
f428f1fb
1200e0f4
11fa1400
ec0efa10
eed0f103
1503f410
fb2ff408
fdf908e7
17df000e
d401f007
f8f7f9f9
09f6f306
0fed19f8
fcfa2906
cb25f808
e7ff19e5
f50013ed
0b04c903
f9132014
edfced1f
0be0d0ee
e40c0012
010f1005
19131d0d
11fc0afc
f0f3e10b
04fded18
f815eef9
01e8f411
d5fbf503
c10ce6fc
ef0f2d08
05fa03f1
1ff5f3f2
10f0f401
df13f616
10edd9fd
0debf5fb
031a15fd
ec07ff07
0a0003f7
f6e2eaf9
000af5f8
f2080700
f5f9fa0d
c00ff60b
cc01db0f
0b03210c
060208db
1ff5f6f4
19ef06f4
e214f10b
01eaf7f3
14e1f500
082109ff
f1fcf414
0f1401f3
06fad1fd
0e0704d8
fbfe1608
0108f211
b80bfc0f
cfccd80f
0a020af7
f9fa18e9
10f8f0f7
12f504ed
f707030c
faf60cf9
17ea0dee
fd1906f3
f90e0704
ff000de2
06eec617
13fd0cf9
04090800
f90b0711
a405fcfa
ead7da12
090412e7
f4e724e1
0809f0f5
0b0703fb
1af30515
fe12040c
040602e6
0cfe00e5
f8060bfe
fcf5fee7
f8edd40d
13eb06f0
f7050909
040913fa
ad0c0a0e
0caee911
f2050ef3
eef322ea
0b09f3f2
02fd0a05
0d16fd0b
ef010305
fd1206f0
03fd00f4
d90af50b
0df7f5f1
00f8d101
11f0160c
fafd29ff
0f0a04ef
bafff501
15e2f70c
f0f60800
ebee03e8
fe0001d8
090f0308
0702f0f2
e9f0f200
00fe01f1
ea0104fd
de14f6fb
e210f8f0
1aebe5ea
e703df0f
03010fec
150a07e9
d8f304f2
1b02f6fa
f9010ff9
00eae300
ff0d13c8
00050502
01f8fe01
fd06fdf9
f50d03d7
e7f903ff
b50ef506
f20ce4f7
0afee8ef
d7f9d1fb
10f506e5
1dfc09de
dd031ae3
0b24e1f4
03eb0803
e9efeaf9
f81415c0
fe0d0f03
0b0deff6
d2f8fff5
f40407c8
fa0dff0f
cc1010fe
0902e2ff
0ff4de03
dffb06ee
0300f0e0
01f80ed6
f00707e7
fe24ebff
04070707
f8d0f1ff
f81617e5
070b0c0e
180c08f7
cf0205f6
f60302e1
f30b0f08
1b0515fb
10f9dff8
0809f40f
ee0f1cf4
090fe9f0
090812e5
f305fc00
0b12f406
fdf906f6
15e2fe1b
fa0dff0b
01030cfb
02f5fe02
fc01f80c
f6f60504
fb1708f2
20060204
0ff60ffa
f80c0106
fa0b08f8
fe06fbfb
13090807
edfbf9f9
0208f414
f60aea02
0efb0507
f909010e
14f70d04
f5f8fd0b
0df8fc07
efe2e3fc
fe09f9f4
1c0012f6
12fe090a
0edff1f0
f4030ef8
030f0311
1505f80e
fef7f104
0bfdfdfc
0a0deb07
001404ff
f0070e08
03ec17f5
f402f90d
25fdf50a
f3ffed0b
081605fb
0dff13f6
08fc0902
fecdffee
fcf01e04
08190afe
1507e91b
e50cff08
01f40bf0
18fcecfb
f707f8f9
fd12fa08
f6f609f7
fd12fe13
16f8ea1e
f1fd0df1
04140e06
1a080000
08fa0a04
0adffb04
ffdd0d0e
0b140502
09f7eb17
f9fff914
fff20d0e
080bebfc
fc0100ea
fb00ec05
fefff0e1
0806f618
f5fdfe06
f2fc0901
fc070403
130f0701
0ff20afa
ef0f0208
f0e004fb
1804fe07
f308d403
e20409ff
f5f40f02
041103fc
0302f2f0
0800eeed
12f7fdfc
010bfe11
f5f4eafe
06e5031f
f818010a
f60f05f6
15ed0aff
fe08f30b
fdf4f4f0
f7eff5fc
db07dded
ee020704
15f20403
fd050305
04fcf0ec
05fef9fd
06ffee00
031205f3
f1f0f402
21f10c07
01f6f801
f40def0c
17fe1beb
e9f403ff
ffe400e3
06f2f80a
c1edf3e2
f5f60320
06ecfffd
ef090304
050f0701
04ffdf12
0fffe9fd
03180309
f4f9f7ff
15e905fc
fefd0a0f
ef1bf702
11000f00
e5f612ff
14dd0a00
0301f9f1
b6de0ce3
f5f3e30e
f4f00006
071cf400
ff1b06fd
f8e4ef15
29f4ed0b
fd07fefc
f1fdd5f2
1cea01f4
f3fe090e
0719ec23
fdf6ff01
0a010d01
07d1ee01
0a0904ec
c4e615d9
02fee4fd
f2ddf51b
f1130bf2
04291105
f4c3f50a
2eec0a05
ec09f009
e9e0d90e
0d09f513
e70e0b08
e60ae120
11fefbf5
0e00ff1b
09ddf1f2
0712f502
ecf5fce5
d905c300
fc04e20e
ee11f2fa
0ef6181b
06e0030c
4001ff0b
0418ee0a
d0ddf718
fd0df306
09f20300
2c16ee00
1e080bd8
0911fee8
24fb07f8
27221615
090ee6e9
0c19c5f9
06edd923
f203e0e1
d7f9191f
fee6f5fb
1e14f2fe
2ee8c9ee
ffdaf4fd
f91123f9
f648070b
231b09eb
2bdfff25
0f1132e4
191ff40d
2bec0d13
09fef5f8
1f03edf1
240116eb
09170dcc
f3e2060d
fd190c22
0ed5f80b
161f0e08
040f26de
e9f6f6e4
0dfe1d13
08071200
0aeede10
fe001ef6
1feaee0c
2303151e
fd081af0
011fdbea
fe12e917
ff270af2
dbf32911
07f31014
1feef42e
06ede914
f9e207e8
f00fde12
fb271027
fc1a0417
1af5ea04
f6062719
ffecf8ee
f8ebfefb
0c0d0af1
0901f802
0413030d
f90bfffc
0af901fe
f304f909
0cfdee06
fff607fc
fc0a0c02
f607fd0d
fa01f105
fcfef005
0cee0909
f90dfb04
3c251820
e320fb13
2e19e429
ece42502
1ade290e
1f11dee4
120ee8e3
e225f424
ffeaede5
22ef0c08
e3fc18ee
2ae5e7ea
2af109ee
030213e0
e6e90910
1af91902
e5f8f6f7
0f16fb22
11fd0f04
03f8190a
f3db36e9
fdf1f003
0a1eedf4
f5fef006
fbe4fde3
dcf6f31a
fd05f912
21e3070a
f9f40af0
eb1f16fa
13f8151a
e90f1fe8
e7bff10f
08e7f80a
0ae24914
21da310c
f80f132f
fa071feb
0b31ecfe
f31ed5f7
060419ed
e51e0607
ecddfc11
37ecfc1a
0001eefd
0c1206d2
16e8e915
dc14e207
07e704f5
0e06fcf9
01e0fc07
0c0a1416
c9fb0913
00030ef8
f60605f7
12f4c8ed
0bfefb11
e0fb0232
fbd8defd
0d0e040f
f91108fc
060617f0
09f30b0a
f1ecef04
fdf6fbfa
f606f10d
06eef90f
ea0b0410
bbf8f20a
0808161a
f00206e8
1a08e8e5
16f20008
cd07030d
f9f1eef0
ef020314
fc14ff09
eb150af4
06fefd01
06f5e603
0a03f7e9
fef5e803
07fb0a10
e707051b
c7efdb16
0cff0ffc
030c06cd
1014efde
07fdfd0e
dafe04f2
0ef209ec
06eb050b
0417eaeb
ea05040d
13040b02
ff03de0c
0600fdf5
f8f2060a
02f7000b
ec0dfe0f
f4b8c525
010c00ed
f9fe19e0
1303fcef
11f1f4f5
f206fa05
00ed02fe
01f305f9
f808f400
dc0dff0e
10f7fd06
0ef2ca10
010809f9
ed07030a
02f7fd0e
dd020115
18b2ba12
f40f01e9
f4e811e7
0608f8f3
100701ee
11f0ff02
e80af320
0701ffee
12faeaf7
ff060c04
07ef02f4
f80cda10
17f210fd
fcfc0c05
0b01f3ff
e4f8fc06
22b7e308
dc0a09e8
feea0ad8
fe0df0f4
0106f7f8
0808f4f4
ebf9f70e
fd0c19ee
09feeaef
ef040f18
06eb00f5
fe04d800
04ea070e
07071807
0407fef3
cd0af9fd
1cece214
d6fc0be2
feeb06e8
08f7f4f5
0812f7fb
10fcf4f3
f7e9f604
000612ef
e3f7f5e8
c704f70a
f4fdfae2
21f2ecf9
e7f5e7fd
0903040f
fd050ef9
d90408e2
241bd603
f3ff0cdc
f6f4ef09
f8f9f2ed
011101f3
0bffecf2
dceef30b
030f12eb
f1fb0cee
c2090617
040005ef
16ff0104
e007eb0a
0af9ee23
011609e3
eb0b16db
0919ccf4
0bfb21e6
fd0bd904
f1020fda
040bfef6
10faecd8
e0f1f2f6
0a0e11e8
09ff0ef4
f5190cf2
fdfefef1
0afaf408
e90b0108
1300fc1b
000dffe2
fa08fef0
f811d20b
051022fb
01feea07
f90b15f4
0e03fb0a
0e0cf4dd
e5f709ed
f50c05e4
01fd0dfb
241208fa
fffcf004
ff15f902
fd0712fd
06010415
ff0801e9
ee040402
f505da1b
f5ff0bf5
03f6f915
f709fb01
1afe12fc
fcfe00f1
fff1fa06
daf4f4f1
fd090a13
300e09f2
11f60d00
0306fc0d
fd0400fb
0c0bf208
04ff05f8
04f6feff
0802e40c
fef4ebfe
00051007
ed040c0a
0eee0ffd
f3100404
1ff5f217
ebf0fbf8
f41b06f7
0c1609f7
1efd1a11
03e3fe0a
faf105fb
fff7090f
0df406f9
fc06f4fe
0d0fee06
13ffed01
fc1305f4
fa140805
14f4fe0e
0012fb17
11fdea0b
fa040909
f3230404
060601fb
11f90b16
f9defcfa
fdec0605
140e0d04
17f8e713
e309f305
f8090502
11070004
fe1403e4
fc0cfdf6
17f20b00
f818fb10
fcf6da06
000a0afc
fd1efa08
0ff9f2f8
fe06ff01
08e40ffd
f5f3f7fc
0d0bfc07
110cee1d
ff0c010b
00ff0c10
0608ee0d
f30afbd9
f8fefaf7
0706fefe
fe0bee11
00e8e309
f1ff100e
fb1af80c
0c05f804
100108ff
fc120605
f8f3080a
0de2f707
e808e1fc
dc0cfc02
05ed06fd
090df611
12ff01e6
08fa05f6
0ce80002
faf8010f
01f2db01
020afa06
f214090a
0a060e06
fef80907
ffed0805
f6ecf104
00eef60b
d3f9e6e7
fef60411
01f8fdf9
f7fff103
0213f5f3
f8f6f2f6
fdfdee04
fe05f3fb
fc02e7f7
0e060100
ee070205
f41dfcfb
02091301
dce317f2
0400f3e9
03e8fb03
b6f100d9
f7faf90f
01fc0101
fe040008
fd0d0df8
fcf7dc0d
12fef601
ef0dfbff
ed14e102
08eaff01
f2070608
e60df2fc
0d150f08
e7e8f505
15dbe8fb
10ff11f0
b3dd11db
f71adb07
fcec0608
0d0fea06
fd0921fd
08d3e108
30f8ff1c
fae8fff4
f7f7c1fb
0ae7fdee
fc061708
e60fef0e
08fe09e4
fcec070a
07ded5f6
04f4fd01
d2070ed6
ff20daf8
03edfbf9
fb161b01
121b10f4
0bce100b
39ea0714
fdedfe06
fdd1d30d
fb17ec0c
eb201102
ee0af313
0cf3fadd
020d0903
fdfbecf0
08020000
f11fe9f4
ee0bddfa
0709f9f7
e50afae7
2905e606
f3d925fc
28fdfe0d
f1fbf808
06dfeb19
190ffbf2
10eff502
16f3fb30
28f71ada
131ffeef
032814ef
25fa12fd
0711e2ef
27f7dde9
1600050a
e912f4ee
f7dbfef4
fe101c14
0ce7ed14
f7f50304
0cff05f9
f32119e5
f919070b
12081225
1bdc0c2c
072954d8
0cfcf70a
200d1303
08010df3
fc2eeaf6
0112ea10
0409fdf4
e7fe2111
0406ee0f
14f3ea17
23fbf308
fa0c05e8
f5010dfc
101c1f24
ec1300ff
0cf8f0f0
f8002709
0ced0603
17fc1019
041615ec
1610eb05
f913eb00
f60915fd
e90a1414
0704fd07
0ffb0415
0aeaf0fe
05e50fee
0d1cfe0d
0a1c001b
f3190a12
1508ee0f
ef0d0afb
0506fdf8
07fd00ff
fdfafaff
0808fe03
0306f8fc
fbfefffe
fafcf8fe
00010006
f9f907ff
f801fa07
fdfefdfa
08fbfd07
f80602f8
01fb0404
f9fdfb05
f8fff9fe
1ef20816
e9f9f512
180e1611
fbf41005
eeec0812
1bf8e5ed
0222ece3
e1fde6ec
0212fbf7
15e5e9fd
121113df
0ef1130e
24f2ed00
f516e5fd
020aeef2
02140316
09e9220f
f21efe01
f5f211f7
1016f20f
e0fc0dfd
07efe400
ec0103e4
06eaecfc
0c0802f0
f2deeb0b
11170212
02e32d05
141406ef
02261cf9
230310ff
e0170ff7
0aaff914
0ff6f708
f4e72b07
1b0820fe
ecf20c1f
031612ec
f12c0ad8
f30ed910
1f0cea07
0519fa1a
d8d7f907
19d1091e
f70ffd05
d81f1fe0
18e8f1f2
011bc90c
fcc316fd
edeff8f2
f8f70b0f
0e0d041c
cdcc1913
f2f80011
001b0cea
0801cbfc
0eefebfe
e3f7ff17
eedbde0e
1d301433
e610f2dd
e3140ff2
08f60b08
e9fecf09
10ff0bfd
f101ec0b
0bffeb1b
0b04fef9
c7d90113
02eaf9ff
f6fdf3e5
1afff8ec
1be6f711
e3f3f903
0c03fc05
fa040d30
0512f9f8
df0dfc04
00fd02f6
04f4de04
02f5f3f3
0800ed0a
00f0f50b
fd06f418
f7dbeb1a
0e0600ec
03fefae3
1310fbf0
19defa05
e50ff5f6
f9de0501
e803ff0f
0d06ef0b
dd10011e
0dff0108
fefae902
11fffb0c
edf7fe08
f5ec0105
081cf40a
06d7dd18
1418f8fe
070116e3
070d05ef
13f5f6f1
fefb04f0
f5dede07
fcff02f1
070bef18
f00615fa
fcfeec0c
0ae9e512
0c02f1f2
e9090b1e
0aecf3f9
061bf801
1bc0cc0c
f10d0e05
fe060dde
07fd07f2
08fbf4f6
fbebf6ed
f3e8d814
01fef8f0
18f1f9fe
f30c1f0f
0b0d07f9
e604d4fd
0bddf0e6
fe0ef909
03eef8fb
070e05f7
0fc7e507
f00b0ff5
fd070dde
fd13ec05
0612f3f6
010aece5
e6f2fe10
19ff06ff
faf7eeff
de1116f2
0dfc11fc
ec13def9
10fbf712
f9181020
1102fb07
fe0bfff1
1904f20a
e708fee5
fb01fcdb
fff5f0f9
1218effe
0df6f6e0
e5e9f6fe
07050506
eb02f3f4
c80e06ff
fefdeef3
0a041009
f105080c
0d181126
fdf8f50a
f71510e7
2425d109
01fff6e6
f608eef8
f0fbf2f9
fb0ffbf2
0cf9ecd9
e5e3ecfc
fb0e08fe
f907f2f2
d91a0902
0304f3f7
10fc0e09
e60b080b
f308081b
080af8f8
f8111910
061ed904
09090cdc
0315e502
f4fbf4ee
f50bfaf7
0de8ead1
e1f7faf2
080609f4
0bfb01fe
091d01f8
0d0bfcef
fe0a0507
f0130004
00030c27
050ffc00
fb10020d
f505edfe
f1001404
0a0de703
f50908fb
0a080d0b
01f5eadc
f4f0fef4
fcee0608
0306f7ff
1f1700fa
080401ee
f70cf008
f2fe0403
0e060520
0309f4f8
070f09f5
e7030707
f4f61601
f210f505
ef14f612
15010b00
080a02fa
fc01ff02
f6fffb04
eb020108
160003de
0ceb1d02
02120401
0409fcff
0102ff13
0dfcfcf3
f910f9fc
ff0af508
f9eff00a
ed05ff07
f813f809
20000111
fe0700fd
08faf920
f3f7fd06
de14feee
17fe0ff9
0bfd120b
fef101f6
f5f9fa02
fcdcf416
02fa08fb
ff15fae8
fc1afa06
fefff507
ef0402fb
fdff0c0b
0c03040a
f611f516
0f06eb14
0107070d
ee0efd01
1500ed03
09fa1005
fbfcf1f3
edecfefa
08f9000e
0f02080a
030ce4fb
f9150bff
f1fae310
ed1902e3
fafa0ef6
0cf8fd07
f315ef0f
0b08f215
04dc0f01
e714f7fe
1511fa0c
fd03070b
03010704
eae1f6fa
04f40005
0b00060b
fe0cfd01
fe0f1213
f106f711
f00e1ee0
fdf1fdfd
0c0cfb0e
ec0df00e
06f3f404
06eb0e01
ed12effd
fa0505ef
12eb0806
03ff0d06
ede4ff10
ffd5f8fb
e2f1f2f4
f208f704
1e031309
f800f110
0b080ae3
fbf804f8
faff080a
0100010f
08fed506
0c04fd00
f80cf900
f30d050e
09f80af3
fcfb08fd
fae3f00d
f6ecf9fd
c9c3ffe6
f9100400
030c060a
f5030511
030b12ea
0bf4ff00
0c010320
fc02fbfd
f905e8f8
000a09ff
f41dfc16
f303f3ee
040901f5
e710f3fa
fd01eaf9
0ee7ff04
c2daface
f81b0205
ef03f805
f7feff05
fe0726e3
04e5def9
2600fb1e
f71105fd
ed05ddf2
06f6fd09
0912f606
f00e01f1
041506fc
fee10418
fafdd8e8
01fb0c07
cce60bd5
051be20c
edf916ff
0f07f903
f9051bef
fcd9e4fe
24eb0431
f7db0afb
eff3da06
fceef412
f5110405
d20af7f9
15f80ddf
0bfa070c
03fbd9f2
f9d80819
df0affde
0b12d704
f3f6f906
0d080a00
0c1513d8
0add12f1
33e10a1b
00c706fc
ecd7e6f7
f9fef925
f62af70d
d4ef0411
fef801ca
050a11fe
02eef8f3
fee80706
ea2c0de9
fa1dc605
05feecfe
ea080cd9
0307e0fe
01ad30f9
1d00e407
f6e6ef2e
27f2ec13
fb0f13f2
fb0c0a21
f5f5152a
0be908be
161cddf3
07fffae7
0ef80d01
f72806ed
1620d3e8
d80afc04
e10eeee1
04d7f0f6
fee9240e
1be8e72a
e9fcd824
32ffeeff
030c0ce1
ee0b1dfe
d7001d35
11ec0ce4
0d21efe6
00f80ffc
1c050e08
04071bef
0f1a09f5
eb0de525
fc11f0f5
e907181c
ff10f424
1cf8ec16
0d11fc04
fbef08f7
f80e13fb
f7110417
101402f7
0ff8ef15
fc092115
ef07fbf7
03ecef0c
1c1719ee
1eee0c0c
edfd0b0a
ee0bf6fa
0f120206
ec1811fb
f5faf706
f2fdff05
17f70809
fd0dea0a
f108f9fb
f8130516
0def0f11
e7120af5
eeeff8fe
feec060c
0a0e14ea
160b05f7
f406fb12
e915f5ec
fdf90606
f9fafd03
06fae918
f6fd0904
fff30a06
ff14f70d
f90be912
fdfeed11
00f10d10
f21f02ff
16e60409
110b0912
fdeb10ff
0d000af8
0afa120b
0b120b04
f60903f8
0301f518
0efeeae3
fe1b0e04
eefb03ee
05000309
0414fc19
f8fe0fdd
02e3ef04
ec000107
22ee290f
0c240d04
dee7f3dd
001bddf0
e5f4f90b
2512effc
daee05f8
0ae4fc0b
28fceeef
0213f52f
0dfc01ce
eff913ff
0e141f0f
181513f1
1cfaf0f2
effc03fe
2ab00f08
040508f4
e4e51500
060c0c0b
fced1429
1b1307f1
d61810d7
13f1d819
220eee10
02030007
f1ed09fe
f1ef1816
f50af009
ce1633f3
0af2eff1
fc12d017
14e72219
f9f3fbeb
e4dce7ff
1e16f220
f2db320e
08fbed18
f80cf9f4
0ceadd0d
1bedf002
ecd8f805
f1e0f0f7
10f90e23
ec12f4e1
ef151e08
0c1206f7
0403dc19
fbfa1bf4
06f0e004
00020904
25fef9f4
f2d91914
00ede6f8
05f5f905
09fdf909
03efeb02
f9e5faf7
0913e211
fb1c1511
18faee02
ec0e0913
07010cef
0cf9f7f3
13f7f7e1
fe0b020b
04e2ea05
0c16f6dd
0cf00428
07ffeded
0ff1f7ed
0603fefd
0bf2f507
00f705fe
f805fc0d
edfd080f
14f8eaf7
ebfdfe1a
fdfc11fc
09f2f00f
08fcdbe8
ef0a0216
09f8ff00
1b1efef0
fade1b1c
fe0cfffe
0e0718e0
0617faf6
08020002
f9fe05e7
fbe9e806
f504fc0f
ee04eaf9
d3fb12f9
fd050b15
0af5eb06
f8e8e8e5
e7fcf511
0002ffed
172306f2
04f3f404
f607f801
110d18fd
050bf4e8
09080602
f501f6e5
f2ede112
ecfbfd12
0004ee01
f90400f1
fd000d0d
0f0ee412
0001d3f5
f0ff000d
010802fa
1610faf7
1006e212
e7fa0401
140404f4
05eefb01
ff0bee06
feebfacf
fdf20106
ff021113
0000ebfe
e20e06fe
ff0501fc
fb1aee06
0afaf40b
f9070911
030101fd
1407f1f1
1709f413
f0fff5f8
13faf6e6
07f4e4fd
f71df4f3
07f5f7d1
f3ec0100
06000816
0901f0f6
e716fff3
fffaff06
fb0b1cff
08020905
f1111110
0cf3eb0f
03120608
140aeeff
04f50af5
0913f5ec
f6f6f209
fd14fb03
050001da
f9e701fe
fcfe0209
f90ae9ee
ee010bff
f4070403
080118f0
fc0621fc
f8070f13
fd0ae906
0117020a
0a0ef0ff
03fd03e1
0f0cf8f1
fcfefd0c
f40cfffc
02fef0e4
00e4fffc
fcfcf600
f901f8f9
000e0d03
fb001bf3
0b0e08f3
f40811fb
03061313
08f2e609
06140202
f50b000a
f7f10dfe
0a11f8f6
fc040602
07170814
00f7f4ea
03e9f6f6
f7f5eafd
f212f5f8
170108ef
ef050504
0801f9f4
f90007f5
fbf80f16
02fcf705
0416f8f8
f2060516
fbf703f7
f40cf3f4
fa07ff06
1b070c08
fe1000f4
f7f20308
0d06f9f8
e705f4fc
17060ef2
f3f60bf8
090c0cfc
eef6fb00
fce9ff0f
0af8f0f8
021cfb0e
0017090d
fa00fd02
f305f8ea
01f5ff0f
27fb0a0a
fe0cf4f5
fb0ef112
0ff4fe00
ea02ebf6
17080bfc
fc0414f2
f8f5f6ff
ece8f309
04f0f615
02eb1003
fb1008f9
f20611ff
f9feeffd
ff02f4dd
f103fe04
0df6f80f
fa02fe06
0a10ff07
11d9ff0b
e6ff09fe
0f1006f7
06f6150c
f2f11805
f5ed07fe
fceff709
0c00fe06
f819ecf5
f321fff7
f2fdf615
ef0a09f0
07f60ef5
0bfd0317
f90ef3f7
03fffc07
0fd80300
f212f4f1
0a080809
f40a06ff
00edfffd
f1cffef9
fff8ed05
04f313f7
0614ee02
f7151808
f20b020f
000704f1
0bf20a0a
0dfbf617
f308f408
fdedf309
04feff12
e520f102
fdec0f00
fdea12fb
0c170ef8
efd3fffc
05e6fc0c
ced403f9
fa0bfd0f
0d10100f
f20e1103
f51007e0
04ed000b
00faf91a
030405fd
f9e6e8fd
07fffd0d
fa11fa04
f3ef08fd
fafb0202
ff140d06
efeceff3
01d5ed00
ceda02f5
fe1603f8
00100d0f
eb020414
00fb0fc4
02e2f2f5
0b06012f
f906f7f6
f3f5f0f8
091fe915
f40cf6f5
ea0c12e7
01070a0c
ee18fafa
ecf5ede7
0dd603f9
d1fc10cb
05090802
e80a0bf7
0df9f80b
170006df
01e7e7e7
03f6f32d
f5f301fc
eafeed02
fc15e714
0408feec
f60a13df
040811f6
01021001
fedcf7ee
f1d20c00
dbe503d5
f6feff14
ec100b12
0a0c0615
f5f70de2
06e7f9e9
20f6141e
07f104fa
fcf5f1fd
e81502fd
faf9ec03
f7010cfa
140801eb
09fb001d
03e9eff8
f7ce0828
e11bf3e6
f919d00f
1dfee80f
00feeb02
fd051ad9
18df13e9
1decf718
05cfe4fd
eeefe8f9
e5080109
08200fff
de031105
f00dfeb8
fd0b2f18
fdfdf2fd
fbd5e725
e91f07e8
061accff
f80101e9
050ed7f4
14edfcf7
0ae13c0e
f2f5e809
e3f3d038
3906f41f
ea1114e4
0bfc1af6
e9fa3813
01ed13e4
fc1def12
02fcebf2
1e0d0c07
f602f9f3
f402d9f5
e9071002
e819f301
00f0f0ec
f7e61f23
01feef0b
ef02d609
22faef08
f30df8f1
f5fa1cfe
ff122420
1aff13f7
ea0613f0
0aef0dff
14040d1e
05f50e02
fc0a0509
f710ec05
ed08fa07
e6090811
fe06f613
09fbf50a
fd14f200
14e2f3fe
0005130f
ed15fd01
1a101804
220a0bfd
f5001eec
00f8020a
0807fd06
fefe0502
02fffe04
f6fd030a
fdfaf804
fffe00fc
03fa0006
01080205
0302f907
fc0501f9
06050503
080003f9
f901f8ff
0600fafc
fdfcfc00
f7eb00fd
09e7ff0e
fc110cf4
1a0a06f8
f90df817
e613ecf2
f9fa0516
f804f102
0df6f30a
fcfefe04
fbff0e06
f112f808
f309f40e
f709fc0c
02f40a17
e81603fd
0d00fe01
0afffa0f
fc020b04
14f1fcfc
00020a04
121311fd
fb0df707
f610031b
0c0401f9
05150c05
ef000904
0c09f50b
f2fb070d
ffed06f0
f7f3f218
fe06fcff
1ef11216
0c01fffc
f7edf9f3
fa0af601
0efdf506
2908f60c
f708fa06
0afc000c
1df8f7f1
05190a09
f8f40bde
f505120e
050c0b19
ff0d0cea
f7ffedfa
0cf50c0b
24ddf707
fafff6f6
03fcf70a
f8120eff
f0ee212c
091a1e02
e01efbf0
0c10f91a
24030808
01fe06f7
07f100f9
fff20c20
ea0eeb17
e6f01606
f8ffe7dc
f00be701
15f2140e
05e303f9
f1d4da04
20fcf403
12e91713
0600fa08
fd0dfdea
0ffe0219
2311011c
e7ee02fc
f1e1f2ef
dadb091c
e718ff19
f40129fd
fdfe19ee
f404ca12
18ea06f9
12ed03fe
f7daf9f5
23e6fe00
05d61a22
0914e8eb
06f708f1
f503f907
0801e40e
0beb0cf1
ed0ae9f3
e6fb0f11
f0feea0b
09f904fd
04ed1700
09fefe07
14f80ef2
03f201f2
fef40707
0ef7f5f6
0ada0c2f
1318efde
08fe0ff5
0202f810
0beaf6fa
0cea0df6
f20cede7
f0fb2109
15fcef0b
05ff0a02
f701fcfe
f8de020f
0efceee5
fb0108f7
0aff0cfe
04fffcf3
ffe91a16
ff19fafb
030f1be8
f709f304
05f6fe06
02fe0de3
f6f1f9f3
03f91609
fffef50f
fbf91409
0308fef7
00f71500
0ffbeafa
feeaf206
000a05ee
0d0f0601
08000a19
f819f5f4
190710ed
08f5fefb
0300fe0e
fff3f8d1
f8fbedfc
effe0b19
0f00e90b
f1030900
f50406f8
f7050b09
1108f0ff
030d0c10
f807faed
0707fa00
06fe011b
060311f1
0e1106ea
02f1f6ee
0f02e70b
f6fbfbd0
e8f0f4f4
fe030d19
1010eff9
f2100dfd
fcfffdf8
02090612
1d0bfc11
f90d0e03
0d0b03fe
170afbfc
07f6fe06
fff71002
09060df5
0af601fb
fa1302fb
000008d7
f3f014ed
e6010d13
1213f3f6
e40606f6
0001f1f7
01f7f8fa
12fd090f
f80d0c09
15e9e707
10050705
12020109
f8fc0c03
0711fee7
0e0af4ff
f60b0604
f307ffec
fefa08f1
f6eb0613
0ff6f0fc
ec050e07
010a0107
f70406fd
090c1004
f30b0d08
060de005
fa1104fa
09fa0804
04fcf502
f91c03e8
f5fe0603
040e0a03
f0fff2fe
02f2fdea
03f00405
feeff5e7
f60f0c09
fc070af2
ff0408ff
fafd0e0b
0c03060c
05f2e407
f403fcf6
06fff212
f7fa090f
090ff8ee
f8fa0606
0b0e0408
f90400fc
09fa05f6
fd0ff508
fde8ebf7
010906f8
f5050a0b
08f604ff
e9080b0e
f2e70517
14fff50b
0319f9fd
fd02f811
02fefaff
0d09ddf8
f6f90508
1304fb10
f8fdfa08
0d000309
0806f009
f4e3e6fa
0c03fef9
fa0b0203
030b00f6
e7e707ff
f9e10313
1001f4ff
fd092215
f5fff812
faf7edfc
020af9e5
fcfef6ff
17070014
0f0dfef7
0201fd0d
11e8f5fd
04dfec02
010b13f0
fb091601
fcf613f9
f4ee0a0f
0becf61c
f4fafaf7
f3100cfa
e00909fe
f5fbf4f5
0402fce1
fa00f502
0719070e
000dfb04
0df4050d
19f4fbfc
f2eafcfd
0d0303f5
fd050cfb
00001105
00ed00fe
ebd6e709
e8e5faf3
f80ce9fa
e10e0c03
f2fd0402
1b05faf4
f8060005
01fcfc16
fe06f9f4
07f30818
16dc0602
eef4f7f6
060816f8
ee111008
03030b07
f7e102f8
fec8f409
e0e007e0
f103f502
e7130f10
f40805fa
0704f5ea
04e2f811
03f6f11c
f80000ef
05f6fb13
0efefe08
ff0eee0a
04ff04fd
fbfe0a00
141b2402
f8dffff2
07d7010a
d1c3fed5
e6030a13
fe2103fc
f9050f0c
0ffb06f2
05e3fc03
fb10060c
f109faec
03f0f0f6
fc0cf6f7
fb05ea06
040afaf7
07120919
fdf00001
fae8edf5
0dd0ff07
d3e512d8
f911f0f5
fa12fafb
f812f506
100108e6
03d9e9fd
02eeee18
f7f1fe06
fa00f8f4
f227ef19
eefdfe09
0105f8ea
07f6090b
f6080100
ecfcdce6
05d012ee
e30330ca
fefd120c
f11bf200
fc0af11d
fdf811fa
00e7f2e1
00f9051e
0802f8fc
f307f0fa
f91ff704
efec060e
fd09ecde
15f600ff
fc1306f8
efdae5fa
f2da0f11
f6fe00ea
ebeb0a06
f3070013
06040210
0916f8e6
faf0f6f7
09ec090c
fcfdf504
fb0cf7e4
ec13fe13
ffecf502
fb1405fb
0c09e1dc
ff03132f
f7ebe504
f1d3fc25
021ffeee
f014fb0c
360cfcf4
0efceef5
1f0b09e8
15d324eb
11f1fb29
e6e1db0c
ff01e3f3
f11f03ff
060a13f6
ff0312f1
ed0bf2c2
ed140c35
eefbecf8
f6e3ed18
fe1705ea
f313dcf7
0f1d02dd
0619e505
11e6fdea
25e64406
04f1e71d
e6fdce30
1efdec02
e602fbf2
f5fe1f01
08e12b1c
f500fbe4
f202141c
f5e5fcf9
10fbfc05
fe0602f0
e40cf5e6
001eff07
0f09f2ea
14f3f0f5
06f016ff
0df1ea14
f2f0ee13
1c01e804
fffd01fa
10fc04fd
0bfb0809
02ef1a09
eefa1e0d
f002f7ed
f208fa00
0d07e6f6
feec1017
f51a0df1
e8e90114
170fed0d
f8180fe8
f01515f3
eaff08f1
0f0a0a11
0a12f208
fdfaf3ea
fef70402
f91b270c
df0a10df
f8fa0604
fc02faff
fd03fefb
00f707fe
f9f70100
05eff7fe
f606f8f7
fdfcf601
f50afe04
03fd0102
ff0900f8
0a040cff
fff9fffd
0005fcf6
020b0200
0101f6fe
0606fcfb
04f8f9f9
0308fa02
f9feff03
fc000503
fd08fe07
ff0703fd
00fc00fa
fc0204fd
f8ff03fe
05ff0500
04080204
04fc04fe
01fd0301
fb000304
fdf8f808
fcf9f808
fbfafd05
fd06fcfe
04f9fe05
fb000201
fa0803ff
fb0602ff
f9fdfc07
fc080507
06f9fdfa
06fdfc01
0605fffb
050304fe
f9020407
05f80200
07fcfafd
e3d4d7d5
e20a1220
1fcfed31
1d0921d8
d9cc3901
092b2f2e
d62227dc
f636e12e
30091dfb
d11f1405
d5d400ea
ec2ad232
ca26d82d
ceef0ad1
1f15d438
081fe929
f5dcedf9
ea120020
eadef513
0efd040a
cfed19f8
f5312517
ec1efee6
0e11081f
25131e13
dc33fef9
f3dbf603
08f3d221
dd0f0525
d9ed13ee
f611f2fa
e0f91900
e811f0f1
13fcf2f6
f9cbc909
1ee4d3f8
f7e111ea
eaf20b0a
1718f5dc
0a151d19
07141e08
e012f6ec
e7cef2f0
f3e00911
e9030b21
e9fd3024
071e08ff
f3f0f5f2
fe01e3fe
14e4f4f2
07eef10a
1eebee0f
f8b51203
fffff6f9
1b1a01dc
fe140512
12041211
dffaf4e9
04e7ddf9
03fb1729
ec000614
f8f6f913
0907f2f7
07f810ed
f803e2e8
24f4f2f6
f2f604fc
f4e1f9fa
05d41404
e803dbf1
280c00fd
ef0d100e
fbeb0808
f3efeffb
0301e80e
08fe1616
f7fe0201
01050706
ff0510ff
f1ea2c0c
0ffae1df
25f0fae7
fde90919
07f61509
04de03fe
fd15f3f8
2017fff3
ff04ff03
f7e90d05
021812ed
f82402e7
efeb1917
faf10502
f3000502
f1ffec00
efe62308
ff1202f1
fde9f9fb
0a0cfbfe
fc061602
05f30313
020afa02
15110eec
00f4fbf2
01fc140e
0200f7ce
0421fcf8
0113101d
0cfaee04
ef01effe
010ef2f1
f5fd090d
0408f7f4
04f8fe02
fa01f4f9
07f40f06
14fe0b16
ec031101
131bfff8
04f6fef2
01f8f410
ff0e05de
f607faff
ff040608
0ef5eaf9
ea0801fa
07fdf6ee
f30d16fe
0804f202
030a1309
f90303fa
09f80807
07f31e0a
fd081211
0b140207
06fa0c0b
fc040501
f105fce8
fc0c0503
f505ff1f
0e02f309
e410fbfa
091cf803
f5f00ef5
0cf40319
02f30c0d
0c01f50a
14fd1bf8
05f40bfe
05021610
041af7f3
01040210
01f6f906
fb08fb01
fbfb0fec
e7fffb11
0a01fe08
ce15fdf8
01ff01fa
f7120dfe
16f9fb12
09f00917
ff02e606
fefc0001
1c0e000a
fefa1001
f80bfcfe
05fa0207
fe0af40f
03ff04fc
0b0208e8
fbfcf00d
1ffdf3f6
ee0cf808
0b0b01f6
e90f07f3
0aef0517
01d7fc0c
04f3e8ff
f811f3fb
19fffc03
00f70900
1104f5e5
f8f80008
fd0dfc14
02090f01
0aff0bf3
0c09fa0b
0dd9e5f9
f2effdfe
ea0cfcf7
f80a0bf6
fe020700
f4ee0012
0eeaf6f6
fb0bfe07
040af307
f9fdf9f2
1508f5f9
f9fcfe02
03150309
f206ff09
1900080c
02f1f302
0adeebfd
e9f20000
fcff07f7
f10209fc
f1e80808
01e9f914
0a02fa00
f807091a
f805fa06
fd0300f6
130ae8f3
f704f0f3
17070c0a
070509fb
0cf30715
12e7ff0b
05d0e701
fcee12fb
f803fffa
ff1208f8
edf602fe
fcd10507
e0efedf2
f30fff08
f5100cf4
f4fefefe
240decee
fd090bf7
0f0b0c1c
02060bf1
18e5f418
18eefd08
f3d3eaf6
f8f81102
ee0dff04
062c0200
0bca0802
efcb0017
caf2f5e0
edfff1f6
e90a0106
ff04fef7
1b01d9e2
f0f7fafc
0c14071d
fbee10e9
17fdf40f
18e90403
fdcdf105
fbfdfefd
f7030708
082b0cfc
f5b7fc08
efb01203
ceea00ce
ff10ff02
f307e605
15040208
ff01faf1
01de05fc
08fb0417
ff1204ee
04eaf904
0af7ebfd
e7ecfb0a
0bf8f9fb
fd09e605
171209ee
efbef102
efc61109
d8e811cf
070bfdfb
ff14e2e3
03f8f10f
09f9f90d
0cd90801
05ed0704
f706f9fe
04f9f206
0dfaf2fb
e4f50708
10f7f60d
fd040afa
0fec05e5
f5f1e30c
efd20307
dff2fcda
e915eb00
fd1012df
fcfae216
0dfd08ff
09e503f7
09de0a1a
00f6fbf7
0d02eaf2
001e0411
e3f7f4fe
03f1f908
fbf90e07
ef1dfcfe
f5e6e409
f7ed0623
e3f721db
d510ee12
f522ffe7
ee00e31b
e9070b03
02d5faee
fbf417fc
04f1e1fb
110d04fd
e118110d
e0fd0302
06faf901
f80302f9
11fd01f6
13f3e90a
01f20d1c
f4fd00e3
ea18e8e5
f91c0509
fcf8de0f
f812f7f7
26d50fe8
0ae80324
fbf1e6f9
010502f6
fa11f204
ecff02f3
ffef0cec
ef09f8eb
13041516
02f7f60c
ecd30428
04070df6
e613f9ea
210f01db
090fe416
150bf8ee
12e02bfd
05f11016
e9f8d712
171303f5
ea1a09e9
fced1409
02f213f0
e60de4ea
ee03f437
faf4e9fb
ebd4f01b
16fc0f0b
000e16ee
11fcfede
15170ce9
1cfcf303
290c1d2e
0bd9f31b
e3edeb23
0a03e813
fef503f0
fdf92304
0ce11de5
feeceffc
fbea2c06
ffe2f5ff
f8fefc10
fcf90003
f4fb01ea
0b150bfb
ff070003
0e09f706
fffc0b1d
14f3fd03
f9f5ea07
12fafe05
fb0bfaf7
13fb08f8
09fe0ffe
10fc0118
eafd0bf9
f1fdeedf
0418f9fe
fafffafd
01e00c13
f2141ceb
e3f5fb15
080ef807
ee08100b
fc0d02f3
e10901f5
04f8160f
0807e806
f2fbf1f3
000306fa
030a1d11
eb0d07e4
fd02f8ff
08040005
01fffcff
fdfcfc05
00fe02fd
05fbf9fa
0607feff
0503fafb
07fffafe
fdf9fbf9
0400f8fc
070803fe
0403f804
fff8f904
08faf908
00f9fffa
02fffeff
0207fb03
fffbfcff
06f803f8
010408fc
00f801fe
fbfaf9fc
04fdfefb
08050700
ff02fd02
00fa0308
fc0304fa
06fd0505
00f90501
0604fc02
ff040705
fcf9fe03
01070003
fffa0303
0400f9fa
02fc07fa
04fbf9ff
01fb0104
05fafa07
0100fffe
fa070406
fafd06fd
fdf9fbf9
fd030705
02fafbfd
fefdfc04
03f90108
0ade0a05
0504fdfe
18e2eb05
06f129ff
12fd1b01
0d00f60a
10f613f2
e92bec26
0eeff700
ee211bff
05ed1417
fd0d0f00
fc08f916
0ff70ae0
f3f4ff18
0d002805
edd70cfd
fe0bfa1f
f9e9eb14
2bee2b0f
dbe505ed
05071b0c
0d1ce7ec
f41cfc09
06010a13
d824ff04
f9e1f904
04e8ef1d
04ef1700
11fc22d1
f0050310
f5e72c1a
090bfc06
1adfeb14
da17fb10
36dae80e
eedb12d9
220af90e
201bf1f5
e721e717
f4fe13fb
e3fd0609
ec0efb02
28ee1507
f8f02a12
0d0cef07
f9ffec1a
11f11004
0535f50b
fcdbee09
f414ec0d
20dc2111
f5e009ea
1e0aecfd
2f27e5eb
e42ee819
e3f2fcf2
efe701fc
fb17e213
17f00c01
0bf72803
f909fcee
e9f4f810
ecf625e1
fe00e2f9
0dd4f5f6
d8fff70d
06f8010c
08e804ee
1819061b
470eef06
eb0cf107
f1ddfd15
06080f03
fd00e80c
fce42402
f9f81e0f
d6fa04f3
f1efff02
01f7fc03
eb09d6e1
03b7dcf7
defe0702
12e9e304
f7d012e1
0e19ff17
4a10f905
ee08f810
f9e30ef4
fe1b12ef
0210f3ec
07f80714
f2dc1215
d508fefe
fdf3f504
f4f10009
00fa02f1
0cc3eb01
eefafd02
0bfdf207
fdd001f1
0215e222
3c140010
fb0305f3
07df1411
040cfdef
fb22f0d7
0301fe19
fdef0af8
eff90803
01fff3fb
fdf8130d
0ceb07fb
17d1ef0a
f3fc0204
12f9eef2
fbdc09f6
fc05f112
2f0aee0a
020a09fd
14f2ff26
f905f7ff
031df7fc
f90f1117
06f2f3f6
e40009f5
14f60cfa
01f2fff6
0af9fff7
f8d7f50f
f5fdf608
10faf3f6
fbe027ec
080bd61c
3107e303
03000303
0cf6071d
f0fefb06
f622f7f2
09f60508
0af9f0fc
f0fbfcf6
0e050c13
f9fc0c09
0e070205
05d8f90a
fdf5ea09
e7ff0305
1bff0cfe
fbfef01b
15f7effb
0b09100e
0e07ef18
02f60414
f60ef4e9
f7f6f80b
14fef7f6
ddf9fcee
0d17fd10
020702fe
01fd0bfe
fed9fe0f
1302f408
f408fdfd
16f9f1f7
f3f4f802
0312faee
fffd0c06
000c0123
faff0201
fb08fbe9
fffa040e
1ae7e5f5
d6fafbf2
051101f4
fdfd1209
0001fffc
efeef70a
10f8fcfd
f9060f12
170406db
f4fa06ff
3a16f8f5
f6060805
02140216
f31501f5
050305fa
130ef4f6
15c9e6fa
f704050a
f00cfff2
f8ebf7f5
f5fceefa
f204f314
080409ed
fdfc0efe
0dff01d3
f3041406
3111ec01
fd0609ff
1d150502
f6120a11
f6f71204
050ee2f3
ffc7ee0f
fff516f1
ee0bf8ea
07fc08f3
f207f6ff
f7d90912
01f7f3ee
000b1105
10fafddc
fb0707fb
1010f0ff
f5f205e6
28fc1611
faf60cf9
00f20809
11eef1f8
ffbaf5f0
fae511eb
f80c03f0
05f702f4
04e30f03
f7f4100e
defffaea
ecff2308
02f1ecd9
e7040619
070105f1
01f5fbdb
14163814
fa100fdf
05edf017
0df50504
e9d20613
feee05fb
0519e904
0f08faef
0cc90cf8
13ee022f
e21b07d8
00fafcff
ebfef7ba
fdfbf10d
0f0bf3ff
ffed0d0b
0b04050a
eb0df7fa
15edfd10
0bfb0102
f4d81a06
fa0914dd
05fc0f11
012f0ad3
faabeaf9
f5dd001f
d00713da
f40b0ae9
f713f0d1
fe00ee07
0a0fe50c
0fc21501
0afcf917
ef0cf0fa
f9e9f903
011bf00d
d7da0102
211507f4
11020de9
032f0ad2
debefc07
ebed0908
e6fc16d9
ed0ae9f8
0f15f2bc
f9f9f905
15e7dd18
1cd4120e
0ce7f411
0a01fe08
0e08eaf2
f20bfafb
e3d90510
1ff82105
080dfae8
120b0fc0
e6edf30a
e9f302f6
f50206e9
1018e6fa
090612c0
ebe6f81a
16f3f70a
05efef0d
fff21201
08f7020c
200d0aff
e3100cf9
e4e7f4fd
02e00c10
12000afd
0efafcee
f2ce0b15
00f1f20f
f7e114d1
1113cc06
031716ee
f714ea10
0eeefefe
0aec0507
09f00e01
0206e917
10081206
e92909fa
da031022
fac70f0c
19e00b0a
20100ee9
03f8fb1f
e4fbf21c
f30116ef
f110ece3
f30812e7
1018df12
0b06e603
11df14f0
f2f60108
e9f4e21e
1511020b
f11ff6f9
e8f41e11
f0ddfbf8
f4f5040b
17190c09
eb01fc13
e5e2e929
fe111604
050cf0da
08e516ce
1112f7ff
2205e8ef
fde80ffe
f1e60e09
e4ece324
261b0600
fa2a0aeb
f0d41a1e
f4f0fcf6
d9fefe05
fd14d715
f5f2031e
13fb0425
030617f0
ee08fddb
f122f1fe
fb16f1da
0005ee0b
07fa1b0a
f9ebe119
e8eecd21
0b0509f5
091ce4e0
0fec1e0e
f9081e00
17f607e6
010b2be7
e8c61f06
1411012e
e4ea20eb
fdf61302
2d23e90e
f61cebf6
e5010a23
0201e423
ff19ede4
f700d912
fbeb1ce8
eff31cf3
060a131a
fb09fc09
2809ef1b
e21e1033
09f5fc08
09fd0f01
ed041500
11fdfe00
f406f413
f604f4fa
ff01050b
0609fb09
12f5fb0b
0603f809
13fc06f1
fa07f001
000f0906
fa12070c
11f60be6
f40404ff
0305fb01
fb0604fa
fc0302fa
000408ff
0208f904
080708ff
0303ff07
f8f904fb
03fc06fa
fc060301
03070207
fff902fc
07ff0600
fcfe0204
0604fd01
fffdf9f8
00ff08fc
fef80705
03050406
01fa08fd
03ff0204
04fc0404
feff0800
03fa01fd
fdfefafb
03f90706
fa040700
04fc08f8
00ffff04
fffefb08
00fd0700
00f9f806
05fb0703
fc010000
fef8fefe
05fe0204
04050103
fdf904f8
fb0508fd
fb06fcfb
fbf9fafc
fe07fe03
00fc03ff
f9010005
fcf80302
fd05fcfe
07fbff05
08fd05fe
fe0300f5
f302ffff
fef40b02
040a0001
f6fb0302
04080b0b
00030601
0505fefc
09020905
030af0f7
03fef7fe
ff02fd09
04fb02fc
0405ff00
ff06f600
ff090206
1226f700
33f9f7fb
ed03f7f9
fe040f09
1c01efe1
fcefebec
12f6ee12
fd0009f3
e9f10102
0afe0000
0004ff0e
07ec20ed
12f61fef
13121417
edfb1dfa
e6f713e9
0f1509ff
13e6f7e8
d21911fe
2ed51b15
f6010edd
1b14f3e8
20ffef1c
f211de1c
e5dfdade
da1c061b
fb1018fb
0def28e9
f1e82016
f71f10f1
d9d4ec24
ffe810fb
ef08e0fe
f4e4eff6
e7240309
2efb1721
dafb3be1
1717e506
20fae9fc
e0f2e712
f2dbf5e5
ca00ff08
0611fd00
05ea2621
f7e41a10
ec1b10d1
ece1f915
0d00e5f8
08ede30b
00db06fc
0406e71e
01121414
fa100bf9
0214f620
1802e600
02efed0b
1ac80828
0706f0fd
f20401fa
fee00815
f7da0d29
f1f00ccf
ef00eeed
0c04eb1b
1bffdf18
25d605f8
06050a1d
12020c29
05e721cf
1e07f611
1e07dafe
0100fd15
18d4100b
05111001
defa0ff4
2b14f900
fdd70e38
e90202e1
f5effdf3
fceef10e
1ef20909
19c1f4e6
040c0a09
0cfc0e2c
f6c720e1
141bda19
1d05e0ff
ee12e620
1eec0808
041516fd
d80601f3
161300f2
f3cc0334
f60600d3
ecd80117
fbf90802
2ceafc10
18bf06f8
0406fd04
09f00813
fbcb2aec
0710e905
350dd4f6
f214000d
0c03f70c
fb170af4
f2fe0e06
f9242102
f6c2f40d
ea0606ea
f4d61c10
f2080cf5
2dedfe01
07ef03f7
f5faf602
f9f80601
0ae42ec4
080df9fe
2504dbfc
0d05001d
03f81a0c
ec0b0c04
ef05edea
fee9130d
f4d10e04
dae3f1fe
f202040c
0afdf51d
0f0b02fb
0dd8e2fb
e802ebf3
eefcfd0a
14e312d2
0505d6fa
12f7080c
fe030f0d
e4020201
e4000003
0518f1f7
0fd50df4
03c820f1
e1e1e811
ed0617f9
01f3080e
0bf10106
05e8fb07
0f09ddf1
f807fb05
04dd20e1
081bfa0b
26f106f0
f8020617
05f30017
fa0c1cfc
f1e8ee05
2f15ed02
fadc0cf1
d7e105e0
eae92912
19dd14d3
11fbfdfe
ef0c0b0e
fe04f0ed
fff016fc
0aed1bd3
0408231d
34f4f5f9
fcfb101b
07f3120f
f6f8110c
ecf0ed22
1ffefcff
05d3f302
dfed05e3
defef8fd
fee3fdde
05140d0e
04ff0e12
e60701fa
fdfcef12
1211efe8
030c130e
fff6f50c
06e80805
16e4fd11
0dd3042f
fbf9071e
0302ce05
15ed0714
f5e20df1
e8f6f1f8
0d041002
e811fc05
1fec0d0c
e20bf60e
f905ec10
1008f6e3
fe04000b
edfe0d00
16e6081c
11f51d13
06d40a10
e8ea1117
fbf2ea02
12d6fd01
01e615db
06f411ed
fbdd170b
f6f83700
0efc09fa
ef1ffe11
0908d726
1fde05b5
eafcf1fe
f3fc09ed
10fe0d14
0ff6091b
0cf50ff5
fde40009
1f0f1df2
fef50e0d
09ea0fc5
ccf40617
10e21ded
e9e518f5
f4f00a05
0238ffff
f90fb71b
09f611b8
df02d90f
0cebf4e2
15e33bf9
08ebfa2d
19fe03f8
0feaf103
0a05f9eb
f0e11f0c
f4ea0bc5
d0f20c08
07dc02df
efdc07fc
e3edf510
dc26f7fb
ed01cf00
f5050fb9
f3fbeafa
0df4e3fc
10eb2f0e
feeefe0d
07f2fffc
0afdfe16
010500e4
dcd31ff9
12f015cc
d80322ed
08e111ce
fae3f3f8
ec02fcfa
fe1cec1b
1210e9df
e3cf30b8
f7ff0704
13fdcce7
10fe1611
150d0909
01f90ffb
0105f21c
151407f1
fcd8ecf6
f7f523d4
d31134ec
17ee13cb
09f7ef05
0cef0bf4
031c0c0e
2812e4ea
d5e114b9
0409fa05
fdeae8ed
05e70b08
04080d14
fef6fa19
1e111522
f5211dea
f1eff805
e7d314e5
f3fb06f2
04edf70c
f306f419
ebeafee1
f318f30f
1410f2fb
d5ea17c1
fafb0f01
08f7f1d8
faef20f3
00e8050b
eeefed15
2d12f32e
022d24ec
efdc01fc
f0ebfc05
ef0209f5
03f204f8
dc11ea21
e70afdfc
0905d91b
f4f02300
de041ecb
f7f9fafe
1102e1d7
f00419f6
eeed0a0b
d10df604
fde7dc22
20fafcda
f6e5f9ef
fdec12fd
0bef1a09
eeee1cf3
d2120303
070ff108
f401f905
05f21cee
fbfe21cc
f9e41217
000102dc
ed041cdb
f5003511
d3fdd6f8
f7f1fd24
0f1ef2e5
dde7f9fb
fdf00703
190d0d09
f710dffa
ea1bf7f4
000f0015
0003e7f9
f2f615eb
e3f623e5
eff01b17
0c07f2dd
f1fd31e1
1707151d
e2f5dbf8
e2ede012
1c1fe8fd
e3ed04e9
eaf91203
190a11ea
faf018d2
01fbf911
fffcfd28
edf50b00
1010eef9
efeafa0b
1f0fff03
fe090225
06e4f403
03f90309
f4f7ed13
1cff0002
edf91902
04080806
e601f70c
02f60ceb
fcf8e602
0dfbff12
06090c00
f6fa05fe
fcfcf701
fb07f10c
f006f1f4
fd01110e
01f4fa08
ff04fe0e
0efbf40a
20f90cfd
f2f8fef4
0e100bff
0400100a
04fa04e0
f8fffe04
fcfffff9
f8f9fc02
fdf9fb05
f908fafc
f8000700
fffcfa01
fbfe0602
070502fe
03fe0000
fd0606fd
06fa05fe
f9fdfa00
f90604fb
fe0208ff
fe06ff07
ffff03fa
0201fb05
f8050603
0607fff8
03fffa00
f800fe04
fefff8fe
07000201
fefb08f9
04f807fb
07020300
fefb01ff
06f9f8fd
fefffe01
050807fa
0308fe01
0501fffc
0403f8fc
fdf90807
070400ff
0505fbfe
fa02f900
fdff07f9
07fafffa
fafafc03
fbfd0000
fbfe07fa
fe00fa07
000602f9
f9fb0105
fefdfafc
f806fe03
02fcfdff
0306fefe
fe050303
000705f8
02ff0306
fa02fb06
f8030503
fe0104fc
ff0705fe
fdfe0708
06fa06ff
fc05fff9
fef8fc00
f800fe03
080308f9
02050802
0106f807
04fdfb0a
0304fd07
01080af7
00fff9f4
fceaff02
0903fff6
0afbf806
060201fa
f803fc05
0601f800
fdfdfb06
f907080a
0002fefe
fefefd03
f1f9fff9
0b02fafe
e4e2ebe3
e5f4fae6
0d2dff01
d41a1301
db15fb1c
e4eb1207
fcfdfd0d
07eaf301
f10c06ff
cff6e5f1
ffd0f303
000725fe
d900ddfe
fb170716
161fefd8
fe2dffd2
d1eed4e7
dfdadb13
f042fcfe
0539fe0e
d8321c0d
f4e7e5ff
02cedd11
fed103e1
f8f704de
cbf8d1ef
29f4d607
fde91425
f2e8e802
e811f21b
f324eedc
0e16c8d9
e3f2e6e5
edd7e815
fd330003
1a1b0502
f920270e
07fdeefc
17d6eb28
fbe6efe4
f7eb07e4
dafaecf7
16f4dbfc
0ddb0b0e
fbdcf4fc
f111f606
dffd02ef
0402e4f6
0a0ffd19
2ee3eddd
081903ef
09fcee02
0bf90ae1
2bfefdf5
16e0e50f
010010f5
eeeef4f9
14d91008
f3001405
10f3f3f6
14ec200d
f20314f4
d7e60208
00faf906
0805fa16
07edf5e7
1115f7f5
fef71617
fbd016cf
200b08f2
2ee7e5fa
03090c0d
f5f50707
12e30d07
040efb0b
fee505ea
28f21ef8
f8f3f9f8
e2e61f06
09f2fc10
1d0efb17
04edff13
ff23f00c
fc111a16
decc1fd3
2914f2e8
26f8eb07
fcfa160f
f0e0fceb
15dc060b
f900e703
f3e70afa
2be929fa
fc05f105
f8e63702
f7f8f2fc
0dfcf320
0cefff13
120de71f
09200ef2
e0d545e3
1c2be5da
0ffbe4ef
f101fd13
16eafd09
06fb030e
f6e7e109
f9def810
f5f6170f
e2efdfe7
eefc2a10
ecf9d9e9
f5fbf000
14e8ec0b
180e0014
00110aef
eae024e9
ff10d608
07f7e8e5
fdfd16fc
11090410
f105f7f5
f9f6de11
1f0ae1fd
eced0612
ead0e3fe
0efd0cf7
fb0cf3e1
ec20001b
f0fbe30b
0829f1f2
fb04f912
f0d317a6
0403e30e
3bf5f9f7
0901250d
fc08ef0d
06f805f0
fcfaedf8
19ddfbfb
11ea2002
01d30bf5
bced02ec
0ae500d1
121dfd20
07fefb02
0417e109
f809f3f8
06d92bb9
1516010e
020cfdeb
010d0911
18f4f00c
10ef08f1
eaeffafd
31c9fbf2
0dea0df7
00f115e2
d3e91af7
12e316dd
1b1af01c
20c9e8f4
bf1d0611
0818d7ef
ebd421dd
181bf5f1
0dd8db0c
0cee0e2b
13e10401
14d7ff1d
03061221
1ef6d803
0fea3507
efe7fdd0
c5e02be8
14de0cfe
1312f7f2
16e3dfd9
ba1d1f12
2f13f20e
ebe21303
0f0fddf3
17e1f01d
03081936
fcdd1408
05d10121
06f6fa1e
0afced12
0df42103
00f6fad3
fae419f2
fae01ae5
f609101c
faf3c8ce
e01f0ffa
2b0af901
f6d739fc
0b08e3fa
110fd8f2
f00d191b
02e50910
f4f9fc1f
0deff91a
1a1c0804
14ec2604
fcf301e9
12ec1610
13ef10cd
e62b0b0d
fcf3dbeb
e23ff8ec
0812d8e7
e6e730c0
050aeb1c
27f6dadf
0e0c1d0b
11e50518
12e712e7
021cf50e
1a05f400
f8f52514
f3eff8df
d6fa0b07
28eefdca
ec121c22
fee6edfe
ef23e50e
f01af7e0
dcda25c3
0b1fe6f0
3cf2dcdf
13050f19
11f2f8ff
1bcf08ee
f414df00
1d11fa07
f5ff131b
04de0bce
d3f823ff
44eb13cd
eefc0d17
fdf7fcf8
0310f618
0b1110ed
e7b223e2
011ae2dd
3709d9f0
08080b28
06ede5f8
0fe30e02
f901f316
3112ecf4
04fd160e
08f711d5
d9db30f8
4cf522d3
f0000432
e9f3fdeb
ff1efc11
1c1ff1cd
ebb71fd6
0516e0e8
3902cfef
13fb1a11
0ed8f20a
1dd30024
0f05fd1a
1e0d00f0
0304230c
fef01ae0
c9dd22ee
39fa10dc
f90eee26
dee8d70c
000cfc02
051a03e3
f3d007d6
0f13f1ee
15f6dc11
1ee915ee
1cd3fd09
14e6f220
2b11e011
fc1423f9
fce31210
f0f4e5f6
d4f412f5
21fc05de
0a10f513
ddf7f000
0dfee617
ee061408
00e624e1
060cf3f1
1803d7f1
1def2aef
0beeeefe
04fc031e
10fcee02
230a08f6
05e71604
00f9f2f6
d6ef2af1
16e42cd6
0b00ea1e
d9d00a05
0a0bef18
0422fde5
f7da1cde
2114f7f8
07f8ddf1
2ef314e9
1bfcfe0d
0cf3f927
1d18bdf5
160d2113
f5011401
daee0ce9
d3e80fe0
15f507f1
1a00051b
f1f20411
ee081004
0712eff4
f0eb08ef
1917ede4
03f2e5fb
1af8020f
14f9f417
14e4010b
221af1fc
10031d05
0cea111c
f2fdfef9
e0ef0209
00f8ed10
081a0c0e
08fbf803
fcee0301
06000b08
0f07fe05
0a02fcf2
02fff700
fd170608
fbfb01fd
11fd0a0c
02fe0003
00f6fbf6
0e080ffa
01fd08f8
faf7fd15
f5041700
f9070401
08f8fafe
f8fefbfa
f9060708
fb03fc00
faff04fb
03fbf904
fffdfe08
03fdf8f9
03040301
0003f903
05fe0400
fbfcfbf9
08f801ff
01fffdff
0308f8f8
06ff0002
04070700
fefefc08
05050803
fef80608
f9fe02ff
fefd0403
0700fc00
f9fc04fc
04fd02fc
0105faf9
04fcfe04
06fa0100
010701ff
06fe04fc
fa01f9fa
02f908fc
03070401
f9050601
0707f802
00f903fc
07faf904
f8fefb06
01f808ff
07040207
fbfa0700
fe06fe02
07fe06fe
04fa02fe
f8fdfffd
fb020803
00070607
05fffa06
fffd00fe
f80704f8
fb06f906
f9f80508
f904ffff
fefe00fd
02f8f9fd
04ff05fc
0308fa03
06fd0801
0108f9fd
050502fe
00fa00fd
05030207
fe02fd07
fb0103fd
02fd00fe
040107fb
fc07f9fd
04fa07fb
0408fa02
05fa0503
f905fe05
fdfdfe02
03fffa04
01fdf900
070506fd
03ff02ff
fdfe03fc
ff070801
060203ff
fb0608fa
02ff01fc
fc00ff04
04000707
fbfe0307
ff07f903
00fe0704
f8fefa07
0707fe00
faf907f8
04fb0808
00fb01fd
00f8f8fd
fd010005
fbf90700
05fafbfd
10161611
0a1104ef
05f0f8fa
fbf3081b
25060001
f5edfbe5
ff07fefa
ee1cfc0d
dffdf7f1
1efe150a
06fc1406
1af4f5e4
1e051df8
1a0b1706
fbe9fe0e
e9f91ef5
27092812
1d1908e7
12e7d900
eaf02229
230b110c
ebe8e6e3
150dede8
ef1af21a
dafeedf0
250e1af6
f0f019f6
14ebf1e6
170c1aed
1e1a1d05
00ef0617
dde821e9
0715090e
09f6f5e9
0405fdf9
fff1fe05
1110190c
00f9fc0d
1302f1ee
fe09fd02
03eeeffb
19fffe0c
05f6f0ef
1f03fdf2
01fc1bfe
270b270a
e3f4fa0d
08003200
f60ff312
fcf0ebfa
fa0d0c05
0ef4f7f4
feff0ef9
0d07f706
11fbfcfb
0efa11fa
0aecfafe
08f2f515
0408ef01
0f0a0c01
02ef1a06
03fd0606
df02f406
0d0a17f6
fa11f90a
fff0f004
fc150106
0cfae700
fcf517fe
1405fd0a
09fdf201
fff307f0
0bf507f8
0af2001b
0407f2f7
110204f7
faf00a01
14f90dff
da090405
12fd17fd
040223fd
040b03ee
0beefbf1
f1e0f416
1afdf7fd
0bfe00fa
0b01fe01
f8140a14
f000edf1
1bfb0efb
feeffb13
21f5fcde
0cf808f6
2af31002
e6fb0a0a
f9f91c04
07361c07
0ef7e5ec
13160e00
03e2d523
fee12adb
18fcfb0a
24f9f20c
020610fb
e0eaf40b
11fb0ef4
2a0e1a0f
251708e5
18d61eeb
0ee80906
e2e92415
11052301
f03a1225
fde9f4fb
f41123f5
05f2d30f
fbe124e2
26fef913
1af0ee15
08f20efc
f1e1ef0b
15e7fe08
1e071510
1b0a06f2
02ea2409
f9ed0b0d
df071409
1e080505
00191a0c
f8e5f2f9
f4150ef9
0605d408
f2eb0cf5
180bf81e
0bfdf11e
01fe08fb
04dff614
0ee00d04
0afc0711
1603eeee
11f10c17
0500ff07
f1fa1105
0e020a02
fe111013
f6ebf1fc
f5fc02fa
edfde619
190d05f5
1c16f614
fff5f317
f907f5eb
eef2def3
0be90e0d
05ee18f7
0ef7dfe3
0dfd100b
130c1e17
f1f91211
08021c09
252a192d
f8eb0404
111af109
ed03d214
0dec30e7
1c30eae7
0cf4c7f5
fb14050b
00dccd03
3adc1a0f
1bf501f5
33faedde
14f61806
f4f02be5
bfda140b
03f60c02
1626f51e
07deeff8
f2302219
2f26dbe0
f2c900f3
220503f9
11ece90e
11fb2805
22ec0c32
0be7ec13
342100fb
f200fe20
10e72304
dfea1909
d8f0f8f9
11f5dcfa
1d19141d
1a1d07f6
fc13f6fc
f5f0041b
10ef16f7
1120ffe2
09f9ee09
f50b050d
f7f4f007
1a150b02
07fc0507
14e6d9fd
1eff1201
08f5150a
e9dcfc0c
fbf804fd
04101c15
ff13f8fc
f70904f3
f8ebf724
02ea11f3
130cf9f0
0af5e40f
fb16fc00
e1f8f1fc
19140301
04fb0524
16f4f7e5
16fa1507
1a011109
eaf80b17
07f00002
02112322
ee00e0fd
f6190c03
180af308
fbdfe9ec
0f0bf00c
1bf3fa21
fcf60afa
eae902f5
1bf2fc13
2212fc0e
f70a11fc
0af11c05
13fde004
e0fffffa
0b00ee09
0b161d1e
03f3f9fe
080500fb
f3effc16
06fceef1
12fae5e6
0df0fc0c
f4040d0d
dceef7fe
2efa090a
1505170f
10df03dc
0ef420ff
1e08ef0e
f7f311fd
fef719f2
190b1917
fef909f2
01f80afc
e8e40b19
090af9f5
02f9d9f9
01fd0012
f40102fd
ddf4ecf3
230201f1
04e90d05
12e9f0e1
0dfb16ee
25fb0aff
07f520f2
f0e522f7
071a21f9
f301faed
02fb00f6
0de30a26
031107dc
011ef406
19f5ee0d
0b011707
e3eee9e3
0d2b091d
f0e00d08
12f0eaee
060318ff
21f9fae5
fdef1701
08d729d2
f0150312
ebf2ee06
00fdfe04
151eec01
fbf20ae2
ff17051d
17ecf115
2bf826fc
08f5f3f6
ee1bf61c
13ffed09
fd0c0cf6
ebf51108
08e8de04
e7fff1f5
21f715dc
000e09ec
1908f6f9
f9ececec
12d70617
0d281de2
f91bf804
17faea22
0e071a1e
eeefebee
06370e1d
fadd171d
01e0d6f5
02201905
29f418ee
e3ec0c13
eceb25d9
010605f9
03f806fb
01080307
fef9faff
fcfb00fa
f8fefb06
ffff0104
02050606
02000100
00fcfc01
03080808
0808fd04
02ff0207
0408fcf8
06ff0703
040007fd
f8fbfb05
02faf8fa
0007fbfb
fb06fe03
00fdf904
fdf900fa
040800f8
fc020204
0606fa02
0602fdfb
04070500
0008fb08
ff03fb07
fefd0607
fff9fef8
fd070605
0200ff01
00ff08fa
fe0404ff
04fb0202
fbfb0406
0005f9fe
f904f903
02fafcf9
fafe08fd
f8070208
06fc0608
04000007
fefe0206
03f90503
08fbfb05
02fcff04
0802f900
00070305
050508fd
f8fff800
fdfbf900
05fcfb06
0002fff8
000508fd
ff01f8fc
08fcff02
fef903f9
f908f800
07fd0304
05fffa08
06070101
fb00fb08
